Servicing hardware INT=0x20
     0: v=20 e=0000 i=0 cpl=0 IP=0038:00000000bf095c3f pc=00000000bf095c3f SP=0030:00000000bfebbfa0 env->regs[R_EAX]=0000000000000008
RAX=0000000000000008 RBX=0000000000000008 RCX=00000000000000fe RDX=0000000000000000
RSI=0000000000000007 RDI=00000000bfebc0a8 RBP=00000000bfebc0b8 RSP=00000000bfebbfa0
R8 =0000000000000000 R9 =0000000000000000 R10=0000000000000000 R11=00000000bfebe390
R12=0000000000000000 R13=000000f800000800 R14=0000000800000000 R15=00000000bfebc6a8
RIP=00000000bf095c3f RFL=00000287 [--S--PC] CPL=0 II=0 A20=1 SMM=0 HLT=0
ES =0030 0000000000000000 ffffffff 00cf9300 DPL=0 DS   [-WA]
CS =0038 0000000000000000 ffffffff 00af9a00 DPL=0 CS64 [-R-]
SS =0030 0000000000000000 ffffffff 00cf9300 DPL=0 DS   [-WA]
DS =0030 0000000000000000 ffffffff 00cf9300 DPL=0 DS   [-WA]
FS =0030 0000000000000000 ffffffff 00cf9300 DPL=0 DS   [-WA]
GS =0030 0000000000000000 ffffffff 00cf9300 DPL=0 DS   [-WA]
LDT=0000 0000000000000000 0000ffff 00008200 DPL=0 LDT
TR =0000 0000000000000000 0000ffff 00008b00 DPL=0 TSS64-busy
GDT=     00000000bf9de000 00000047
IDT=     00000000bf4d2018 00000fff
CR0=80010033 CR2=0000000000000000 CR3=00000000bfc01000 CR4=00000660
DR0=0000000000000000 DR1=0000000000000000 DR2=0000000000000000 DR3=0000000000000000 
DR6=00000000ffff0ff0 DR7=0000000000000400
CCS=0000000000000085 CCD=00000000000004e8 CCO=EFLAGS
EFER=0000000000000d00
Servicing hardware INT=0x20
     1: v=20 e=0000 i=0 cpl=0 IP=0038:00000000bf08a37f pc=00000000bf08a37f SP=0030:00000000bfec21f0 env->regs[R_EAX]=0000000000265d34
RAX=0000000000265d34 RBX=0000000000000000 RCX=000000000000b008 RDX=000000000000b008
RSI=0000000000000000 RDI=00000000000c4500 RBP=0000000000000000 RSP=00000000bfec21f0
R8 =0000000000265bfb R9 =00000000bfec21d0 R10=0000000000000000 R11=0000000000000008
R12=000000000000b008 R13=00000000bf08ed15 R14=00000000bfec2620 R15=0000000000087041
RIP=00000000bf08a37f RFL=00000293 [--S-A-C] CPL=0 II=0 A20=1 SMM=0 HLT=0
ES =0030 0000000000000000 ffffffff 00cf9300 DPL=0 DS   [-WA]
CS =0038 0000000000000000 ffffffff 00af9a00 DPL=0 CS64 [-R-]
SS =0030 0000000000000000 ffffffff 00cf9300 DPL=0 DS   [-WA]
DS =0030 0000000000000000 ffffffff 00cf9300 DPL=0 DS   [-WA]
FS =0030 0000000000000000 ffffffff 00cf9300 DPL=0 DS   [-WA]
GS =0030 0000000000000000 ffffffff 00cf9300 DPL=0 DS   [-WA]
LDT=0000 0000000000000000 0000ffff 00008200 DPL=0 LDT
TR =0000 0000000000000000 0000ffff 00008b00 DPL=0 TSS64-busy
GDT=     00000000bf9de000 00000047
IDT=     00000000bf4d2018 00000fff
CR0=80010033 CR2=0000000000000000 CR3=00000000bfc01000 CR4=00000668
DR0=0000000000000000 DR1=0000000000000000 DR2=0000000000000000 DR3=0000000000000000 
DR6=00000000ffff0ff0 DR7=0000000000000400
CCS=0000000000000091 CCD=fffffffffffffffe CCO=EFLAGS
EFER=0000000000000d00
Servicing hardware INT=0x20
     2: v=20 e=0000 i=0 cpl=0 IP=0038:00000000bf4d760e pc=00000000bf4d760e SP=0030:00000000bfec2210 env->regs[R_EAX]=0000000000000010
RAX=0000000000000010 RBX=0000000b36a00000 RCX=0000000000000010 RDX=0000000000000027
RSI=0000000000000008 RDI=0000000000000005 RBP=0000000000000005 RSP=00000000bfec2210
R8 =0000000b36800083 R9 =00000000bf8e98f0 R10=0000000000000000 R11=0000000000000008
R12=0000000000000000 R13=0000000000000000 R14=00000000bfec2364 R15=00000000bf4dac00
RIP=00000000bf4d760e RFL=00000202 [-------] CPL=0 II=0 A20=1 SMM=0 HLT=0
ES =0030 0000000000000000 ffffffff 00cf9300 DPL=0 DS   [-WA]
CS =0038 0000000000000000 ffffffff 00af9a00 DPL=0 CS64 [-R-]
SS =0030 0000000000000000 ffffffff 00cf9300 DPL=0 DS   [-WA]
DS =0030 0000000000000000 ffffffff 00cf9300 DPL=0 DS   [-WA]
FS =0030 0000000000000000 ffffffff 00cf9300 DPL=0 DS   [-WA]
GS =0030 0000000000000000 ffffffff 00cf9300 DPL=0 DS   [-WA]
LDT=0000 0000000000000000 0000ffff 00008200 DPL=0 LDT
TR =0000 0000000000000000 0000ffff 00008b00 DPL=0 TSS64-busy
GDT=     00000000bf9de000 00000047
IDT=     00000000bf4d2018 00000fff
CR0=80000033 CR2=0000000000000000 CR3=00000000bfc01000 CR4=00000668
DR0=0000000000000000 DR1=0000000000000000 DR2=0000000000000000 DR3=0000000000000000 
DR6=00000000ffff0ff0 DR7=0000000000000400
CCS=0000000000000000 CCD=00000000bfec2208 CCO=EFLAGS
EFER=0000000000000d00
Servicing hardware INT=0x20
     3: v=20 e=0000 i=0 cpl=0 IP=0038:00000000bf089266 pc=00000000bf089266 SP=0030:00000000bfec2158 env->regs[R_EAX]=00000000bf09ce20
RAX=00000000bf09ce20 RBX=0000000000000010 RCX=00000000bf09ce20 RDX=00000000bf4f3618
RSI=00000000bf8e98f0 RDI=0000000000000001 RBP=00000000bfee3ec5 RSP=00000000bfec2158
R8 =000000000000001a R9 =00000000bf8e98f0 R10=0000000000000000 R11=0000000000000008
R12=00000000bfeeaba0 R13=0000000000000000 R14=0000000000000008 R15=00000000bf4dac00
RIP=00000000bf089266 RFL=00000206 [-----P-] CPL=0 II=0 A20=1 SMM=0 HLT=0
ES =0030 0000000000000000 ffffffff 00cf9300 DPL=0 DS   [-WA]
CS =0038 0000000000000000 ffffffff 00af9a00 DPL=0 CS64 [-R-]
SS =0030 0000000000000000 ffffffff 00cf9300 DPL=0 DS   [-WA]
DS =0030 0000000000000000 ffffffff 00cf9300 DPL=0 DS   [-WA]
FS =0030 0000000000000000 ffffffff 00cf9300 DPL=0 DS   [-WA]
GS =0030 0000000000000000 ffffffff 00cf9300 DPL=0 DS   [-WA]
LDT=0000 0000000000000000 0000ffff 00008200 DPL=0 LDT
TR =0000 0000000000000000 0000ffff 00008b00 DPL=0 TSS64-busy
GDT=     00000000bf9de000 00000047
IDT=     00000000bf4d2018 00000fff
CR0=80000033 CR2=0000000000000000 CR3=00000000bfc01000 CR4=00000668
DR0=0000000000000000 DR1=0000000000000000 DR2=0000000000000000 DR3=0000000000000000 
DR6=00000000ffff0ff0 DR7=0000000000000400
CCS=0000000000000004 CCD=00000000bfec2160 CCO=EFLAGS
EFER=0000000000000d00
Servicing hardware INT=0x20
     4: v=20 e=0000 i=0 cpl=0 IP=0038:00000000bf003c44 pc=00000000bf003c44 SP=0030:00000000bfec2c28 env->regs[R_EAX]=0000000000000001
RAX=0000000000000001 RBX=0000000000000001 RCX=00000000bf09ce20 RDX=00000000000002bf
RSI=0000000000000000 RDI=00000000bf063098 RBP=0000000000000000 RSP=00000000bfec2c28
R8 =a472b72fb8ed37b0 R9 =0000000000000108 R10=00000000bfee1e49 R11=0000000000000000
R12=0000000000000000 R13=0000000000000000 R14=00000000bfee8f80 R15=00000000bfee4d8a
RIP=00000000bf003c44 RFL=00000246 [---Z-P-] CPL=0 II=0 A20=1 SMM=0 HLT=0
ES =0030 0000000000000000 ffffffff 00cf9300 DPL=0 DS   [-WA]
CS =0038 0000000000000000 ffffffff 00af9a00 DPL=0 CS64 [-R-]
SS =0030 0000000000000000 ffffffff 00cf9300 DPL=0 DS   [-WA]
DS =0030 0000000000000000 ffffffff 00cf9300 DPL=0 DS   [-WA]
FS =0030 0000000000000000 ffffffff 00cf9300 DPL=0 DS   [-WA]
GS =0030 0000000000000000 ffffffff 00cf9300 DPL=0 DS   [-WA]
LDT=0000 0000000000000000 0000ffff 00008200 DPL=0 LDT
TR =0000 0000000000000000 0000ffff 00008b00 DPL=0 TSS64-busy
GDT=     00000000bf9de000 00000047
IDT=     00000000bf4d2018 00000fff
CR0=80010033 CR2=0000000000000000 CR3=00000000bfc01000 CR4=00000668
DR0=0000000000000000 DR1=0000000000000000 DR2=0000000000000000 DR3=0000000000000000 
DR6=00000000ffff0ff0 DR7=0000000000000400
CCS=0000000000000044 CCD=0000000000000000 CCO=EFLAGS
EFER=0000000000000d00
Servicing hardware INT=0x20
     5: v=20 e=0000 i=0 cpl=0 IP=0038:00000000bf041ad5 pc=00000000bf041ad5 SP=0030:00000000bfec2980 env->regs[R_EAX]=00000000bf030020
RAX=00000000bf030020 RBX=00000000bf02497d RCX=00000000bf02497d RDX=00000000bfec2a58
RSI=00000000bf023543 RDI=0000000000000000 RBP=00000000bfec2a58 RSP=00000000bfec2980
R8 =0000000000000000 R9 =0000000000000000 R10=00000000bfee1e49 R11=00000000bedb51c0
R12=00000000bf023543 R13=0000000000000000 R14=00000000bf023541 R15=0000000000000001
RIP=00000000bf041ad5 RFL=00000206 [-----P-] CPL=0 II=0 A20=1 SMM=0 HLT=0
ES =0030 0000000000000000 ffffffff 00cf9300 DPL=0 DS   [-WA]
CS =0038 0000000000000000 ffffffff 00af9a00 DPL=0 CS64 [-R-]
SS =0030 0000000000000000 ffffffff 00cf9300 DPL=0 DS   [-WA]
DS =0030 0000000000000000 ffffffff 00cf9300 DPL=0 DS   [-WA]
FS =0030 0000000000000000 ffffffff 00cf9300 DPL=0 DS   [-WA]
GS =0030 0000000000000000 ffffffff 00cf9300 DPL=0 DS   [-WA]
LDT=0000 0000000000000000 0000ffff 00008200 DPL=0 LDT
TR =0000 0000000000000000 0000ffff 00008b00 DPL=0 TSS64-busy
GDT=     00000000bf9de000 00000047
IDT=     00000000bf4d2018 00000fff
CR0=80010033 CR2=0000000000000000 CR3=00000000bfc01000 CR4=00000668
DR0=0000000000000000 DR1=0000000000000000 DR2=0000000000000000 DR3=0000000000000000 
DR6=00000000ffff0ff0 DR7=0000000000000400
CCS=0000000000000004 CCD=00000000bf02497d CCO=EFLAGS
EFER=0000000000000d00
Servicing hardware INT=0x20
     6: v=20 e=0000 i=0 cpl=0 IP=0038:00000000bfee01fc pc=00000000bfee01fc SP=0030:00000000bfec2b30 env->regs[R_EAX]=00000000000000af
RAX=00000000000000af RBX=0000000000005fff RCX=0000000000000000 RDX=00000000bed99000
RSI=00000000bed99000 RDI=00000000bed9f000 RBP=00000000bfbffc00 RSP=00000000bfec2b30
R8 =00000000000000af R9 =00000000bed9efff R10=00000000bfee1e49 R11=00000000bed9e3c0
R12=00000000bed99000 R13=0000000000000006 R14=00000000bed9f000 R15=0000000000000007
RIP=00000000bfee01fc RFL=00000202 [-------] CPL=0 II=0 A20=1 SMM=0 HLT=0
ES =0030 0000000000000000 ffffffff 00cf9300 DPL=0 DS   [-WA]
CS =0038 0000000000000000 ffffffff 00af9a00 DPL=0 CS64 [-R-]
SS =0030 0000000000000000 ffffffff 00cf9300 DPL=0 DS   [-WA]
DS =0030 0000000000000000 ffffffff 00cf9300 DPL=0 DS   [-WA]
FS =0030 0000000000000000 ffffffff 00cf9300 DPL=0 DS   [-WA]
GS =0030 0000000000000000 ffffffff 00cf9300 DPL=0 DS   [-WA]
LDT=0000 0000000000000000 0000ffff 00008200 DPL=0 LDT
TR =0000 0000000000000000 0000ffff 00008b00 DPL=0 TSS64-busy
GDT=     00000000bf9de000 00000047
IDT=     00000000bf4d2018 00000fff
CR0=80010033 CR2=0000000000000000 CR3=00000000bfc01000 CR4=00000668
DR0=0000000000000000 DR1=0000000000000000 DR2=0000000000000000 DR3=0000000000000000 
DR6=00000000ffff0ff0 DR7=0000000000000400
CCS=0000000000000000 CCD=00000000bfec2b20 CCO=EFLAGS
EFER=0000000000000d00
Servicing hardware INT=0x20
     7: v=20 e=0000 i=0 cpl=0 IP=0038:00000000bfed5c95 pc=00000000bfed5c95 SP=0030:00000000bfec2b30 env->regs[R_EAX]=9651c2fc438fea87
RAX=9651c2fc438fea87 RBX=00000000bfee8fb0 RCX=00000000bfee8fb8 RDX=49c7c83113fa7698
RSI=00000000000000b8 RDI=0000000000000006 RBP=0000000000000010 RSP=00000000bfec2b30
R8 =0000000000000006 R9 =00000000000000b8 R10=00000000bfabc158 R11=000000000000000c
R12=00000000bf9aced0 R13=00000000bfab7110 R14=0000000000000000 R15=00000000bf9ace98
RIP=00000000bfed5c95 RFL=00000202 [-------] CPL=0 II=0 A20=1 SMM=0 HLT=0
ES =0030 0000000000000000 ffffffff 00cf9300 DPL=0 DS   [-WA]
CS =0038 0000000000000000 ffffffff 00af9a00 DPL=0 CS64 [-R-]
SS =0030 0000000000000000 ffffffff 00cf9300 DPL=0 DS   [-WA]
DS =0030 0000000000000000 ffffffff 00cf9300 DPL=0 DS   [-WA]
FS =0030 0000000000000000 ffffffff 00cf9300 DPL=0 DS   [-WA]
GS =0030 0000000000000000 ffffffff 00cf9300 DPL=0 DS   [-WA]
LDT=0000 0000000000000000 0000ffff 00008200 DPL=0 LDT
TR =0000 0000000000000000 0000ffff 00008b00 DPL=0 TSS64-busy
GDT=     00000000bf9de000 00000047
IDT=     00000000bf4d2018 00000fff
CR0=80010033 CR2=0000000000000000 CR3=00000000bfc01000 CR4=00000668
DR0=0000000000000000 DR1=0000000000000000 DR2=0000000000000000 DR3=0000000000000000 
DR6=00000000ffff0ff0 DR7=0000000000000400
CCS=0000000000000000 CCD=00000000bfec2b20 CCO=EFLAGS
EFER=0000000000000d00
Servicing hardware INT=0x20
     8: v=20 e=0000 i=0 cpl=0 IP=0038:00000000bfae8c5a pc=00000000bfae8c5a SP=0030:00000000bfec2930 env->regs[R_EAX]=0000000000000000
RAX=0000000000000000 RBX=00000000ffe091ae RCX=0000000000000101 RDX=ffffffffffffffff
RSI=00000000000000ff RDI=00000000ffe091ae RBP=00000000000000ff RSP=00000000bfec2930
R8 =00000000000001ae R9 =00000000bfec29f8 R10=00000000ffe091af R11=0000000000000004
R12=00000000ffe091af R13=0000000000000001 R14=00000000bfec29f8 R15=0000000000000009
RIP=00000000bfae8c5a RFL=00000246 [---Z-P-] CPL=0 II=0 A20=1 SMM=0 HLT=0
ES =0030 0000000000000000 ffffffff 00cf9300 DPL=0 DS   [-WA]
CS =0038 0000000000000000 ffffffff 00af9a00 DPL=0 CS64 [-R-]
SS =0030 0000000000000000 ffffffff 00cf9300 DPL=0 DS   [-WA]
DS =0030 0000000000000000 ffffffff 00cf9300 DPL=0 DS   [-WA]
FS =0030 0000000000000000 ffffffff 00cf9300 DPL=0 DS   [-WA]
GS =0030 0000000000000000 ffffffff 00cf9300 DPL=0 DS   [-WA]
LDT=0000 0000000000000000 0000ffff 00008200 DPL=0 LDT
TR =0000 0000000000000000 0000ffff 00008b00 DPL=0 TSS64-busy
GDT=     00000000bf9de000 00000047
IDT=     00000000bf4d2018 00000fff
CR0=80010033 CR2=0000000000000000 CR3=00000000bfc01000 CR4=00000668
DR0=0000000000000000 DR1=0000000000000000 DR2=0000000000000000 DR3=0000000000000000 
DR6=00000000ffff0ff0 DR7=0000000000000400
CCS=0000000000000044 CCD=0000000000000000 CCO=EFLAGS
EFER=0000000000000d00
Servicing hardware INT=0x20
     9: v=20 e=0000 i=0 cpl=0 IP=0038:00000000bed79dc8 pc=00000000bed79dc8 SP=0030:00000000bfec2c30 env->regs[R_EAX]=0000000090002801
RAX=0000000090002801 RBX=0000000000000002 RCX=00000000bf9eecd0 RDX=00000000bf9eec01
RSI=00000000bf9ee018 RDI=0000000000000030 RBP=00000000bed7cb70 RSP=00000000bfec2c30
R8 =4dc13f2790003a9a R9 =0000000000000108 R10=00000000bfee1e49 R11=00000000bed7e1c0
R12=0000000000000000 R13=00000000bf9ee018 R14=00000000bede9318 R15=00000000bfee4d8a
RIP=00000000bed79dc8 RFL=00000202 [-------] CPL=0 II=0 A20=1 SMM=0 HLT=0
ES =0030 0000000000000000 ffffffff 00cf9300 DPL=0 DS   [-WA]
CS =0038 0000000000000000 ffffffff 00af9a00 DPL=0 CS64 [-R-]
SS =0030 0000000000000000 ffffffff 00cf9300 DPL=0 DS   [-WA]
DS =0030 0000000000000000 ffffffff 00cf9300 DPL=0 DS   [-WA]
FS =0030 0000000000000000 ffffffff 00cf9300 DPL=0 DS   [-WA]
GS =0030 0000000000000000 ffffffff 00cf9300 DPL=0 DS   [-WA]
LDT=0000 0000000000000000 0000ffff 00008200 DPL=0 LDT
TR =0000 0000000000000000 0000ffff 00008b00 DPL=0 TSS64-busy
GDT=     00000000bf9de000 00000047
IDT=     00000000bf4d2018 00000fff
CR0=80010033 CR2=0000000000000000 CR3=00000000bfc01000 CR4=00000668
DR0=0000000000000000 DR1=0000000000000000 DR2=0000000000000000 DR3=0000000000000000 
DR6=00000000ffff0ff0 DR7=0000000000000400
CCS=0000000000000000 CCD=0000000090002801 CCO=EFLAGS
EFER=0000000000000d00
Servicing hardware INT=0x20
    10: v=20 e=0000 i=0 cpl=0 IP=0038:00000000bf041ab0 pc=00000000bf041ab0 SP=0030:00000000bfec2978 env->regs[R_EAX]=00000000bf03006f
RAX=00000000bf03006f RBX=0000000000000014 RCX=00000000bed93130 RDX=00000000bfec2a28
RSI=00000000bed9311e RDI=0000000000000000 RBP=00000000bfec2a28 RSP=00000000bfec2978
R8 =00000000bfec2ab8 R9 =00000000bfec2ab0 R10=00000000bfee1e49 R11=00000000bede8698
R12=00000000bed9311e R13=0000000000000000 R14=00000000bed9311c R15=0000000000000001
RIP=00000000bf041ab0 RFL=00000202 [-------] CPL=0 II=0 A20=1 SMM=0 HLT=0
ES =0030 0000000000000000 ffffffff 00cf9300 DPL=0 DS   [-WA]
CS =0038 0000000000000000 ffffffff 00af9a00 DPL=0 CS64 [-R-]
SS =0030 0000000000000000 ffffffff 00cf9300 DPL=0 DS   [-WA]
DS =0030 0000000000000000 ffffffff 00cf9300 DPL=0 DS   [-WA]
FS =0030 0000000000000000 ffffffff 00cf9300 DPL=0 DS   [-WA]
GS =0030 0000000000000000 ffffffff 00cf9300 DPL=0 DS   [-WA]
LDT=0000 0000000000000000 0000ffff 00008200 DPL=0 LDT
TR =0000 0000000000000000 0000ffff 00008b00 DPL=0 TSS64-busy
GDT=     00000000bf9de000 00000047
IDT=     00000000bf4d2018 00000fff
CR0=80010033 CR2=0000000000000000 CR3=00000000bfc01000 CR4=00000668
DR0=0000000000000000 DR1=0000000000000000 DR2=0000000000000000 DR3=0000000000000000 
DR6=00000000ffff0ff0 DR7=0000000000000400
CCS=0000000000000000 CCD=00000000bfec2980 CCO=EFLAGS
EFER=0000000000000d00
Servicing hardware INT=0x20
    11: v=20 e=0000 i=0 cpl=0 IP=0038:00000000bed4b7ca pc=00000000bed4b7ca SP=0030:00000000bfec2cc8 env->regs[R_EAX]=00000000bed8a018
RAX=00000000bed8a018 RBX=00000000bed8a018 RCX=00000000bed88018 RDX=00000000bf9ee018
RSI=0000000000000007 RDI=00000000bed8a018 RBP=0000000000000000 RSP=00000000bfec2cc8
R8 =00000000bfee5202 R9 =0000000000000108 R10=00000000bfee1e49 R11=0000000000000000
R12=0000000000000000 R13=0000000000000000 R14=00000000bfee8f80 R15=00000000bfee4d8a
RIP=00000000bed4b7ca RFL=00000202 [-------] CPL=0 II=0 A20=1 SMM=0 HLT=0
ES =0030 0000000000000000 ffffffff 00cf9300 DPL=0 DS   [-WA]
CS =0038 0000000000000000 ffffffff 00af9a00 DPL=0 CS64 [-R-]
SS =0030 0000000000000000 ffffffff 00cf9300 DPL=0 DS   [-WA]
DS =0030 0000000000000000 ffffffff 00cf9300 DPL=0 DS   [-WA]
FS =0030 0000000000000000 ffffffff 00cf9300 DPL=0 DS   [-WA]
GS =0030 0000000000000000 ffffffff 00cf9300 DPL=0 DS   [-WA]
LDT=0000 0000000000000000 0000ffff 00008200 DPL=0 LDT
TR =0000 0000000000000000 0000ffff 00008b00 DPL=0 TSS64-busy
GDT=     00000000bf9de000 00000047
IDT=     00000000bf4d2018 00000fff
CR0=80010033 CR2=0000000000000000 CR3=00000000bfc01000 CR4=00000668
DR0=0000000000000000 DR1=0000000000000000 DR2=0000000000000000 DR3=0000000000000000 
DR6=00000000ffff0ff0 DR7=0000000000000400
CCS=0000000000000000 CCD=0000000000000001 CCO=EFLAGS
EFER=0000000000000d00
Servicing hardware INT=0x20
    12: v=20 e=0000 i=0 cpl=0 IP=0038:00000000bed039ec pc=00000000bed039ec SP=0030:00000000bfec2c70 env->regs[R_EAX]=0000000000000000
RAX=0000000000000000 RBX=0000000000000000 RCX=00000000bf09ce20 RDX=0000000000000471
RSI=0000000000000007 RDI=00000000bed21418 RBP=0000000000000000 RSP=00000000bfec2c70
R8 =2009c489aaeba2b2 R9 =0000000000000108 R10=00000000bfee1e49 R11=0000000000000010
R12=00000000bf9ee018 R13=00000000bed21318 R14=00000000bfee8f80 R15=00000000bfee4d8a
RIP=00000000bed039ec RFL=00000246 [---Z-P-] CPL=0 II=0 A20=1 SMM=0 HLT=0
ES =0030 0000000000000000 ffffffff 00cf9300 DPL=0 DS   [-WA]
CS =0038 0000000000000000 ffffffff 00af9a00 DPL=0 CS64 [-R-]
SS =0030 0000000000000000 ffffffff 00cf9300 DPL=0 DS   [-WA]
DS =0030 0000000000000000 ffffffff 00cf9300 DPL=0 DS   [-WA]
FS =0030 0000000000000000 ffffffff 00cf9300 DPL=0 DS   [-WA]
GS =0030 0000000000000000 ffffffff 00cf9300 DPL=0 DS   [-WA]
LDT=0000 0000000000000000 0000ffff 00008200 DPL=0 LDT
TR =0000 0000000000000000 0000ffff 00008b00 DPL=0 TSS64-busy
GDT=     00000000bf9de000 00000047
IDT=     00000000bf4d2018 00000fff
CR0=80010033 CR2=0000000000000000 CR3=00000000bfc01000 CR4=00000668
DR0=0000000000000000 DR1=0000000000000000 DR2=0000000000000000 DR3=0000000000000000 
DR6=00000000ffff0ff0 DR7=0000000000000400
CCS=0000000000000044 CCD=0000000000000000 CCO=EFLAGS
EFER=0000000000000d00
Servicing hardware INT=0x20
    13: v=20 e=0000 i=0 cpl=0 IP=0038:00000000becfc227 pc=00000000becfc227 SP=0030:00000000bfec2b50 env->regs[R_EAX]=0000000000000000
RAX=0000000000000000 RBX=00000000bfec2ba0 RCX=0000000000000000 RDX=0000000000000518
RSI=0000000000000000 RDI=00000000becfda90 RBP=00000000becfd950 RSP=00000000bfec2b50
R8 =000000000000001a R9 =0000000000000518 R10=00000000bfabb500 R11=000000000000000a
R12=0000000000000000 R13=0000000000000000 R14=0000000000000004 R15=00000000becfe660
RIP=00000000becfc227 RFL=00000246 [---Z-P-] CPL=0 II=0 A20=1 SMM=0 HLT=0
ES =0030 0000000000000000 ffffffff 00cf9300 DPL=0 DS   [-WA]
CS =0038 0000000000000000 ffffffff 00af9a00 DPL=0 CS64 [-R-]
SS =0030 0000000000000000 ffffffff 00cf9300 DPL=0 DS   [-WA]
DS =0030 0000000000000000 ffffffff 00cf9300 DPL=0 DS   [-WA]
FS =0030 0000000000000000 ffffffff 00cf9300 DPL=0 DS   [-WA]
GS =0030 0000000000000000 ffffffff 00cf9300 DPL=0 DS   [-WA]
LDT=0000 0000000000000000 0000ffff 00008200 DPL=0 LDT
TR =0000 0000000000000000 0000ffff 00008b00 DPL=0 TSS64-busy
GDT=     00000000bf9de000 00000047
IDT=     00000000bf4d2018 00000fff
CR0=80010033 CR2=0000000000000000 CR3=00000000bfc01000 CR4=00000668
DR0=0000000000000000 DR1=0000000000000000 DR2=0000000000000000 DR3=0000000000000000 
DR6=00000000ffff0ff0 DR7=0000000000000400
CCS=0000000000000044 CCD=0000000000000000 CCO=EFLAGS
EFER=0000000000000d00
Servicing hardware INT=0x20
    14: v=20 e=0000 i=0 cpl=0 IP=0038:00000000bfed587b pc=00000000bfed587b SP=0030:00000000bfec2960 env->regs[R_EAX]=0000000000000001
RAX=0000000000000001 RBX=00000000bed0af88 RCX=00000000bfeea018 RDX=00000000bed0af88
RSI=0000000000000000 RDI=0000000000001000 RBP=00000000bed0af80 RSP=00000000bfec2960
R8 =00000000000000af R9 =0000000000000030 R10=00000000bfec2a88 R11=000000000000000a
R12=00000000bfeea018 R13=0000000000000000 R14=0000000000000000 R15=00000000bed0af98
RIP=00000000bfed587b RFL=00000206 [-----P-] CPL=0 II=0 A20=1 SMM=0 HLT=0
ES =0030 0000000000000000 ffffffff 00cf9300 DPL=0 DS   [-WA]
CS =0038 0000000000000000 ffffffff 00af9a00 DPL=0 CS64 [-R-]
SS =0030 0000000000000000 ffffffff 00cf9300 DPL=0 DS   [-WA]
DS =0030 0000000000000000 ffffffff 00cf9300 DPL=0 DS   [-WA]
FS =0030 0000000000000000 ffffffff 00cf9300 DPL=0 DS   [-WA]
GS =0030 0000000000000000 ffffffff 00cf9300 DPL=0 DS   [-WA]
LDT=0000 0000000000000000 0000ffff 00008200 DPL=0 LDT
TR =0000 0000000000000000 0000ffff 00008b00 DPL=0 TSS64-busy
GDT=     00000000bf9de000 00000047
IDT=     00000000bf4d2018 00000fff
CR0=80010033 CR2=0000000000000000 CR3=00000000bfc01000 CR4=00000668
DR0=0000000000000000 DR1=0000000000000000 DR2=0000000000000000 DR3=0000000000000000 
DR6=00000000ffff0ff0 DR7=0000000000000400
CCS=0000000000000004 CCD=00000000bfec2950 CCO=EFLAGS
EFER=0000000000000d00
Servicing hardware INT=0x20
    15: v=20 e=0000 i=0 cpl=0 IP=0038:00000000bfec43e7 pc=00000000bfec43e7 SP=0030:00000000bfec29a0 env->regs[R_EAX]=0000000000000000
RAX=0000000000000000 RBX=00000000bfee8a60 RCX=00000000bfee8a60 RDX=00000000bf8044a0
RSI=00000000bfec2a70 RDI=00000000bf75a518 RBP=00000000bf75a518 RSP=00000000bfec29a0
R8 =00000000bf804400 R9 =00000000bf71f030 R10=00000000bf71f018 R11=000000000000000a
R12=00000000bfec2a70 R13=00000000bfee1cc0 R14=00000000bfee211f R15=00000000bf8044a0
RIP=00000000bfec43e7 RFL=00000206 [-----P-] CPL=0 II=0 A20=1 SMM=0 HLT=0
ES =0030 0000000000000000 ffffffff 00cf9300 DPL=0 DS   [-WA]
CS =0038 0000000000000000 ffffffff 00af9a00 DPL=0 CS64 [-R-]
SS =0030 0000000000000000 ffffffff 00cf9300 DPL=0 DS   [-WA]
DS =0030 0000000000000000 ffffffff 00cf9300 DPL=0 DS   [-WA]
FS =0030 0000000000000000 ffffffff 00cf9300 DPL=0 DS   [-WA]
GS =0030 0000000000000000 ffffffff 00cf9300 DPL=0 DS   [-WA]
LDT=0000 0000000000000000 0000ffff 00008200 DPL=0 LDT
TR =0000 0000000000000000 0000ffff 00008b00 DPL=0 TSS64-busy
GDT=     00000000bf9de000 00000047
IDT=     00000000bf4d2018 00000fff
CR0=80010033 CR2=0000000000000000 CR3=00000000bfc01000 CR4=00000668
DR0=0000000000000000 DR1=0000000000000000 DR2=0000000000000000 DR3=0000000000000000 
DR6=00000000ffff0ff0 DR7=0000000000000400
CCS=0000000000000004 CCD=00000000bfec2988 CCO=EFLAGS
EFER=0000000000000d00
Servicing hardware INT=0x20
    16: v=20 e=0000 i=0 cpl=0 IP=0038:00000000bec58733 pc=00000000bec58733 SP=0030:00000000bfec2c60 env->regs[R_EAX]=0000000000000000
RAX=0000000000000000 RBX=00000000bece4998 RCX=00000000bf09ce20 RDX=00000000000005e5
RSI=0000000000000000 RDI=00000000bece4098 RBP=0000000000000000 RSP=00000000bfec2c60
R8 =2443085ad67ee797 R9 =0000000000000108 R10=00000000bfee1e49 R11=000000000000000a
R12=0000000000000000 R13=0000000000000000 R14=00000000bfee8f80 R15=00000000bfee4d8a
RIP=00000000bec58733 RFL=00000206 [-----P-] CPL=0 II=0 A20=1 SMM=0 HLT=0
ES =0030 0000000000000000 ffffffff 00cf9300 DPL=0 DS   [-WA]
CS =0038 0000000000000000 ffffffff 00af9a00 DPL=0 CS64 [-R-]
SS =0030 0000000000000000 ffffffff 00cf9300 DPL=0 DS   [-WA]
DS =0030 0000000000000000 ffffffff 00cf9300 DPL=0 DS   [-WA]
FS =0030 0000000000000000 ffffffff 00cf9300 DPL=0 DS   [-WA]
GS =0030 0000000000000000 ffffffff 00cf9300 DPL=0 DS   [-WA]
LDT=0000 0000000000000000 0000ffff 00008200 DPL=0 LDT
TR =0000 0000000000000000 0000ffff 00008b00 DPL=0 TSS64-busy
GDT=     00000000bf9de000 00000047
IDT=     00000000bf4d2018 00000fff
CR0=80010033 CR2=0000000000000000 CR3=00000000bfc01000 CR4=00000668
DR0=0000000000000000 DR1=0000000000000000 DR2=0000000000000000 DR3=0000000000000000 
DR6=00000000ffff0ff0 DR7=0000000000000400
CCS=0000000000000004 CCD=00000000bfec2c28 CCO=EFLAGS
EFER=0000000000000d00
Servicing hardware INT=0x20
    17: v=20 e=0000 i=0 cpl=0 IP=0038:00000000bfee0238 pc=00000000bfee0238 SP=0030:00000000bfec2a98 env->regs[R_EAX]=00000000bebf7000
RAX=00000000bebf7000 RBX=00000000bec03018 RCX=0000000000000000 RDX=00000000bec03018
RSI=00000000bec03258 RDI=00000000bebf7240 RBP=00000000becb6d88 RSP=00000000bfec2a98
R8 =0000000000000000 R9 =00000000bec03257 R10=0000000000000003 R11=000000000000000a
R12=00000000bebf7000 R13=0000000000000000 R14=00000000becb6c98 R15=00000000becb6f30
RIP=00000000bfee0238 RFL=00000206 [-----P-] CPL=0 II=0 A20=1 SMM=0 HLT=0
ES =0030 0000000000000000 ffffffff 00cf9300 DPL=0 DS   [-WA]
CS =0038 0000000000000000 ffffffff 00af9a00 DPL=0 CS64 [-R-]
SS =0030 0000000000000000 ffffffff 00cf9300 DPL=0 DS   [-WA]
DS =0030 0000000000000000 ffffffff 00cf9300 DPL=0 DS   [-WA]
FS =0030 0000000000000000 ffffffff 00cf9300 DPL=0 DS   [-WA]
GS =0030 0000000000000000 ffffffff 00cf9300 DPL=0 DS   [-WA]
LDT=0000 0000000000000000 0000ffff 00008200 DPL=0 LDT
TR =0000 0000000000000000 0000ffff 00008b00 DPL=0 TSS64-busy
GDT=     00000000bf9de000 00000047
IDT=     00000000bf4d2018 00000fff
CR0=80010033 CR2=0000000000000000 CR3=00000000bfc01000 CR4=00000668
DR0=0000000000000000 DR1=0000000000000000 DR2=0000000000000000 DR3=0000000000000000 
DR6=00000000ffff0ff0 DR7=0000000000000400
CCS=0000000000000004 CCD=0000000000000048 CCO=EFLAGS
EFER=0000000000000d00
Servicing hardware INT=0x20
    18: v=20 e=0000 i=0 cpl=0 IP=0038:00000000bfed5bf7 pc=00000000bfed5bf7 SP=0030:00000000bfec27e0 env->regs[R_EAX]=4c0eae5fad61f191
RAX=4c0eae5fad61f191 RBX=00000000bfee8660 RCX=00000000bf4c9d30 RDX=00000000bfee8660
RSI=00000000bf4c9d30 RDI=00000000bfee8660 RBP=00000000bfee1cc0 RSP=00000000bfec27e0
R8 =719f1e26090cc0a5 R9 =00000000bfec2a10 R10=00000000bfee7918 R11=00000000beb98f80
R12=00000000bf4c9d20 R13=00000000bfee8660 R14=00000000bf4c9d18 R15=00000000bfee1e49
RIP=00000000bfed5bf7 RFL=00000202 [-------] CPL=0 II=0 A20=1 SMM=0 HLT=0
ES =0030 0000000000000000 ffffffff 00cf9300 DPL=0 DS   [-WA]
CS =0038 0000000000000000 ffffffff 00af9a00 DPL=0 CS64 [-R-]
SS =0030 0000000000000000 ffffffff 00cf9300 DPL=0 DS   [-WA]
DS =0030 0000000000000000 ffffffff 00cf9300 DPL=0 DS   [-WA]
FS =0030 0000000000000000 ffffffff 00cf9300 DPL=0 DS   [-WA]
GS =0030 0000000000000000 ffffffff 00cf9300 DPL=0 DS   [-WA]
LDT=0000 0000000000000000 0000ffff 00008200 DPL=0 LDT
TR =0000 0000000000000000 0000ffff 00008b00 DPL=0 TSS64-busy
GDT=     00000000bf9de000 00000047
IDT=     00000000bf4d2018 00000fff
CR0=80010033 CR2=0000000000000000 CR3=00000000bfc01000 CR4=00000668
DR0=0000000000000000 DR1=0000000000000000 DR2=0000000000000000 DR3=0000000000000000 
DR6=00000000ffff0ff0 DR7=0000000000000400
CCS=0000000000000000 CCD=00000000bfec27d0 CCO=EFLAGS
EFER=0000000000000d00
Servicing hardware INT=0x20
    19: v=20 e=0000 i=0 cpl=0 IP=0038:00000000beb5b273 pc=00000000beb5b273 SP=0030:00000000bfec2bb0 env->regs[R_EAX]=11d493d77739f24c
RAX=11d493d77739f24c RBX=00000000bf9eec98 RCX=00000000beb6ad10 RDX=00000000bf9eec98
RSI=00000000beb6ad10 RDI=00000000bf9ee018 RBP=00000000beb6ad10 RSP=00000000bfec2bb0
R8 =a472b72fb8ed37b0 R9 =0000000000000108 R10=00000000bfee1e49 R11=0000000000000000
R12=0000000000000000 R13=00000000becb1a18 R14=00000000bf9ee018 R15=00000000bfee4d8a
RIP=00000000beb5b273 RFL=00000206 [-----P-] CPL=0 II=0 A20=1 SMM=0 HLT=0
ES =0030 0000000000000000 ffffffff 00cf9300 DPL=0 DS   [-WA]
CS =0038 0000000000000000 ffffffff 00af9a00 DPL=0 CS64 [-R-]
SS =0030 0000000000000000 ffffffff 00cf9300 DPL=0 DS   [-WA]
DS =0030 0000000000000000 ffffffff 00cf9300 DPL=0 DS   [-WA]
FS =0030 0000000000000000 ffffffff 00cf9300 DPL=0 DS   [-WA]
GS =0030 0000000000000000 ffffffff 00cf9300 DPL=0 DS   [-WA]
LDT=0000 0000000000000000 0000ffff 00008200 DPL=0 LDT
TR =0000 0000000000000000 0000ffff 00008b00 DPL=0 TSS64-busy
GDT=     00000000bf9de000 00000047
IDT=     00000000bf4d2018 00000fff
CR0=80010033 CR2=0000000000000000 CR3=00000000bfc01000 CR4=00000668
DR0=0000000000000000 DR1=0000000000000000 DR2=0000000000000000 DR3=0000000000000000 
DR6=00000000ffff0ff0 DR7=0000000000000400
CCS=0000000000000004 CCD=00000000bfec2ba0 CCO=EFLAGS
EFER=0000000000000d00
Servicing hardware INT=0x20
    20: v=20 e=0000 i=0 cpl=0 IP=0038:00000000bfed5f85 pc=00000000bfed5f85 SP=0030:00000000bfec2708 env->regs[R_EAX]=0000000000000000
RAX=0000000000000000 RBX=00000000bed89380 RCX=00000000bed89380 RDX=00000000bfeeadc0
RSI=00000000bec04000 RDI=00000000bfbff840 RBP=00000000bfee95c0 RSP=00000000bfec2708
R8 =0000000000000040 R9 =00000000bec05fff R10=0000000000000001 R11=0000000000000001
R12=00000000bfeeadc0 R13=00000000bfee95a0 R14=00000000bed89388 R15=00000000bfee1cc0
RIP=00000000bfed5f85 RFL=00000246 [---Z-P-] CPL=0 II=0 A20=1 SMM=0 HLT=0
ES =0030 0000000000000000 ffffffff 00cf9300 DPL=0 DS   [-WA]
CS =0038 0000000000000000 ffffffff 00af9a00 DPL=0 CS64 [-R-]
SS =0030 0000000000000000 ffffffff 00cf9300 DPL=0 DS   [-WA]
DS =0030 0000000000000000 ffffffff 00cf9300 DPL=0 DS   [-WA]
FS =0030 0000000000000000 ffffffff 00cf9300 DPL=0 DS   [-WA]
GS =0030 0000000000000000 ffffffff 00cf9300 DPL=0 DS   [-WA]
LDT=0000 0000000000000000 0000ffff 00008200 DPL=0 LDT
TR =0000 0000000000000000 0000ffff 00008b00 DPL=0 TSS64-busy
GDT=     00000000bf9de000 00000047
IDT=     00000000bf4d2018 00000fff
CR0=80010033 CR2=0000000000000000 CR3=00000000bfc01000 CR4=00000668
DR0=0000000000000000 DR1=0000000000000000 DR2=0000000000000000 DR3=0000000000000000 
DR6=00000000ffff0ff0 DR7=0000000000000400
CCS=0000000000000044 CCD=0000000000000000 CCO=EFLAGS
EFER=0000000000000d00
Servicing hardware INT=0x20
    21: v=20 e=0000 i=0 cpl=0 IP=0038:00000000bfed5a34 pc=00000000bfed5a34 SP=0030:00000000bfec2770 env->regs[R_EAX]=0000000000000000
RAX=0000000000000000 RBX=00000000bfeeadc8 RCX=00000000bfeeadc8 RDX=00000000bfee95c0
RSI=00000000bebf5000 RDI=00000000bfbff840 RBP=00000000bfee95c0 RSP=00000000bfec2770
R8 =00000000000000af R9 =00000000bebf6fff R10=0000000000000001 R11=0000000000000001
R12=00000000bfeeadc0 R13=00000000bfee95a0 R14=00000000bfbff488 R15=00000000bfee1cc0
RIP=00000000bfed5a34 RFL=00000206 [-----P-] CPL=0 II=0 A20=1 SMM=0 HLT=0
ES =0030 0000000000000000 ffffffff 00cf9300 DPL=0 DS   [-WA]
CS =0038 0000000000000000 ffffffff 00af9a00 DPL=0 CS64 [-R-]
SS =0030 0000000000000000 ffffffff 00cf9300 DPL=0 DS   [-WA]
DS =0030 0000000000000000 ffffffff 00cf9300 DPL=0 DS   [-WA]
FS =0030 0000000000000000 ffffffff 00cf9300 DPL=0 DS   [-WA]
GS =0030 0000000000000000 ffffffff 00cf9300 DPL=0 DS   [-WA]
LDT=0000 0000000000000000 0000ffff 00008200 DPL=0 LDT
TR =0000 0000000000000000 0000ffff 00008b00 DPL=0 TSS64-busy
GDT=     00000000bf9de000 00000047
IDT=     00000000bf4d2018 00000fff
CR0=80010033 CR2=0000000000000000 CR3=00000000bfc01000 CR4=00000668
DR0=0000000000000000 DR1=0000000000000000 DR2=0000000000000000 DR3=0000000000000000 
DR6=00000000ffff0ff0 DR7=0000000000000400
CCS=0000000000000004 CCD=00000000bfec2760 CCO=EFLAGS
EFER=0000000000000d00
Servicing hardware INT=0x20
    22: v=20 e=0000 i=0 cpl=0 IP=0038:00000000bf041ab0 pc=00000000bf041ab0 SP=0030:00000000bfec2898 env->regs[R_EAX]=00000000bf030074
RAX=00000000bf030074 RBX=0000000000000018 RCX=00000000becaea11 RDX=00000000bfec2948
RSI=00000000becae9fb RDI=0000000000000000 RBP=00000000bfec2948 RSP=00000000bfec2898
R8 =0000000000000002 R9 =00000000becae121 R10=0000000000000001 R11=0000000000000001
R12=00000000becae9fb R13=0000000000000000 R14=00000000becae9f9 R15=0000000000000001
RIP=00000000bf041ab0 RFL=00000206 [-----P-] CPL=0 II=0 A20=1 SMM=0 HLT=0
ES =0030 0000000000000000 ffffffff 00cf9300 DPL=0 DS   [-WA]
CS =0038 0000000000000000 ffffffff 00af9a00 DPL=0 CS64 [-R-]
SS =0030 0000000000000000 ffffffff 00cf9300 DPL=0 DS   [-WA]
DS =0030 0000000000000000 ffffffff 00cf9300 DPL=0 DS   [-WA]
FS =0030 0000000000000000 ffffffff 00cf9300 DPL=0 DS   [-WA]
GS =0030 0000000000000000 ffffffff 00cf9300 DPL=0 DS   [-WA]
LDT=0000 0000000000000000 0000ffff 00008200 DPL=0 LDT
TR =0000 0000000000000000 0000ffff 00008b00 DPL=0 TSS64-busy
GDT=     00000000bf9de000 00000047
IDT=     00000000bf4d2018 00000fff
CR0=80010033 CR2=0000000000000000 CR3=00000000bfc01000 CR4=00000668
DR0=0000000000000000 DR1=0000000000000000 DR2=0000000000000000 DR3=0000000000000000 
DR6=00000000ffff0ff0 DR7=0000000000000400
CCS=0000000000000004 CCD=00000000bfec28a0 CCO=EFLAGS
EFER=0000000000000d00
Servicing hardware INT=0x20
    23: v=20 e=0000 i=0 cpl=0 IP=0038:00000000bfee01fc pc=00000000bfee01fc SP=0030:00000000bfec2800 env->regs[R_EAX]=00000000000000af
RAX=00000000000000af RBX=0000000000002b10 RCX=0000000000000000 RDX=00000000bebf2018
RSI=00000000bebf2000 RDI=00000000bebf4b28 RBP=0000000000002b38 RSP=00000000bfec2800
R8 =00000000000000af R9 =0000000000003000 R10=0000000000000001 R11=0000000000000001
R12=00000000bebf2018 R13=0000000000000000 R14=00000000bebf2000 R15=00000000bfeea000
RIP=00000000bfee01fc RFL=00000206 [-----P-] CPL=0 II=0 A20=1 SMM=0 HLT=0
ES =0030 0000000000000000 ffffffff 00cf9300 DPL=0 DS   [-WA]
CS =0038 0000000000000000 ffffffff 00af9a00 DPL=0 CS64 [-R-]
SS =0030 0000000000000000 ffffffff 00cf9300 DPL=0 DS   [-WA]
DS =0030 0000000000000000 ffffffff 00cf9300 DPL=0 DS   [-WA]
FS =0030 0000000000000000 ffffffff 00cf9300 DPL=0 DS   [-WA]
GS =0030 0000000000000000 ffffffff 00cf9300 DPL=0 DS   [-WA]
LDT=0000 0000000000000000 0000ffff 00008200 DPL=0 LDT
TR =0000 0000000000000000 0000ffff 00008b00 DPL=0 TSS64-busy
GDT=     00000000bf9de000 00000047
IDT=     00000000bf4d2018 00000fff
CR0=80010033 CR2=0000000000000000 CR3=00000000bfc01000 CR4=00000668
DR0=0000000000000000 DR1=0000000000000000 DR2=0000000000000000 DR3=0000000000000000 
DR6=00000000ffff0ff0 DR7=0000000000000400
CCS=0000000000000004 CCD=00000000bfec27f0 CCO=EFLAGS
EFER=0000000000000d00
Servicing hardware INT=0x20
    24: v=20 e=0000 i=0 cpl=0 IP=0038:00000000bfee01fc pc=00000000bfee01fc SP=0030:00000000bfec27d0 env->regs[R_EAX]=00000000000000af
RAX=00000000000000af RBX=0000000000001fff RCX=0000000000000000 RDX=00000000bec04000
RSI=00000000bec04000 RDI=00000000bec06000 RBP=00000000bed89440 RSP=00000000bfec27d0
R8 =00000000000000af R9 =00000000bec05fff R10=0000000000000001 R11=0000000000000001
R12=00000000bec04000 R13=0000000000000002 R14=00000000bec06000 R15=0000000000000007
RIP=00000000bfee01fc RFL=00000206 [-----P-] CPL=0 II=0 A20=1 SMM=0 HLT=0
ES =0030 0000000000000000 ffffffff 00cf9300 DPL=0 DS   [-WA]
CS =0038 0000000000000000 ffffffff 00af9a00 DPL=0 CS64 [-R-]
SS =0030 0000000000000000 ffffffff 00cf9300 DPL=0 DS   [-WA]
DS =0030 0000000000000000 ffffffff 00cf9300 DPL=0 DS   [-WA]
FS =0030 0000000000000000 ffffffff 00cf9300 DPL=0 DS   [-WA]
GS =0030 0000000000000000 ffffffff 00cf9300 DPL=0 DS   [-WA]
LDT=0000 0000000000000000 0000ffff 00008200 DPL=0 LDT
TR =0000 0000000000000000 0000ffff 00008b00 DPL=0 TSS64-busy
GDT=     00000000bf9de000 00000047
IDT=     00000000bf4d2018 00000fff
CR0=80010033 CR2=0000000000000000 CR3=00000000bfc01000 CR4=00000668
DR0=0000000000000000 DR1=0000000000000000 DR2=0000000000000000 DR3=0000000000000000 
DR6=00000000ffff0ff0 DR7=0000000000000400
CCS=0000000000000004 CCD=00000000bfec27c0 CCO=EFLAGS
EFER=0000000000000d00
Servicing hardware INT=0x20
    25: v=20 e=0000 i=0 cpl=0 IP=0038:00000000bf044656 pc=00000000bf044656 SP=0030:00000000bfec2958 env->regs[R_EAX]=0000000000000000
RAX=0000000000000000 RBX=00000000becad898 RCX=0000000000000000 RDX=0000000000000002
RSI=00000000000019d2 RDI=00000000bebf69e8 RBP=00000000becadf18 RSP=00000000bfec2958
R8 =0000000000000004 R9 =00000000000019d2 R10=0000000000000001 R11=0000000000000001
R12=00000000000019d2 R13=0000000000000000 R14=00000000becadb98 R15=00000000becadbb0
RIP=00000000bf044656 RFL=00000202 [-------] CPL=0 II=0 A20=1 SMM=0 HLT=0
ES =0030 0000000000000000 ffffffff 00cf9300 DPL=0 DS   [-WA]
CS =0038 0000000000000000 ffffffff 00af9a00 DPL=0 CS64 [-R-]
SS =0030 0000000000000000 ffffffff 00cf9300 DPL=0 DS   [-WA]
DS =0030 0000000000000000 ffffffff 00cf9300 DPL=0 DS   [-WA]
FS =0030 0000000000000000 ffffffff 00cf9300 DPL=0 DS   [-WA]
GS =0030 0000000000000000 ffffffff 00cf9300 DPL=0 DS   [-WA]
LDT=0000 0000000000000000 0000ffff 00008200 DPL=0 LDT
TR =0000 0000000000000000 0000ffff 00008b00 DPL=0 TSS64-busy
GDT=     00000000bf9de000 00000047
IDT=     00000000bf4d2018 00000fff
CR0=80010033 CR2=0000000000000000 CR3=00000000bfc01000 CR4=00000668
DR0=0000000000000000 DR1=0000000000000000 DR2=0000000000000000 DR3=0000000000000000 
DR6=00000000ffff0ff0 DR7=0000000000000400
CCS=0000000000000000 CCD=0000000000000002 CCO=EFLAGS
EFER=0000000000000d00
Servicing hardware INT=0x20
    26: v=20 e=0000 i=0 cpl=0 IP=0038:00000000bfecf929 pc=00000000bfecf929 SP=0030:00000000bfec27b0 env->regs[R_EAX]=00000000bfee95a0
RAX=00000000bfee95a0 RBX=00000000bebf1000 RCX=00000000bebf5000 RDX=00000000becac000
RSI=00000000bebf1000 RDI=00000000bed89180 RBP=00000000bebf4fff RSP=00000000bfec27b0
R8 =abd7f02e4201db9e R9 =00000000bebf4fff R10=0000000000000001 R11=0000000000000001
R12=0000000000000007 R13=000000000002600f R14=00000000bed89fc8 R15=00000000bfee45df
RIP=00000000bfecf929 RFL=00000297 [--S-APC] CPL=0 II=0 A20=1 SMM=0 HLT=0
ES =0030 0000000000000000 ffffffff 00cf9300 DPL=0 DS   [-WA]
CS =0038 0000000000000000 ffffffff 00af9a00 DPL=0 CS64 [-R-]
SS =0030 0000000000000000 ffffffff 00cf9300 DPL=0 DS   [-WA]
DS =0030 0000000000000000 ffffffff 00cf9300 DPL=0 DS   [-WA]
FS =0030 0000000000000000 ffffffff 00cf9300 DPL=0 DS   [-WA]
GS =0030 0000000000000000 ffffffff 00cf9300 DPL=0 DS   [-WA]
LDT=0000 0000000000000000 0000ffff 00008200 DPL=0 LDT
TR =0000 0000000000000000 0000ffff 00008b00 DPL=0 TSS64-busy
GDT=     00000000bf9de000 00000047
IDT=     00000000bf4d2018 00000fff
CR0=80010033 CR2=0000000000000000 CR3=00000000bfc01000 CR4=00000668
DR0=0000000000000000 DR1=0000000000000000 DR2=0000000000000000 DR3=0000000000000000 
DR6=00000000ffff0ff0 DR7=0000000000000400
CCS=0000000000000095 CCD=fffffffffffffffc CCO=EFLAGS
EFER=0000000000000d00
Servicing hardware INT=0x20
    27: v=20 e=0000 i=0 cpl=0 IP=0038:00000000bf089269 pc=00000000bf089269 SP=0030:00000000bfec2858 env->regs[R_EAX]=00000000bf09ce20
RAX=00000000bf09ce20 RBX=000000000000001f RCX=00000000bf09ce20 RDX=00000000bfee4700
RSI=00000000beb52000 RDI=0000000000000000 RBP=00000000bfee95b0 RSP=00000000bfec2858
R8 =00000000beb52000 R9 =00000000beb59fff R10=0000000000000003 R11=0000000000000000
R12=0000000000000010 R13=00000000bfee8fd0 R14=00000000bfee1cc0 R15=00000000bfee3ec5
RIP=00000000bf089269 RFL=00000206 [-----P-] CPL=0 II=0 A20=1 SMM=0 HLT=0
ES =0030 0000000000000000 ffffffff 00cf9300 DPL=0 DS   [-WA]
CS =0038 0000000000000000 ffffffff 00af9a00 DPL=0 CS64 [-R-]
SS =0030 0000000000000000 ffffffff 00cf9300 DPL=0 DS   [-WA]
DS =0030 0000000000000000 ffffffff 00cf9300 DPL=0 DS   [-WA]
FS =0030 0000000000000000 ffffffff 00cf9300 DPL=0 DS   [-WA]
GS =0030 0000000000000000 ffffffff 00cf9300 DPL=0 DS   [-WA]
LDT=0000 0000000000000000 0000ffff 00008200 DPL=0 LDT
TR =0000 0000000000000000 0000ffff 00008b00 DPL=0 TSS64-busy
GDT=     00000000bf9de000 00000047
IDT=     00000000bf4d2018 00000fff
CR0=80010033 CR2=0000000000000000 CR3=00000000bfc01000 CR4=00000668
DR0=0000000000000000 DR1=0000000000000000 DR2=0000000000000000 DR3=0000000000000000 
DR6=00000000ffff0ff0 DR7=0000000000000400
CCS=0000000000000004 CCD=00000000bfec2860 CCO=EFLAGS
EFER=0000000000000d00
Servicing hardware INT=0x20
    28: v=20 e=0000 i=0 cpl=0 IP=0038:00000000bebb33a1 pc=00000000bebb33a1 SP=0030:00000000bfec2910 env->regs[R_EAX]=8000000000000003
RAX=8000000000000003 RBX=00000000bebb8ca0 RCX=00000000bf09ce20 RDX=0000000000000010
RSI=0000000000000000 RDI=00000000bfee8601 RBP=0000000000000003 RSP=00000000bfec2910
R8 =755b1b0ba2bb8b8e R9 =00000000becac098 R10=0000000000000000 R11=0000000000000000
R12=8000000000000003 R13=00000000bec23098 R14=00000000bebb8d40 R15=0000000000000000
RIP=00000000bebb33a1 RFL=00000286 [--S--P-] CPL=0 II=0 A20=1 SMM=0 HLT=0
ES =0030 0000000000000000 ffffffff 00cf9300 DPL=0 DS   [-WA]
CS =0038 0000000000000000 ffffffff 00af9a00 DPL=0 CS64 [-R-]
SS =0030 0000000000000000 ffffffff 00cf9300 DPL=0 DS   [-WA]
DS =0030 0000000000000000 ffffffff 00cf9300 DPL=0 DS   [-WA]
FS =0030 0000000000000000 ffffffff 00cf9300 DPL=0 DS   [-WA]
GS =0030 0000000000000000 ffffffff 00cf9300 DPL=0 DS   [-WA]
LDT=0000 0000000000000000 0000ffff 00008200 DPL=0 LDT
TR =0000 0000000000000000 0000ffff 00008b00 DPL=0 TSS64-busy
GDT=     00000000bf9de000 00000047
IDT=     00000000bf4d2018 00000fff
CR0=80010033 CR2=0000000000000000 CR3=00000000bfc01000 CR4=00000668
DR0=0000000000000000 DR1=0000000000000000 DR2=0000000000000000 DR3=0000000000000000 
DR6=00000000ffff0ff0 DR7=0000000000000400
CCS=0000000000000084 CCD=8000000000000003 CCO=EFLAGS
EFER=0000000000000d00
Servicing hardware INT=0x20
    29: v=20 e=0000 i=0 cpl=0 IP=0038:00000000bfac309b pc=00000000bfac309b SP=0030:00000000bfec2930 env->regs[R_EAX]=0000000000000000
RAX=0000000000000000 RBX=0000000000000000 RCX=00000000bf9be9a4 RDX=0000000000000040
RSI=0000000000000001 RDI=00000000bf9be954 RBP=000000000000003c RSP=00000000bfec2930
R8 =0000000000000001 R9 =0000000000000001 R10=00000000bface510 R11=0000000000000001
R12=00000000bed6ad9c R13=0000000000000001 R14=0000000000000001 R15=00000000bfec2a18
RIP=00000000bfac309b RFL=00000212 [----A--] CPL=0 II=0 A20=1 SMM=0 HLT=0
ES =0030 0000000000000000 ffffffff 00cf9300 DPL=0 DS   [-WA]
CS =0038 0000000000000000 ffffffff 00af9a00 DPL=0 CS64 [-R-]
SS =0030 0000000000000000 ffffffff 00cf9300 DPL=0 DS   [-WA]
DS =0030 0000000000000000 ffffffff 00cf9300 DPL=0 DS   [-WA]
FS =0030 0000000000000000 ffffffff 00cf9300 DPL=0 DS   [-WA]
GS =0030 0000000000000000 ffffffff 00cf9300 DPL=0 DS   [-WA]
LDT=0000 0000000000000000 0000ffff 00008200 DPL=0 LDT
TR =0000 0000000000000000 0000ffff 00008b00 DPL=0 TSS64-busy
GDT=     00000000bf9de000 00000047
IDT=     00000000bf4d2018 00000fff
CR0=80010033 CR2=0000000000000000 CR3=00000000bfc01000 CR4=00000668
DR0=0000000000000000 DR1=0000000000000000 DR2=0000000000000000 DR3=0000000000000000 
DR6=00000000ffff0ff0 DR7=0000000000000400
CCS=0000000000000010 CCD=0000000000000040 CCO=EFLAGS
EFER=0000000000000d00
Servicing hardware INT=0x20
    30: v=20 e=0000 i=0 cpl=0 IP=0038:00000000bed0fac6 pc=00000000bed0fac6 SP=0030:00000000bfec28e0 env->regs[R_EAX]=00000000bebf04d0
RAX=00000000bebf04d0 RBX=00000000bf065f40 RCX=00000000bebf04d0 RDX=00000000bed19d40
RSI=0000000000000001 RDI=00000000bf065998 RBP=00000000bf065998 RSP=00000000bfec28e0
R8 =0000000000000000 R9 =00000000bed19ddf R10=00000000bfee1e49 R11=0000000000000000
R12=00000000bebf0298 R13=00000000bf065998 R14=0000000000000000 R15=0000000000000001
RIP=00000000bed0fac6 RFL=00000206 [-----P-] CPL=0 II=0 A20=1 SMM=0 HLT=0
ES =0030 0000000000000000 ffffffff 00cf9300 DPL=0 DS   [-WA]
CS =0038 0000000000000000 ffffffff 00af9a00 DPL=0 CS64 [-R-]
SS =0030 0000000000000000 ffffffff 00cf9300 DPL=0 DS   [-WA]
DS =0030 0000000000000000 ffffffff 00cf9300 DPL=0 DS   [-WA]
FS =0030 0000000000000000 ffffffff 00cf9300 DPL=0 DS   [-WA]
GS =0030 0000000000000000 ffffffff 00cf9300 DPL=0 DS   [-WA]
LDT=0000 0000000000000000 0000ffff 00008200 DPL=0 LDT
TR =0000 0000000000000000 0000ffff 00008b00 DPL=0 TSS64-busy
GDT=     00000000bf9de000 00000047
IDT=     00000000bf4d2018 00000fff
CR0=80010033 CR2=0000000000000000 CR3=00000000bfc01000 CR4=00000668
DR0=0000000000000000 DR1=0000000000000000 DR2=0000000000000000 DR3=0000000000000000 
DR6=00000000ffff0ff0 DR7=0000000000000400
CCS=0000000000000004 CCD=0000000000000014 CCO=EFLAGS
EFER=0000000000000d00
Servicing hardware INT=0x20
    31: v=20 e=0000 i=0 cpl=0 IP=0038:00000000bf0153b7 pc=00000000bf0153b7 SP=0030:00000000bfec26c0 env->regs[R_EAX]=0000000000000001
RAX=0000000000000001 RBX=0000000000000000 RCX=0000000000000001 RDX=0000000000000cf8
RSI=0000000000000001 RDI=00000000bfec28b0 RBP=00000000bfec28b0 RSP=00000000bfec26c0
R8 =0000000000000000 R9 =0000000000000cf8 R10=00000000bfee1e49 R11=0000000000000000
R12=00000000ffffffff R13=0000000000000000 R14=00000000bf019f2b R15=00000000bf0193a0
RIP=00000000bf0153b7 RFL=00000202 [-------] CPL=0 II=0 A20=1 SMM=0 HLT=0
ES =0030 0000000000000000 ffffffff 00cf9300 DPL=0 DS   [-WA]
CS =0038 0000000000000000 ffffffff 00af9a00 DPL=0 CS64 [-R-]
SS =0030 0000000000000000 ffffffff 00cf9300 DPL=0 DS   [-WA]
DS =0030 0000000000000000 ffffffff 00cf9300 DPL=0 DS   [-WA]
FS =0030 0000000000000000 ffffffff 00cf9300 DPL=0 DS   [-WA]
GS =0030 0000000000000000 ffffffff 00cf9300 DPL=0 DS   [-WA]
LDT=0000 0000000000000000 0000ffff 00008200 DPL=0 LDT
TR =0000 0000000000000000 0000ffff 00008b00 DPL=0 TSS64-busy
GDT=     00000000bf9de000 00000047
IDT=     00000000bf4d2018 00000fff
CR0=80010033 CR2=0000000000000000 CR3=00000000bfc01000 CR4=00000668
DR0=0000000000000000 DR1=0000000000000000 DR2=0000000000000000 DR3=0000000000000000 
DR6=00000000ffff0ff0 DR7=0000000000000400
CCS=0000000000000030 CCD=0000000000000001 CCO=LOGICB
EFER=0000000000000d00
Servicing hardware INT=0x20
    32: v=20 e=0000 i=0 cpl=0 IP=0038:00000000bf015fb1 pc=00000000bf015fb1 SP=0030:00000000bfec2350 env->regs[R_EAX]=0000000000000001
RAX=0000000000000001 RBX=0000000000020030 RCX=0000000000000001 RDX=0000000000000cf8
RSI=0000000000002003 RDI=0000000000000004 RBP=00000000bfec250c RSP=00000000bfec2350
R8 =0000000000000000 R9 =0000000000000cf8 R10=000000000000237f R11=00000000beac8018
R12=0000000000020030 R13=0000000000000000 R14=00000000bfec250c R15=00000000fffffffe
RIP=00000000bf015fb1 RFL=00000202 [-------] CPL=0 II=0 A20=1 SMM=0 HLT=0
ES =0030 0000000000000000 ffffffff 00cf9300 DPL=0 DS   [-WA]
CS =0038 0000000000000000 ffffffff 00af9a00 DPL=0 CS64 [-R-]
SS =0030 0000000000000000 ffffffff 00cf9300 DPL=0 DS   [-WA]
DS =0030 0000000000000000 ffffffff 00cf9300 DPL=0 DS   [-WA]
FS =0030 0000000000000000 ffffffff 00cf9300 DPL=0 DS   [-WA]
GS =0030 0000000000000000 ffffffff 00cf9300 DPL=0 DS   [-WA]
LDT=0000 0000000000000000 0000ffff 00008200 DPL=0 LDT
TR =0000 0000000000000000 0000ffff 00008b00 DPL=0 TSS64-busy
GDT=     00000000bf9de000 00000047
IDT=     00000000bf4d2018 00000fff
CR0=80010033 CR2=0000000000000000 CR3=00000000bfc01000 CR4=00000668
DR0=0000000000000000 DR1=0000000000000000 DR2=0000000000000000 DR3=0000000000000000 
DR6=00000000ffff0ff0 DR7=0000000000000400
CCS=0000000000000030 CCD=0000000000000001 CCO=LOGICB
EFER=0000000000000d00
Servicing hardware INT=0x20
    33: v=20 e=0000 i=0 cpl=0 IP=0038:00000000bf089266 pc=00000000bf089266 SP=0030:00000000bfec27d8 env->regs[R_EAX]=00000000bf09ce20
RAX=00000000bf09ce20 RBX=0000000000000004 RCX=00000000bf09ce20 RDX=0000000000000cf8
RSI=0000000000000000 RDI=0000000000000001 RBP=00000000bfee3ec5 RSP=00000000bfec27d8
R8 =0000000000000000 R9 =0000000000000cf8 R10=0000000000000000 R11=0000000000000001
R12=00000000bfeeaba0 R13=0000000000000004 R14=00000000bebee818 R15=00000000bebf0298
RIP=00000000bf089266 RFL=00000202 [-------] CPL=0 II=0 A20=1 SMM=0 HLT=0
ES =0030 0000000000000000 ffffffff 00cf9300 DPL=0 DS   [-WA]
CS =0038 0000000000000000 ffffffff 00af9a00 DPL=0 CS64 [-R-]
SS =0030 0000000000000000 ffffffff 00cf9300 DPL=0 DS   [-WA]
DS =0030 0000000000000000 ffffffff 00cf9300 DPL=0 DS   [-WA]
FS =0030 0000000000000000 ffffffff 00cf9300 DPL=0 DS   [-WA]
GS =0030 0000000000000000 ffffffff 00cf9300 DPL=0 DS   [-WA]
LDT=0000 0000000000000000 0000ffff 00008200 DPL=0 LDT
TR =0000 0000000000000000 0000ffff 00008b00 DPL=0 TSS64-busy
GDT=     00000000bf9de000 00000047
IDT=     00000000bf4d2018 00000fff
CR0=80010033 CR2=0000000000000000 CR3=00000000bfc01000 CR4=00000668
DR0=0000000000000000 DR1=0000000000000000 DR2=0000000000000000 DR3=0000000000000000 
DR6=00000000ffff0ff0 DR7=0000000000000400
CCS=0000000000000020 CCD=00000000bfec27e0 CCO=SUBQ
EFER=0000000000000d00
Servicing hardware INT=0x20
    34: v=20 e=0000 i=0 cpl=0 IP=0038:00000000bf089266 pc=00000000bf089266 SP=0030:00000000bfec27d8 env->regs[R_EAX]=00000000bf09ce20
RAX=00000000bf09ce20 RBX=0000000000000004 RCX=00000000bf09ce20 RDX=0000000000000cf8
RSI=0000000000000000 RDI=0000000000000001 RBP=00000000bfee3ec5 RSP=00000000bfec27d8
R8 =0000000000000000 R9 =0000000000000cf8 R10=0000000000000000 R11=0000000000000001
R12=00000000bfeeaba0 R13=0000000000000004 R14=00000000bebec018 R15=00000000bebf0298
RIP=00000000bf089266 RFL=00000202 [-------] CPL=0 II=0 A20=1 SMM=0 HLT=0
ES =0030 0000000000000000 ffffffff 00cf9300 DPL=0 DS   [-WA]
CS =0038 0000000000000000 ffffffff 00af9a00 DPL=0 CS64 [-R-]
SS =0030 0000000000000000 ffffffff 00cf9300 DPL=0 DS   [-WA]
DS =0030 0000000000000000 ffffffff 00cf9300 DPL=0 DS   [-WA]
FS =0030 0000000000000000 ffffffff 00cf9300 DPL=0 DS   [-WA]
GS =0030 0000000000000000 ffffffff 00cf9300 DPL=0 DS   [-WA]
LDT=0000 0000000000000000 0000ffff 00008200 DPL=0 LDT
TR =0000 0000000000000000 0000ffff 00008b00 DPL=0 TSS64-busy
GDT=     00000000bf9de000 00000047
IDT=     00000000bf4d2018 00000fff
CR0=80010033 CR2=0000000000000000 CR3=00000000bfc01000 CR4=00000668
DR0=0000000000000000 DR1=0000000000000000 DR2=0000000000000000 DR3=0000000000000000 
DR6=00000000ffff0ff0 DR7=0000000000000400
CCS=0000000000000020 CCD=00000000bfec27e0 CCO=SUBQ
EFER=0000000000000d00
Servicing hardware INT=0x20
    35: v=20 e=0000 i=0 cpl=0 IP=0038:00000000bfed56d9 pc=00000000bfed56d9 SP=0030:00000000bfec2440 env->regs[R_EAX]=00000000000000d3
RAX=00000000000000d3 RBX=00000000bebdc018 RCX=0000000000006f7e RDX=00000000beae1e58
RSI=0000000000000005 RDI=00000000bebdc018 RBP=0000000000000001 RSP=00000000bfec2440
R8 =000000000000af3d R9 =000000000000001f R10=0000000000000002 R11=000000000000001f
R12=00000000bebdd036 R13=00000000bebdd254 R14=0000000000000009 R15=000000000000b0e8
RIP=00000000bfed56d9 RFL=00000206 [-----P-] CPL=0 II=0 A20=1 SMM=0 HLT=0
ES =0030 0000000000000000 ffffffff 00cf9300 DPL=0 DS   [-WA]
CS =0038 0000000000000000 ffffffff 00af9a00 DPL=0 CS64 [-R-]
SS =0030 0000000000000000 ffffffff 00cf9300 DPL=0 DS   [-WA]
DS =0030 0000000000000000 ffffffff 00cf9300 DPL=0 DS   [-WA]
FS =0030 0000000000000000 ffffffff 00cf9300 DPL=0 DS   [-WA]
GS =0030 0000000000000000 ffffffff 00cf9300 DPL=0 DS   [-WA]
LDT=0000 0000000000000000 0000ffff 00008200 DPL=0 LDT
TR =0000 0000000000000000 0000ffff 00008b00 DPL=0 TSS64-busy
GDT=     00000000bf9de000 00000047
IDT=     00000000bf4d2018 00000fff
CR0=80010033 CR2=0000000000000000 CR3=00000000bfc01000 CR4=00000668
DR0=0000000000000000 DR1=0000000000000000 DR2=0000000000000000 DR3=0000000000000000 
DR6=00000000ffff0ff0 DR7=0000000000000400
CCS=0000000000000004 CCD=000000000000f4c0 CCO=EFLAGS
EFER=0000000000000d00
Servicing hardware INT=0x20
    36: v=20 e=0000 i=0 cpl=0 IP=0038:00000000bfed5635 pc=00000000bfed5635 SP=0030:00000000bfec2408 env->regs[R_EAX]=0000000000000104
RAX=0000000000000104 RBX=00000000bebdc018 RCX=00000000e68bdf29 RDX=0000000000000002
RSI=0000000000000002 RDI=00000000bebdc018 RBP=0000000000000002 RSP=00000000bfec2408
R8 =00000000000242f0 R9 =000000000000001f R10=0000000000000004 R11=000000000000001f
R12=0000000000000003 R13=00000000bebdd254 R14=0000000000000003 R15=0000000000024931
RIP=00000000bfed5635 RFL=00000202 [-------] CPL=0 II=0 A20=1 SMM=0 HLT=0
ES =0030 0000000000000000 ffffffff 00cf9300 DPL=0 DS   [-WA]
CS =0038 0000000000000000 ffffffff 00af9a00 DPL=0 CS64 [-R-]
SS =0030 0000000000000000 ffffffff 00cf9300 DPL=0 DS   [-WA]
DS =0030 0000000000000000 ffffffff 00cf9300 DPL=0 DS   [-WA]
FS =0030 0000000000000000 ffffffff 00cf9300 DPL=0 DS   [-WA]
GS =0030 0000000000000000 ffffffff 00cf9300 DPL=0 DS   [-WA]
LDT=0000 0000000000000000 0000ffff 00008200 DPL=0 LDT
TR =0000 0000000000000000 0000ffff 00008b00 DPL=0 TSS64-busy
GDT=     00000000bf9de000 00000047
IDT=     00000000bf4d2018 00000fff
CR0=80010033 CR2=0000000000000000 CR3=00000000bfc01000 CR4=00000668
DR0=0000000000000000 DR1=0000000000000000 DR2=0000000000000000 DR3=0000000000000000 
DR6=00000000ffff0ff0 DR7=0000000000000400
CCS=0000000000000000 CCD=00000000bfec2410 CCO=EFLAGS
EFER=0000000000000d00
Servicing hardware INT=0x20
    37: v=20 e=0000 i=0 cpl=0 IP=0038:00000000bf0159de pc=00000000bf0159de SP=0030:00000000bfec2630 env->regs[R_EAX]=0000000000000001
RAX=0000000000000001 RBX=0000000000000000 RCX=0000000000000001 RDX=0000000000000cf8
RSI=0000000000000004 RDI=0000000000000003 RBP=0000000000000001 RSP=00000000bfec2630
R8 =0000000000000000 R9 =0000000000000cf8 R10=00000000bfee1e49 R11=0000000000000004
R12=0000000000000003 R13=0000000000000000 R14=00000000bfec2870 R15=00000000bfec286e
RIP=00000000bf0159de RFL=00000202 [-------] CPL=0 II=0 A20=1 SMM=0 HLT=0
ES =0030 0000000000000000 ffffffff 00cf9300 DPL=0 DS   [-WA]
CS =0038 0000000000000000 ffffffff 00af9a00 DPL=0 CS64 [-R-]
SS =0030 0000000000000000 ffffffff 00cf9300 DPL=0 DS   [-WA]
DS =0030 0000000000000000 ffffffff 00cf9300 DPL=0 DS   [-WA]
FS =0030 0000000000000000 ffffffff 00cf9300 DPL=0 DS   [-WA]
GS =0030 0000000000000000 ffffffff 00cf9300 DPL=0 DS   [-WA]
LDT=0000 0000000000000000 0000ffff 00008200 DPL=0 LDT
TR =0000 0000000000000000 0000ffff 00008b00 DPL=0 TSS64-busy
GDT=     00000000bf9de000 00000047
IDT=     00000000bf4d2018 00000fff
CR0=80010033 CR2=0000000000000000 CR3=00000000bfc01000 CR4=00000668
DR0=0000000000000000 DR1=0000000000000000 DR2=0000000000000000 DR3=0000000000000000 
DR6=00000000ffff0ff0 DR7=0000000000000400
CCS=0000000000000030 CCD=0000000000000001 CCO=LOGICB
EFER=0000000000000d00
Servicing hardware INT=0x20
    38: v=20 e=0000 i=0 cpl=0 IP=0038:00000000bf0159de pc=00000000bf0159de SP=0030:00000000bfec25c0 env->regs[R_EAX]=0000000000000001
RAX=0000000000000001 RBX=0000000000000000 RCX=0000000000000001 RDX=0000000000000cf8
RSI=0000000000000004 RDI=0000000000000000 RBP=0000000000000001 RSP=00000000bfec25c0
R8 =0000000000000000 R9 =0000000000000cf8 R10=000000000000004f R11=0000000000000004
R12=0000000000000000 R13=0000000000000000 R14=00000000bfec2800 R15=00000000bfec27fe
RIP=00000000bf0159de RFL=00000202 [-------] CPL=0 II=0 A20=1 SMM=0 HLT=0
ES =0030 0000000000000000 ffffffff 00cf9300 DPL=0 DS   [-WA]
CS =0038 0000000000000000 ffffffff 00af9a00 DPL=0 CS64 [-R-]
SS =0030 0000000000000000 ffffffff 00cf9300 DPL=0 DS   [-WA]
DS =0030 0000000000000000 ffffffff 00cf9300 DPL=0 DS   [-WA]
FS =0030 0000000000000000 ffffffff 00cf9300 DPL=0 DS   [-WA]
GS =0030 0000000000000000 ffffffff 00cf9300 DPL=0 DS   [-WA]
LDT=0000 0000000000000000 0000ffff 00008200 DPL=0 LDT
TR =0000 0000000000000000 0000ffff 00008b00 DPL=0 TSS64-busy
GDT=     00000000bf9de000 00000047
IDT=     00000000bf4d2018 00000fff
CR0=80010033 CR2=0000000000000000 CR3=00000000bfc01000 CR4=00000668
DR0=0000000000000000 DR1=0000000000000000 DR2=0000000000000000 DR3=0000000000000000 
DR6=00000000ffff0ff0 DR7=0000000000000400
CCS=0000000000000030 CCD=0000000000000001 CCO=LOGICB
EFER=0000000000000d00
Servicing hardware INT=0x20
    39: v=20 e=0000 i=0 cpl=0 IP=0038:00000000bfed5c0e pc=00000000bfed5c0e SP=0030:00000000bfec27b0 env->regs[R_EAX]=3b7269c9a000398e
RAX=3b7269c9a000398e RBX=00000000bf009010 RCX=00000000bf8e59b8 RDX=00000000bf009010
RSI=00000000bf8e59b0 RDI=462f4235928939b2 RBP=11d26d3f09576e91 RSP=00000000bfec27b0
R8 =4f1ac2b2a2f68095 R9 =0000000000000038 R10=0000000000000004 R11=0000000000000004
R12=00000000bf8e59a0 R13=00000000bf009010 R14=00000000bf8e5998 R15=00000000bfee1e49
RIP=00000000bfed5c0e RFL=00000206 [-----P-] CPL=0 II=0 A20=1 SMM=0 HLT=0
ES =0030 0000000000000000 ffffffff 00cf9300 DPL=0 DS   [-WA]
CS =0038 0000000000000000 ffffffff 00af9a00 DPL=0 CS64 [-R-]
SS =0030 0000000000000000 ffffffff 00cf9300 DPL=0 DS   [-WA]
DS =0030 0000000000000000 ffffffff 00cf9300 DPL=0 DS   [-WA]
FS =0030 0000000000000000 ffffffff 00cf9300 DPL=0 DS   [-WA]
GS =0030 0000000000000000 ffffffff 00cf9300 DPL=0 DS   [-WA]
LDT=0000 0000000000000000 0000ffff 00008200 DPL=0 LDT
TR =0000 0000000000000000 0000ffff 00008b00 DPL=0 TSS64-busy
GDT=     00000000bf9de000 00000047
IDT=     00000000bf4d2018 00000fff
CR0=80010033 CR2=0000000000000000 CR3=00000000bfc01000 CR4=00000668
DR0=0000000000000000 DR1=0000000000000000 DR2=0000000000000000 DR3=0000000000000000 
DR6=00000000ffff0ff0 DR7=0000000000000400
CCS=0000000000000004 CCD=00000000bfec27a0 CCO=EFLAGS
EFER=0000000000000d00
Servicing hardware INT=0x20
    40: v=20 e=0000 i=0 cpl=0 IP=0038:00000000bed54979 pc=00000000bed54979 SP=0030:00000000bfec28b0 env->regs[R_EAX]=00000000bebdcd98
RAX=00000000bebdcd98 RBX=00000000bebf0098 RCX=00000000bebdf338 RDX=00000000bebdf318
RSI=00000000bebf0098 RDI=00000000bebdf318 RBP=00000000bfec28d8 RSP=00000000bfec28b0
R8 =0000000000000002 R9 =00000000bebdf339 R10=00000000bfee1e49 R11=0000000000000004
R12=00000000bebdf318 R13=00000000bfec28d0 R14=00000000bebf0098 R15=8000000000000003
RIP=00000000bed54979 RFL=00000206 [-----P-] CPL=0 II=0 A20=1 SMM=0 HLT=0
ES =0030 0000000000000000 ffffffff 00cf9300 DPL=0 DS   [-WA]
CS =0038 0000000000000000 ffffffff 00af9a00 DPL=0 CS64 [-R-]
SS =0030 0000000000000000 ffffffff 00cf9300 DPL=0 DS   [-WA]
DS =0030 0000000000000000 ffffffff 00cf9300 DPL=0 DS   [-WA]
FS =0030 0000000000000000 ffffffff 00cf9300 DPL=0 DS   [-WA]
GS =0030 0000000000000000 ffffffff 00cf9300 DPL=0 DS   [-WA]
LDT=0000 0000000000000000 0000ffff 00008200 DPL=0 LDT
TR =0000 0000000000000000 0000ffff 00008b00 DPL=0 TSS64-busy
GDT=     00000000bf9de000 00000047
IDT=     00000000bf4d2018 00000fff
CR0=80010033 CR2=0000000000000000 CR3=00000000bfc01000 CR4=00000668
DR0=0000000000000000 DR1=0000000000000000 DR2=0000000000000000 DR3=0000000000000000 
DR6=00000000ffff0ff0 DR7=0000000000000400
CCS=0000000000000004 CCD=00000000bfec2888 CCO=EFLAGS
EFER=0000000000000d00
Servicing hardware INT=0x20
    41: v=20 e=0000 i=0 cpl=0 IP=0038:00000000bfae8c5a pc=00000000bfae8c5a SP=0030:00000000bfec2620 env->regs[R_EAX]=0000000000000000
RAX=0000000000000000 RBX=00000000ffe087fe RCX=0000000000000101 RDX=ffffffffffffffff
RSI=000000000000003c RDI=00000000ffe087fe RBP=000000000000003c RSP=00000000bfec2620
R8 =00000000000007fe R9 =00000000bfec26e8 R10=00000000ffe087ff R11=0000000000000001
R12=00000000ffe087fe R13=0000000000000001 R14=00000000bfec26e8 R15=0000000000000008
RIP=00000000bfae8c5a RFL=00000246 [---Z-P-] CPL=0 II=0 A20=1 SMM=0 HLT=0
ES =0030 0000000000000000 ffffffff 00cf9300 DPL=0 DS   [-WA]
CS =0038 0000000000000000 ffffffff 00af9a00 DPL=0 CS64 [-R-]
SS =0030 0000000000000000 ffffffff 00cf9300 DPL=0 DS   [-WA]
DS =0030 0000000000000000 ffffffff 00cf9300 DPL=0 DS   [-WA]
FS =0030 0000000000000000 ffffffff 00cf9300 DPL=0 DS   [-WA]
GS =0030 0000000000000000 ffffffff 00cf9300 DPL=0 DS   [-WA]
LDT=0000 0000000000000000 0000ffff 00008200 DPL=0 LDT
TR =0000 0000000000000000 0000ffff 00008b00 DPL=0 TSS64-busy
GDT=     00000000bf9de000 00000047
IDT=     00000000bf4d2018 00000fff
CR0=80010033 CR2=0000000000000000 CR3=00000000bfc01000 CR4=00000668
DR0=0000000000000000 DR1=0000000000000000 DR2=0000000000000000 DR3=0000000000000000 
DR6=00000000ffff0ff0 DR7=0000000000000400
CCS=0000000000000044 CCD=0000000000000000 CCO=EFLAGS
EFER=0000000000000d00
Servicing hardware INT=0x20
    42: v=20 e=0000 i=0 cpl=0 IP=0038:00000000bf0153b7 pc=00000000bf0153b7 SP=0030:00000000bfec2610 env->regs[R_EAX]=0000000000000001
RAX=0000000000000001 RBX=0000000000000010 RCX=0000000000000001 RDX=0000000000000cf8
RSI=0000000000000001 RDI=00000000bfec2850 RBP=00000000bfec2850 RSP=00000000bfec2610
R8 =0000000000000000 R9 =0000000000000cf8 R10=00000000bfee1e49 R11=0000000000000000
R12=00000000c0000000 R13=0000000000000000 R14=00000000bf019f2b R15=00000000bf0193a0
RIP=00000000bf0153b7 RFL=00000202 [-------] CPL=0 II=0 A20=1 SMM=0 HLT=0
ES =0030 0000000000000000 ffffffff 00cf9300 DPL=0 DS   [-WA]
CS =0038 0000000000000000 ffffffff 00af9a00 DPL=0 CS64 [-R-]
SS =0030 0000000000000000 ffffffff 00cf9300 DPL=0 DS   [-WA]
DS =0030 0000000000000000 ffffffff 00cf9300 DPL=0 DS   [-WA]
FS =0030 0000000000000000 ffffffff 00cf9300 DPL=0 DS   [-WA]
GS =0030 0000000000000000 ffffffff 00cf9300 DPL=0 DS   [-WA]
LDT=0000 0000000000000000 0000ffff 00008200 DPL=0 LDT
TR =0000 0000000000000000 0000ffff 00008b00 DPL=0 TSS64-busy
GDT=     00000000bf9de000 00000047
IDT=     00000000bf4d2018 00000fff
CR0=80010033 CR2=0000000000000000 CR3=00000000bfc01000 CR4=00000668
DR0=0000000000000000 DR1=0000000000000000 DR2=0000000000000000 DR3=0000000000000000 
DR6=00000000ffff0ff0 DR7=0000000000000400
CCS=0000000000000030 CCD=0000000000000001 CCO=LOGICB
EFER=0000000000000d00
Servicing hardware INT=0x20
    43: v=20 e=0000 i=0 cpl=0 IP=0038:00000000bf4cb925 pc=00000000bf4cb925 SP=0030:00000000bfec25a0 env->regs[R_EAX]=0000000000000000
RAX=0000000000000000 RBX=00000000c011b4c4 RCX=0000000000000002 RDX=00000000bf4cc8d8
RSI=0000000000000002 RDI=00000000bf4cc184 RBP=00000000bfec26dc RSP=00000000bfec25a0
R8 =00000000bfec26dc R9 =00000000c0000000 R10=00000000000fffff R11=000000000000000a
R12=00000000000b92cf R13=0000000000000000 R14=0000000000000004 R15=0000000000000000
RIP=00000000bf4cb925 RFL=00000216 [----AP-] CPL=0 II=0 A20=1 SMM=0 HLT=0
ES =0030 0000000000000000 ffffffff 00cf9300 DPL=0 DS   [-WA]
CS =0038 0000000000000000 ffffffff 00af9a00 DPL=0 CS64 [-R-]
SS =0030 0000000000000000 ffffffff 00cf9300 DPL=0 DS   [-WA]
DS =0030 0000000000000000 ffffffff 00cf9300 DPL=0 DS   [-WA]
FS =0030 0000000000000000 ffffffff 00cf9300 DPL=0 DS   [-WA]
GS =0030 0000000000000000 ffffffff 00cf9300 DPL=0 DS   [-WA]
LDT=0000 0000000000000000 0000ffff 00008200 DPL=0 LDT
TR =0000 0000000000000000 0000ffff 00008b00 DPL=0 TSS64-busy
GDT=     00000000bf9de000 00000047
IDT=     00000000bf4d2018 00000fff
CR0=80010033 CR2=0000000000000000 CR3=00000000bfc01000 CR4=00000668
DR0=0000000000000000 DR1=0000000000000000 DR2=0000000000000000 DR3=0000000000000000 
DR6=00000000ffff0ff0 DR7=0000000000000400
CCS=0000000000000014 CCD=00000000000b92cf CCO=EFLAGS
EFER=0000000000000d00
Servicing hardware INT=0x20
    44: v=20 e=0000 i=0 cpl=0 IP=0038:00000000bf4cba29 pc=00000000bf4cba29 SP=0030:00000000bfec25a0 env->regs[R_EAX]=0000000000000000
RAX=0000000000000000 RBX=00000000c02c4160 RCX=0000000000000002 RDX=00000000bf4cc8d8
RSI=0000000000000002 RDI=00000000bf4cc184 RBP=00000000bfec26dc RSP=00000000bfec25a0
R8 =00000000bfec26dc R9 =00000000c0000000 R10=00000000000fffff R11=000000000000000a
R12=000000000004efa8 R13=0000000000000000 R14=0000000000000004 R15=0000000000000000
RIP=00000000bf4cba29 RFL=00000246 [---Z-P-] CPL=0 II=0 A20=1 SMM=0 HLT=0
ES =0030 0000000000000000 ffffffff 00cf9300 DPL=0 DS   [-WA]
CS =0038 0000000000000000 ffffffff 00af9a00 DPL=0 CS64 [-R-]
SS =0030 0000000000000000 ffffffff 00cf9300 DPL=0 DS   [-WA]
DS =0030 0000000000000000 ffffffff 00cf9300 DPL=0 DS   [-WA]
FS =0030 0000000000000000 ffffffff 00cf9300 DPL=0 DS   [-WA]
GS =0030 0000000000000000 ffffffff 00cf9300 DPL=0 DS   [-WA]
LDT=0000 0000000000000000 0000ffff 00008200 DPL=0 LDT
TR =0000 0000000000000000 0000ffff 00008b00 DPL=0 TSS64-busy
GDT=     00000000bf9de000 00000047
IDT=     00000000bf4d2018 00000fff
CR0=80010033 CR2=0000000000000000 CR3=00000000bfc01000 CR4=00000668
DR0=0000000000000000 DR1=0000000000000000 DR2=0000000000000000 DR3=0000000000000000 
DR6=00000000ffff0ff0 DR7=0000000000000400
CCS=0000000000000044 CCD=0000000000000000 CCO=EFLAGS
EFER=0000000000000d00
Servicing hardware INT=0x20
    45: v=20 e=0000 i=0 cpl=0 IP=0038:00000000beb02e31 pc=00000000beb02e31 SP=0030:00000000bfec2790 env->regs[R_EAX]=00000000000c0022
RAX=00000000000c0022 RBX=0000000000000001 RCX=0000000000000000 RDX=00000000beb05733
RSI=00000000c0000000 RDI=00000000beb06958 RBP=0000000000000000 RSP=00000000bfec2790
R8 =0000000000000005 R9 =00000000beb05737 R10=00000000bfee9600 R11=000000000000000a
R12=000000000000005a R13=0000000000000000 R14=00000000beb06c20 R15=00000000beb06cb8
RIP=00000000beb02e31 RFL=00000247 [---Z-PC] CPL=0 II=0 A20=1 SMM=0 HLT=0
ES =0030 0000000000000000 ffffffff 00cf9300 DPL=0 DS   [-WA]
CS =0038 0000000000000000 ffffffff 00af9a00 DPL=0 CS64 [-R-]
SS =0030 0000000000000000 ffffffff 00cf9300 DPL=0 DS   [-WA]
DS =0030 0000000000000000 ffffffff 00cf9300 DPL=0 DS   [-WA]
FS =0030 0000000000000000 ffffffff 00cf9300 DPL=0 DS   [-WA]
GS =0030 0000000000000000 ffffffff 00cf9300 DPL=0 DS   [-WA]
LDT=0000 0000000000000000 0000ffff 00008200 DPL=0 LDT
TR =0000 0000000000000000 0000ffff 00008b00 DPL=0 TSS64-busy
GDT=     00000000bf9de000 00000047
IDT=     00000000bf4d2018 00000fff
CR0=80010033 CR2=0000000000000000 CR3=00000000bfc01000 CR4=00000668
DR0=0000000000000000 DR1=0000000000000000 DR2=0000000000000000 DR3=0000000000000000 
DR6=00000000ffff0ff0 DR7=0000000000000400
CCS=0000000000000045 CCD=0000000000000000 CCO=EFLAGS
EFER=0000000000000d00
Servicing hardware INT=0x20
    46: v=20 e=0000 i=0 cpl=0 IP=0038:00000000bfae8c5a pc=00000000bfae8c5a SP=0030:00000000bfec2620 env->regs[R_EAX]=0000000000000000
RAX=0000000000000000 RBX=00000000ffe091f6 RCX=0000000000000101 RDX=ffffffffffffffff
RSI=0000000000000010 RDI=00000000ffe091f6 RBP=0000000000000010 RSP=00000000bfec2620
R8 =00000000000001f6 R9 =00000000bfec26e8 R10=00000000ffe091f7 R11=0000000000000004
R12=00000000ffe091f6 R13=0000000000000000 R14=00000000bfec26e8 R15=0000000000000009
RIP=00000000bfae8c5a RFL=00000246 [---Z-P-] CPL=0 II=0 A20=1 SMM=0 HLT=0
ES =0030 0000000000000000 ffffffff 00cf9300 DPL=0 DS   [-WA]
CS =0038 0000000000000000 ffffffff 00af9a00 DPL=0 CS64 [-R-]
SS =0030 0000000000000000 ffffffff 00cf9300 DPL=0 DS   [-WA]
DS =0030 0000000000000000 ffffffff 00cf9300 DPL=0 DS   [-WA]
FS =0030 0000000000000000 ffffffff 00cf9300 DPL=0 DS   [-WA]
GS =0030 0000000000000000 ffffffff 00cf9300 DPL=0 DS   [-WA]
LDT=0000 0000000000000000 0000ffff 00008200 DPL=0 LDT
TR =0000 0000000000000000 0000ffff 00008b00 DPL=0 TSS64-busy
GDT=     00000000bf9de000 00000047
IDT=     00000000bf4d2018 00000fff
CR0=80010033 CR2=0000000000000000 CR3=00000000bfc01000 CR4=00000668
DR0=0000000000000000 DR1=0000000000000000 DR2=0000000000000000 DR3=0000000000000000 
DR6=00000000ffff0ff0 DR7=0000000000000400
CCS=0000000000000044 CCD=0000000000000000 CCO=EFLAGS
EFER=0000000000000d00
Servicing hardware INT=0x20
    47: v=20 e=0000 i=0 cpl=0 IP=0038:00000000bf0159de pc=00000000bf0159de SP=0030:00000000bfec26b0 env->regs[R_EAX]=0000000000000001
RAX=0000000000000001 RBX=0000000000000000 RCX=0000000000000001 RDX=0000000000000cf8
RSI=0000000000000004 RDI=0000000000000007 RBP=0000000000000001 RSP=00000000bfec26b0
R8 =0000000000000000 R9 =0000000000000cf8 R10=0000000000000010 R11=0000000000000004
R12=0000000000000007 R13=0000000000000000 R14=00000000bfec28f0 R15=00000000bfec28ee
RIP=00000000bf0159de RFL=00000202 [-------] CPL=0 II=0 A20=1 SMM=0 HLT=0
ES =0030 0000000000000000 ffffffff 00cf9300 DPL=0 DS   [-WA]
CS =0038 0000000000000000 ffffffff 00af9a00 DPL=0 CS64 [-R-]
SS =0030 0000000000000000 ffffffff 00cf9300 DPL=0 DS   [-WA]
DS =0030 0000000000000000 ffffffff 00cf9300 DPL=0 DS   [-WA]
FS =0030 0000000000000000 ffffffff 00cf9300 DPL=0 DS   [-WA]
GS =0030 0000000000000000 ffffffff 00cf9300 DPL=0 DS   [-WA]
LDT=0000 0000000000000000 0000ffff 00008200 DPL=0 LDT
TR =0000 0000000000000000 0000ffff 00008b00 DPL=0 TSS64-busy
GDT=     00000000bf9de000 00000047
IDT=     00000000bf4d2018 00000fff
CR0=80010033 CR2=0000000000000000 CR3=00000000bfc01000 CR4=00000668
DR0=0000000000000000 DR1=0000000000000000 DR2=0000000000000000 DR3=0000000000000000 
DR6=00000000ffff0ff0 DR7=0000000000000400
CCS=0000000000000030 CCD=0000000000000001 CCO=LOGICB
EFER=0000000000000d00
Servicing hardware INT=0x20
    48: v=20 e=0000 i=0 cpl=0 IP=0038:00000000bfae8c5a pc=00000000bfae8c5a SP=0030:00000000bfec27b0 env->regs[R_EAX]=0000000000000000
RAX=0000000000000000 RBX=00000000ffe0973e RCX=0000000000000101 RDX=ffffffffffffffff
RSI=000000000000007f RDI=00000000ffe0973e RBP=000000000000007f RSP=00000000bfec27b0
R8 =000000000000073e R9 =00000000bfec2878 R10=00000000ffe0973f R11=0000000000000004
R12=00000000ffe0973e R13=0000000000000001 R14=00000000bfec2878 R15=0000000000000009
RIP=00000000bfae8c5a RFL=00000246 [---Z-P-] CPL=0 II=0 A20=1 SMM=0 HLT=0
ES =0030 0000000000000000 ffffffff 00cf9300 DPL=0 DS   [-WA]
CS =0038 0000000000000000 ffffffff 00af9a00 DPL=0 CS64 [-R-]
SS =0030 0000000000000000 ffffffff 00cf9300 DPL=0 DS   [-WA]
DS =0030 0000000000000000 ffffffff 00cf9300 DPL=0 DS   [-WA]
FS =0030 0000000000000000 ffffffff 00cf9300 DPL=0 DS   [-WA]
GS =0030 0000000000000000 ffffffff 00cf9300 DPL=0 DS   [-WA]
LDT=0000 0000000000000000 0000ffff 00008200 DPL=0 LDT
TR =0000 0000000000000000 0000ffff 00008b00 DPL=0 TSS64-busy
GDT=     00000000bf9de000 00000047
IDT=     00000000bf4d2018 00000fff
CR0=80010033 CR2=0000000000000000 CR3=00000000bfc01000 CR4=00000668
DR0=0000000000000000 DR1=0000000000000000 DR2=0000000000000000 DR3=0000000000000000 
DR6=00000000ffff0ff0 DR7=0000000000000400
CCS=0000000000000044 CCD=0000000000000000 CCO=EFLAGS
EFER=0000000000000d00
Servicing hardware INT=0x20
    49: v=20 e=0000 i=0 cpl=0 IP=0038:00000000bfae8c5a pc=00000000bfae8c5a SP=0030:00000000bfec27b0 env->regs[R_EAX]=0000000000000000
RAX=0000000000000000 RBX=00000000ffe093fe RCX=0000000000000101 RDX=ffffffffffffffff
RSI=000000000000003c RDI=00000000ffe093fe RBP=000000000000003c RSP=00000000bfec27b0
R8 =00000000000003fe R9 =00000000bfec2878 R10=00000000ffe093ff R11=0000000000000004
R12=00000000ffe093fe R13=0000000000000001 R14=00000000bfec2878 R15=0000000000000009
RIP=00000000bfae8c5a RFL=00000246 [---Z-P-] CPL=0 II=0 A20=1 SMM=0 HLT=0
ES =0030 0000000000000000 ffffffff 00cf9300 DPL=0 DS   [-WA]
CS =0038 0000000000000000 ffffffff 00af9a00 DPL=0 CS64 [-R-]
SS =0030 0000000000000000 ffffffff 00cf9300 DPL=0 DS   [-WA]
DS =0030 0000000000000000 ffffffff 00cf9300 DPL=0 DS   [-WA]
FS =0030 0000000000000000 ffffffff 00cf9300 DPL=0 DS   [-WA]
GS =0030 0000000000000000 ffffffff 00cf9300 DPL=0 DS   [-WA]
LDT=0000 0000000000000000 0000ffff 00008200 DPL=0 LDT
TR =0000 0000000000000000 0000ffff 00008b00 DPL=0 TSS64-busy
GDT=     00000000bf9de000 00000047
IDT=     00000000bf4d2018 00000fff
CR0=80010033 CR2=0000000000000000 CR3=00000000bfc01000 CR4=00000668
DR0=0000000000000000 DR1=0000000000000000 DR2=0000000000000000 DR3=0000000000000000 
DR6=00000000ffff0ff0 DR7=0000000000000400
CCS=0000000000000044 CCD=0000000000000000 CCO=EFLAGS
EFER=0000000000000d00
Servicing hardware INT=0x20
    50: v=20 e=0000 i=0 cpl=0 IP=0038:00000000bfee01fa pc=00000000bfee01fa SP=0030:00000000bfec26b0 env->regs[R_EAX]=00000000000000af
RAX=00000000000000af RBX=0000000000025ba0 RCX=0000000000010001 RDX=00000000beaa2018
RSI=00000000beaa2000 RDI=00000000beab7bb7 RBP=0000000000025bc8 RSP=00000000bfec26b0
R8 =00000000000000af R9 =0000000000026000 R10=00000000bfee1e00 R11=00000000bfb5b600
R12=00000000beaa2018 R13=0000000000000000 R14=00000000beaa2000 R15=00000000bfeea000
RIP=00000000bfee01fa RFL=00010206 [-----P-] CPL=0 II=0 A20=1 SMM=0 HLT=0
ES =0030 0000000000000000 ffffffff 00cf9300 DPL=0 DS   [-WA]
CS =0038 0000000000000000 ffffffff 00af9a00 DPL=0 CS64 [-R-]
SS =0030 0000000000000000 ffffffff 00cf9300 DPL=0 DS   [-WA]
DS =0030 0000000000000000 ffffffff 00cf9300 DPL=0 DS   [-WA]
FS =0030 0000000000000000 ffffffff 00cf9300 DPL=0 DS   [-WA]
GS =0030 0000000000000000 ffffffff 00cf9300 DPL=0 DS   [-WA]
LDT=0000 0000000000000000 0000ffff 00008200 DPL=0 LDT
TR =0000 0000000000000000 0000ffff 00008b00 DPL=0 TSS64-busy
GDT=     00000000bf9de000 00000047
IDT=     00000000bf4d2018 00000fff
CR0=80010033 CR2=0000000000000000 CR3=00000000bfc01000 CR4=00000668
DR0=0000000000000000 DR1=0000000000000000 DR2=0000000000000000 DR3=0000000000000000 
DR6=00000000ffff0ff0 DR7=0000000000000400
CCS=0000000000000004 CCD=00000000bfec26a0 CCO=EFLAGS
EFER=0000000000000d00
Servicing hardware INT=0x20
    51: v=20 e=0000 i=0 cpl=0 IP=0038:00000000bfed56d2 pc=00000000bfed56d2 SP=0030:00000000bfec26e0 env->regs[R_EAX]=0000001496c11500
RAX=0000001496c11500 RBX=00000000bebac018 RCX=0000000000000008 RDX=0000000000000008
RSI=0000000000000008 RDI=00000000bebac018 RBP=0000000000000008 RSP=00000000bfec26e0
R8 =0000000000014308 R9 =000000000000001f R10=0000000000000002 R11=000000000000001f
R12=0000000000000014 R13=00000000bebad254 R14=0000000000000009 R15=000000000001436b
RIP=00000000bfed56d2 RFL=00000206 [-----P-] CPL=0 II=0 A20=1 SMM=0 HLT=0
ES =0030 0000000000000000 ffffffff 00cf9300 DPL=0 DS   [-WA]
CS =0038 0000000000000000 ffffffff 00af9a00 DPL=0 CS64 [-R-]
SS =0030 0000000000000000 ffffffff 00cf9300 DPL=0 DS   [-WA]
DS =0030 0000000000000000 ffffffff 00cf9300 DPL=0 DS   [-WA]
FS =0030 0000000000000000 ffffffff 00cf9300 DPL=0 DS   [-WA]
GS =0030 0000000000000000 ffffffff 00cf9300 DPL=0 DS   [-WA]
LDT=0000 0000000000000000 0000ffff 00008200 DPL=0 LDT
TR =0000 0000000000000000 0000ffff 00008b00 DPL=0 TSS64-busy
GDT=     00000000bf9de000 00000047
IDT=     00000000bf4d2018 00000fff
CR0=80010033 CR2=0000000000000000 CR3=00000000bfc01000 CR4=00000668
DR0=0000000000000000 DR1=0000000000000000 DR2=0000000000000000 DR3=0000000000000000 
DR6=00000000ffff0ff0 DR7=0000000000000400
CCS=0000000000000004 CCD=0000001496c11500 CCO=EFLAGS
EFER=0000000000000d00
Servicing hardware INT=0x20
    52: v=20 e=0000 i=0 cpl=0 IP=0038:00000000bfee01fc pc=00000000bfee01fc SP=0030:00000000bfec26a0 env->regs[R_EAX]=00000000000000af
RAX=00000000000000af RBX=0000000000025fff RCX=0000000000000000 RDX=00000000beaa2000
RSI=00000000beaa2000 RDI=00000000beac8000 RBP=00000000bed890c0 RSP=00000000bfec26a0
R8 =00000000000000af R9 =00000000beac7fff R10=00000000bfee1e49 R11=0000000000000000
R12=00000000beaa2000 R13=0000000000000026 R14=00000000beac8000 R15=0000000000000007
RIP=00000000bfee01fc RFL=00000206 [-----P-] CPL=0 II=0 A20=1 SMM=0 HLT=0
ES =0030 0000000000000000 ffffffff 00cf9300 DPL=0 DS   [-WA]
CS =0038 0000000000000000 ffffffff 00af9a00 DPL=0 CS64 [-R-]
SS =0030 0000000000000000 ffffffff 00cf9300 DPL=0 DS   [-WA]
DS =0030 0000000000000000 ffffffff 00cf9300 DPL=0 DS   [-WA]
FS =0030 0000000000000000 ffffffff 00cf9300 DPL=0 DS   [-WA]
GS =0030 0000000000000000 ffffffff 00cf9300 DPL=0 DS   [-WA]
LDT=0000 0000000000000000 0000ffff 00008200 DPL=0 LDT
TR =0000 0000000000000000 0000ffff 00008b00 DPL=0 TSS64-busy
GDT=     00000000bf9de000 00000047
IDT=     00000000bf4d2018 00000fff
CR0=80010033 CR2=0000000000000000 CR3=00000000bfc01000 CR4=00000668
DR0=0000000000000000 DR1=0000000000000000 DR2=0000000000000000 DR3=0000000000000000 
DR6=00000000ffff0ff0 DR7=0000000000000400
CCS=0000000000000004 CCD=00000000bfec2690 CCO=EFLAGS
EFER=0000000000000d00
Servicing hardware INT=0x20
    53: v=20 e=0000 i=0 cpl=0 IP=0038:00000000bed5e653 pc=00000000bed5e653 SP=0030:00000000bfec2870 env->regs[R_EAX]=0000000000000030
RAX=0000000000000030 RBX=0000000000000008 RCX=0000000000000030 RDX=0000000000000000
RSI=00000000bfec2a00 RDI=00000000bfec294c RBP=00000000bfec294a RSP=00000000bfec2870
R8 =0000000000000000 R9 =0000000000000000 R10=0000000000000001 R11=0000000000000001
R12=0000000000000002 R13=0000000000000004 R14=0000000000000002 R15=00000000bed6e740
RIP=00000000bed5e653 RFL=00000293 [--S-A-C] CPL=0 II=0 A20=1 SMM=0 HLT=0
ES =0030 0000000000000000 ffffffff 00cf9300 DPL=0 DS   [-WA]
CS =0038 0000000000000000 ffffffff 00af9a00 DPL=0 CS64 [-R-]
SS =0030 0000000000000000 ffffffff 00cf9300 DPL=0 DS   [-WA]
DS =0030 0000000000000000 ffffffff 00cf9300 DPL=0 DS   [-WA]
FS =0030 0000000000000000 ffffffff 00cf9300 DPL=0 DS   [-WA]
GS =0030 0000000000000000 ffffffff 00cf9300 DPL=0 DS   [-WA]
LDT=0000 0000000000000000 0000ffff 00008200 DPL=0 LDT
TR =0000 0000000000000000 0000ffff 00008b00 DPL=0 TSS64-busy
GDT=     00000000bf9de000 00000047
IDT=     00000000bf4d2018 00000fff
CR0=80010033 CR2=0000000000000000 CR3=00000000bfc01000 CR4=00000668
DR0=0000000000000000 DR1=0000000000000000 DR2=0000000000000000 DR3=0000000000000000 
DR6=00000000ffff0ff0 DR7=0000000000000400
CCS=0000000000000091 CCD=fffffffffffffff7 CCO=EFLAGS
EFER=0000000000000d00
Servicing hardware INT=0x20
    54: v=20 e=0000 i=0 cpl=0 IP=0038:00000000bec8b060 pc=00000000bec8b060 SP=0030:00000000bfec27e0 env->regs[R_EAX]=00000000bebb2198
RAX=00000000bebb2198 RBX=00000000bebb0f98 RCX=00000000bec87324 RDX=0000000000000003
RSI=0000000000000000 RDI=0000000000000008 RBP=000000000000001a RSP=00000000bfec27e0
R8 =0000000000000004 R9 =0000000000000008 R10=00000000bfee1e49 R11=0000000000000000
R12=00000000bec8d3e0 R13=00000000bebb2198 R14=00000000bebb0f98 R15=0000000000000001
RIP=00000000bec8b060 RFL=00000202 [-------] CPL=0 II=0 A20=1 SMM=0 HLT=0
ES =0030 0000000000000000 ffffffff 00cf9300 DPL=0 DS   [-WA]
CS =0038 0000000000000000 ffffffff 00af9a00 DPL=0 CS64 [-R-]
SS =0030 0000000000000000 ffffffff 00cf9300 DPL=0 DS   [-WA]
DS =0030 0000000000000000 ffffffff 00cf9300 DPL=0 DS   [-WA]
FS =0030 0000000000000000 ffffffff 00cf9300 DPL=0 DS   [-WA]
GS =0030 0000000000000000 ffffffff 00cf9300 DPL=0 DS   [-WA]
LDT=0000 0000000000000000 0000ffff 00008200 DPL=0 LDT
TR =0000 0000000000000000 0000ffff 00008b00 DPL=0 TSS64-busy
GDT=     00000000bf9de000 00000047
IDT=     00000000bf4d2018 00000fff
CR0=80010033 CR2=0000000000000000 CR3=00000000bfc01000 CR4=00000668
DR0=0000000000000000 DR1=0000000000000000 DR2=0000000000000000 DR3=0000000000000000 
DR6=00000000ffff0ff0 DR7=0000000000000400
CCS=0000000000000000 CCD=00000000bebb2198 CCO=EFLAGS
EFER=0000000000000d00
Servicing hardware INT=0x20
    55: v=20 e=0000 i=0 cpl=0 IP=0038:00000000bfec745c pc=00000000bfec745c SP=0030:00000000bfec2620 env->regs[R_EAX]=00000000bebb1100
RAX=00000000bebb1100 RBX=00000000000000c0 RCX=0000000000000000 RDX=00000000bebb1100
RSI=0000000000000000 RDI=00000000000000c0 RBP=00000000bebb1100 RSP=00000000bfec2620
R8 =00000000000000af R9 =0000000000000098 R10=00000000bf9cd198 R11=0000000000000000
R12=00000000bfeea000 R13=0000000000000001 R14=0000000000000000 R15=00000000bebb1118
RIP=00000000bfec745c RFL=00000206 [-----P-] CPL=0 II=0 A20=1 SMM=0 HLT=0
ES =0030 0000000000000000 ffffffff 00cf9300 DPL=0 DS   [-WA]
CS =0038 0000000000000000 ffffffff 00af9a00 DPL=0 CS64 [-R-]
SS =0030 0000000000000000 ffffffff 00cf9300 DPL=0 DS   [-WA]
DS =0030 0000000000000000 ffffffff 00cf9300 DPL=0 DS   [-WA]
FS =0030 0000000000000000 ffffffff 00cf9300 DPL=0 DS   [-WA]
GS =0030 0000000000000000 ffffffff 00cf9300 DPL=0 DS   [-WA]
LDT=0000 0000000000000000 0000ffff 00008200 DPL=0 LDT
TR =0000 0000000000000000 0000ffff 00008b00 DPL=0 TSS64-busy
GDT=     00000000bf9de000 00000047
IDT=     00000000bf4d2018 00000fff
CR0=80010033 CR2=0000000000000000 CR3=00000000bfc01000 CR4=00000668
DR0=0000000000000000 DR1=0000000000000000 DR2=0000000000000000 DR3=0000000000000000 
DR6=00000000ffff0ff0 DR7=0000000000000400
CCS=0000000000000004 CCD=00000000bfec2600 CCO=EFLAGS
EFER=0000000000000d00
Servicing hardware INT=0x20
    56: v=20 e=0000 i=0 cpl=0 IP=0038:00000000bec873ab pc=00000000bec873ab SP=0030:00000000bfec2548 env->regs[R_EAX]=0000000000000060
RAX=0000000000000060 RBX=00000000bebb2218 RCX=00000000000003fd RDX=00000000000003fd
RSI=0000000000000005 RDI=00000000bebb2218 RBP=00000000bfec2688 RSP=00000000bfec2548
R8 =0000000000000006 R9 =00000000000003fd R10=00000000bfee1e49 R11=00000000000000e3
R12=0000000000000000 R13=0000000000000000 R14=00000000bebb22ca R15=00000000bfec259f
RIP=00000000bec873ab RFL=00000293 [--S-A-C] CPL=0 II=0 A20=1 SMM=0 HLT=0
ES =0030 0000000000000000 ffffffff 00cf9300 DPL=0 DS   [-WA]
CS =0038 0000000000000000 ffffffff 00af9a00 DPL=0 CS64 [-R-]
SS =0030 0000000000000000 ffffffff 00cf9300 DPL=0 DS   [-WA]
DS =0030 0000000000000000 ffffffff 00cf9300 DPL=0 DS   [-WA]
FS =0030 0000000000000000 ffffffff 00cf9300 DPL=0 DS   [-WA]
GS =0030 0000000000000000 ffffffff 00cf9300 DPL=0 DS   [-WA]
LDT=0000 0000000000000000 0000ffff 00008200 DPL=0 LDT
TR =0000 0000000000000000 0000ffff 00008b00 DPL=0 TSS64-busy
GDT=     00000000bf9de000 00000047
IDT=     00000000bf4d2018 00000fff
CR0=80010033 CR2=0000000000000000 CR3=00000000bfc01000 CR4=00000668
DR0=0000000000000000 DR1=0000000000000000 DR2=0000000000000000 DR3=0000000000000000 
DR6=00000000ffff0ff0 DR7=0000000000000400
CCS=0000000000000091 CCD=fffffffffffffffe CCO=EFLAGS
EFER=0000000000000d00
Servicing hardware INT=0x20
    57: v=20 e=0000 i=0 cpl=0 IP=0038:00000000bf015fb1 pc=00000000bf015fb1 SP=0030:00000000bfec25f0 env->regs[R_EAX]=0000000000000001
RAX=0000000000000001 RBX=0000000000010020 RCX=0000000000000001 RDX=0000000000000cf8
RSI=0000000000001002 RDI=0000000000000004 RBP=00000000bfec2718 RSP=00000000bfec25f0
R8 =0000000000000000 R9 =0000000000000cf8 R10=00000000bfee1e49 R11=00000000bea1dc50
R12=0000000000010020 R13=0000000000000000 R14=00000000bfec2718 R15=00000000ffffffff
RIP=00000000bf015fb1 RFL=00000202 [-------] CPL=0 II=0 A20=1 SMM=0 HLT=0
ES =0030 0000000000000000 ffffffff 00cf9300 DPL=0 DS   [-WA]
CS =0038 0000000000000000 ffffffff 00af9a00 DPL=0 CS64 [-R-]
SS =0030 0000000000000000 ffffffff 00cf9300 DPL=0 DS   [-WA]
DS =0030 0000000000000000 ffffffff 00cf9300 DPL=0 DS   [-WA]
FS =0030 0000000000000000 ffffffff 00cf9300 DPL=0 DS   [-WA]
GS =0030 0000000000000000 ffffffff 00cf9300 DPL=0 DS   [-WA]
LDT=0000 0000000000000000 0000ffff 00008200 DPL=0 LDT
TR =0000 0000000000000000 0000ffff 00008b00 DPL=0 TSS64-busy
GDT=     00000000bf9de000 00000047
IDT=     00000000bf4d2018 00000fff
CR0=80010033 CR2=0000000000000000 CR3=00000000bfc01000 CR4=00000668
DR0=0000000000000000 DR1=0000000000000000 DR2=0000000000000000 DR3=0000000000000000 
DR6=00000000ffff0ff0 DR7=0000000000000400
CCS=0000000000000030 CCD=0000000000000001 CCO=LOGICB
EFER=0000000000000d00
Servicing hardware INT=0x20
    58: v=20 e=0000 i=0 cpl=0 IP=0038:00000000bea0fb8b pc=00000000bea0fb8b SP=0030:00000000bfec27a0 env->regs[R_EAX]=0000000000000000
RAX=0000000000000000 RBX=00000000bea212c0 RCX=0000000000000000 RDX=0000000000000014
RSI=00000000bea212d0 RDI=00000000bea212c0 RBP=00000000bea212d0 RSP=00000000bfec27a0
R8 =0000000000000000 R9 =0000000000000000 R10=00000000bfee1e49 R11=00000000bea1dc50
R12=00000000bea212b0 R13=0000000000000060 R14=0000000000000084 R15=0000000000000070
RIP=00000000bea0fb8b RFL=00000247 [---Z-PC] CPL=0 II=0 A20=1 SMM=0 HLT=0
ES =0030 0000000000000000 ffffffff 00cf9300 DPL=0 DS   [-WA]
CS =0038 0000000000000000 ffffffff 00af9a00 DPL=0 CS64 [-R-]
SS =0030 0000000000000000 ffffffff 00cf9300 DPL=0 DS   [-WA]
DS =0030 0000000000000000 ffffffff 00cf9300 DPL=0 DS   [-WA]
FS =0030 0000000000000000 ffffffff 00cf9300 DPL=0 DS   [-WA]
GS =0030 0000000000000000 ffffffff 00cf9300 DPL=0 DS   [-WA]
LDT=0000 0000000000000000 0000ffff 00008200 DPL=0 LDT
TR =0000 0000000000000000 0000ffff 00008b00 DPL=0 TSS64-busy
GDT=     00000000bf9de000 00000047
IDT=     00000000bf4d2018 00000fff
CR0=80010033 CR2=0000000000000000 CR3=00000000bfc01000 CR4=00000668
DR0=0000000000000000 DR1=0000000000000000 DR2=0000000000000000 DR3=0000000000000000 
DR6=00000000ffff0ff0 DR7=0000000000000400
CCS=0000000000000045 CCD=0000000000000000 CCO=EFLAGS
EFER=0000000000000d00
Servicing hardware INT=0x20
    59: v=20 e=0000 i=0 cpl=0 IP=0038:00000000bf089266 pc=00000000bf089266 SP=0030:00000000bfec2488 env->regs[R_EAX]=00000000bf09ce20
RAX=00000000bf09ce20 RBX=0000000000000010 RCX=00000000bf09ce20 RDX=0000000000000010
RSI=00000000beab1000 RDI=0000000000000001 RBP=00000000bfee3ec5 RSP=00000000bfec2488
R8 =0000000000000000 R9 =00000000bfeeadff R10=00000000bfee1e49 R11=0000000000000006
R12=00000000bfeeaba0 R13=0000000000000004 R14=0000000000000000 R15=00000000bfeea000
RIP=00000000bf089266 RFL=00000206 [-----P-] CPL=0 II=0 A20=1 SMM=0 HLT=0
ES =0030 0000000000000000 ffffffff 00cf9300 DPL=0 DS   [-WA]
CS =0038 0000000000000000 ffffffff 00af9a00 DPL=0 CS64 [-R-]
SS =0030 0000000000000000 ffffffff 00cf9300 DPL=0 DS   [-WA]
DS =0030 0000000000000000 ffffffff 00cf9300 DPL=0 DS   [-WA]
FS =0030 0000000000000000 ffffffff 00cf9300 DPL=0 DS   [-WA]
GS =0030 0000000000000000 ffffffff 00cf9300 DPL=0 DS   [-WA]
LDT=0000 0000000000000000 0000ffff 00008200 DPL=0 LDT
TR =0000 0000000000000000 0000ffff 00008b00 DPL=0 TSS64-busy
GDT=     00000000bf9de000 00000047
IDT=     00000000bf4d2018 00000fff
CR0=80010033 CR2=0000000000000000 CR3=00000000bfc01000 CR4=00000668
DR0=0000000000000000 DR1=0000000000000000 DR2=0000000000000000 DR3=0000000000000000 
DR6=00000000ffff0ff0 DR7=0000000000000400
CCS=0000000000000004 CCD=00000000bfec2490 CCO=EFLAGS
EFER=0000000000000d00
Servicing hardware INT=0x20
    60: v=20 e=0000 i=0 cpl=0 IP=0038:00000000bec56502 pc=00000000bec56502 SP=0030:00000000bfec2478 env->regs[R_EAX]=0000000000000000
RAX=0000000000000000 RBX=00000000be91a118 RCX=00000000bec5adf0 RDX=00000000be91a918
RSI=00000000bfee8601 RDI=00000000be91a118 RBP=0000000000000020 RSP=00000000bfec2478
R8 =00000000bec5a980 R9 =00000000bec5a860 R10=00000000bfee1e49 R11=0000000000000004
R12=00000000bec5ae00 R13=00000000bec5af30 R14=00000000bec5af50 R15=0000000000000000
RIP=00000000bec56502 RFL=00000202 [-------] CPL=0 II=0 A20=1 SMM=0 HLT=0
ES =0030 0000000000000000 ffffffff 00cf9300 DPL=0 DS   [-WA]
CS =0038 0000000000000000 ffffffff 00af9a00 DPL=0 CS64 [-R-]
SS =0030 0000000000000000 ffffffff 00cf9300 DPL=0 DS   [-WA]
DS =0030 0000000000000000 ffffffff 00cf9300 DPL=0 DS   [-WA]
FS =0030 0000000000000000 ffffffff 00cf9300 DPL=0 DS   [-WA]
GS =0030 0000000000000000 ffffffff 00cf9300 DPL=0 DS   [-WA]
LDT=0000 0000000000000000 0000ffff 00008200 DPL=0 LDT
TR =0000 0000000000000000 0000ffff 00008b00 DPL=0 TSS64-busy
GDT=     00000000bf9de000 00000047
IDT=     00000000bf4d2018 00000fff
CR0=80010033 CR2=0000000000000000 CR3=00000000bfc01000 CR4=00000668
DR0=0000000000000000 DR1=0000000000000000 DR2=0000000000000000 DR3=0000000000000000 
DR6=00000000ffff0ff0 DR7=0000000000000400
CCS=0000000000000000 CCD=00000000bfec2480 CCO=EFLAGS
EFER=0000000000000d00
Servicing hardware INT=0x20
    61: v=20 e=0000 i=0 cpl=0 IP=0038:00000000bf0159de pc=00000000bf0159de SP=0030:00000000bfec2420 env->regs[R_EAX]=0000000000000001
RAX=0000000000000001 RBX=0000000000000000 RCX=0000000000000001 RDX=0000000000000cf8
RSI=0000000000000004 RDI=0000000000000007 RBP=0000000000000001 RSP=00000000bfec2420
R8 =0000000000000000 R9 =0000000000000cf8 R10=00000000bfee1e49 R11=0000000000000006
R12=0000000000000007 R13=0000000000000000 R14=00000000bfec25ba R15=0000000000000100
RIP=00000000bf0159de RFL=00000202 [-------] CPL=0 II=0 A20=1 SMM=0 HLT=0
ES =0030 0000000000000000 ffffffff 00cf9300 DPL=0 DS   [-WA]
CS =0038 0000000000000000 ffffffff 00af9a00 DPL=0 CS64 [-R-]
SS =0030 0000000000000000 ffffffff 00cf9300 DPL=0 DS   [-WA]
DS =0030 0000000000000000 ffffffff 00cf9300 DPL=0 DS   [-WA]
FS =0030 0000000000000000 ffffffff 00cf9300 DPL=0 DS   [-WA]
GS =0030 0000000000000000 ffffffff 00cf9300 DPL=0 DS   [-WA]
LDT=0000 0000000000000000 0000ffff 00008200 DPL=0 LDT
TR =0000 0000000000000000 0000ffff 00008b00 DPL=0 TSS64-busy
GDT=     00000000bf9de000 00000047
IDT=     00000000bf4d2018 00000fff
CR0=80010033 CR2=0000000000000000 CR3=00000000bfc01000 CR4=00000668
DR0=0000000000000000 DR1=0000000000000000 DR2=0000000000000000 DR3=0000000000000000 
DR6=00000000ffff0ff0 DR7=0000000000000400
CCS=0000000000000030 CCD=0000000000000001 CCO=LOGICB
EFER=0000000000000d00
Servicing hardware INT=0x20
    62: v=20 e=0000 i=0 cpl=0 IP=0038:00000000bfec3a36 pc=00000000bfec3a36 SP=0030:00000000bfec2540 env->regs[R_EAX]=00000000a4c00000
RAX=00000000a4c00000 RBX=0000000000000001 RCX=00000000bec22718 RDX=00000000bec22700
RSI=0000000000000001 RDI=00000000bec22710 RBP=00000000bfee1cc0 RSP=00000000bfec2540
R8 =ddaa3413e5d45882 R9 =00000000be911d20 R10=0000000000000000 R11=000000000000000c
R12=00000000bf8ee020 R13=00000000bec22710 R14=00000000bf8ee018 R15=00000000bfee1e49
RIP=00000000bfec3a36 RFL=00000286 [--S--P-] CPL=0 II=0 A20=1 SMM=0 HLT=0
ES =0030 0000000000000000 ffffffff 00cf9300 DPL=0 DS   [-WA]
CS =0038 0000000000000000 ffffffff 00af9a00 DPL=0 CS64 [-R-]
SS =0030 0000000000000000 ffffffff 00cf9300 DPL=0 DS   [-WA]
DS =0030 0000000000000000 ffffffff 00cf9300 DPL=0 DS   [-WA]
FS =0030 0000000000000000 ffffffff 00cf9300 DPL=0 DS   [-WA]
GS =0030 0000000000000000 ffffffff 00cf9300 DPL=0 DS   [-WA]
LDT=0000 0000000000000000 0000ffff 00008200 DPL=0 LDT
TR =0000 0000000000000000 0000ffff 00008b00 DPL=0 TSS64-busy
GDT=     00000000bf9de000 00000047
IDT=     00000000bf4d2018 00000fff
CR0=80010033 CR2=0000000000000000 CR3=00000000bfc01000 CR4=00000668
DR0=0000000000000000 DR1=0000000000000000 DR2=0000000000000000 DR3=0000000000000000 
DR6=00000000ffff0ff0 DR7=0000000000000400
CCS=0000000000000084 CCD=00000000a4c00000 CCO=EFLAGS
EFER=0000000000000d00
Servicing hardware INT=0x20
    63: v=20 e=0000 i=0 cpl=0 IP=0038:00000000bebca22c pc=00000000bebca22c SP=0030:00000000bfec27e0 env->regs[R_EAX]=0000000000000000
RAX=0000000000000000 RBX=00000000be90595c RCX=00000000bea2191c RDX=00000000bea2193f
RSI=00000000bfec2830 RDI=00000000be907d40 RBP=00000000be905c00 RSP=00000000bfec27e0
R8 =3b7269c9a000398e R9 =0000000000000000 R10=00000000bfee1e49 R11=0000000000000006
R12=00000000be905018 R13=00000000bfec2830 R14=00000000be904e18 R15=0000000000000000
RIP=00000000bebca22c RFL=00000246 [---Z-P-] CPL=0 II=0 A20=1 SMM=0 HLT=0
ES =0030 0000000000000000 ffffffff 00cf9300 DPL=0 DS   [-WA]
CS =0038 0000000000000000 ffffffff 00af9a00 DPL=0 CS64 [-R-]
SS =0030 0000000000000000 ffffffff 00cf9300 DPL=0 DS   [-WA]
DS =0030 0000000000000000 ffffffff 00cf9300 DPL=0 DS   [-WA]
FS =0030 0000000000000000 ffffffff 00cf9300 DPL=0 DS   [-WA]
GS =0030 0000000000000000 ffffffff 00cf9300 DPL=0 DS   [-WA]
LDT=0000 0000000000000000 0000ffff 00008200 DPL=0 LDT
TR =0000 0000000000000000 0000ffff 00008b00 DPL=0 TSS64-busy
GDT=     00000000bf9de000 00000047
IDT=     00000000bf4d2018 00000fff
CR0=80010033 CR2=0000000000000000 CR3=00000000bfc01000 CR4=00000668
DR0=0000000000000000 DR1=0000000000000000 DR2=0000000000000000 DR3=0000000000000000 
DR6=00000000ffff0ff0 DR7=0000000000000400
CCS=0000000000000044 CCD=0000000000000000 CCO=EFLAGS
EFER=0000000000000d00
Servicing hardware INT=0x20
    64: v=20 e=0000 i=0 cpl=0 IP=0038:00000000bfede3f0 pc=00000000bfede3f0 SP=0030:00000000bfec22a0 env->regs[R_EAX]=00000000bfbffa40
RAX=00000000bfbffa40 RBX=00000000bf8eefff RCX=000000000000000c RDX=000000000000000c
RSI=0000000000000000 RDI=00000000bf8eefff RBP=0000000000000000 RSP=00000000bfec22a0
R8 =0000000000000001 R9 =0000000000000058 R10=00000000bfec2728 R11=000000000000000c
R12=0000000000001000 R13=0000000000000001 R14=00000000bfbffa48 R15=00000000bfeea000
RIP=00000000bfede3f0 RFL=00000246 [---Z-P-] CPL=0 II=0 A20=1 SMM=0 HLT=0
ES =0030 0000000000000000 ffffffff 00cf9300 DPL=0 DS   [-WA]
CS =0038 0000000000000000 ffffffff 00af9a00 DPL=0 CS64 [-R-]
SS =0030 0000000000000000 ffffffff 00cf9300 DPL=0 DS   [-WA]
DS =0030 0000000000000000 ffffffff 00cf9300 DPL=0 DS   [-WA]
FS =0030 0000000000000000 ffffffff 00cf9300 DPL=0 DS   [-WA]
GS =0030 0000000000000000 ffffffff 00cf9300 DPL=0 DS   [-WA]
LDT=0000 0000000000000000 0000ffff 00008200 DPL=0 LDT
TR =0000 0000000000000000 0000ffff 00008b00 DPL=0 TSS64-busy
GDT=     00000000bf9de000 00000047
IDT=     00000000bf4d2018 00000fff
CR0=80010033 CR2=0000000000000000 CR3=00000000bfc01000 CR4=00000668
DR0=0000000000000000 DR1=0000000000000000 DR2=0000000000000000 DR3=0000000000000000 
DR6=00000000ffff0ff0 DR7=0000000000000400
CCS=0000000000000044 CCD=0000000000000000 CCO=EFLAGS
EFER=0000000000000d00
Servicing hardware INT=0x20
    65: v=20 e=0000 i=0 cpl=0 IP=0038:00000000bfed5c1a pc=00000000bfed5c1a SP=0030:00000000bfec23d0 env->regs[R_EAX]=5549b360e090338a
RAX=5549b360e090338a RBX=00000000bec0ecd0 RCX=00000000bec0ecd8 RDX=00000000bec0ecd0
RSI=a472b72fb8ed37b0 RDI=43cbb4b94f948815 RBP=437dd7060379be4e RSP=00000000bfec23d0
R8 =5549b360e090338a R9 =00000000be8e3038 R10=00000000bfec2608 R11=000000000000000c
R12=00000000bf4f3c20 R13=00000000bec0ecd0 R14=00000000bf4f3c18 R15=00000000bfee1e49
RIP=00000000bfed5c1a RFL=00000206 [-----P-] CPL=0 II=0 A20=1 SMM=0 HLT=0
ES =0030 0000000000000000 ffffffff 00cf9300 DPL=0 DS   [-WA]
CS =0038 0000000000000000 ffffffff 00af9a00 DPL=0 CS64 [-R-]
SS =0030 0000000000000000 ffffffff 00cf9300 DPL=0 DS   [-WA]
DS =0030 0000000000000000 ffffffff 00cf9300 DPL=0 DS   [-WA]
FS =0030 0000000000000000 ffffffff 00cf9300 DPL=0 DS   [-WA]
GS =0030 0000000000000000 ffffffff 00cf9300 DPL=0 DS   [-WA]
LDT=0000 0000000000000000 0000ffff 00008200 DPL=0 LDT
TR =0000 0000000000000000 0000ffff 00008b00 DPL=0 TSS64-busy
GDT=     00000000bf9de000 00000047
IDT=     00000000bf4d2018 00000fff
CR0=80010033 CR2=0000000000000000 CR3=00000000bfc01000 CR4=00000668
DR0=0000000000000000 DR1=0000000000000000 DR2=0000000000000000 DR3=0000000000000000 
DR6=00000000ffff0ff0 DR7=0000000000000400
CCS=0000000000000004 CCD=00000000bfec23c0 CCO=EFLAGS
EFER=0000000000000d00
Servicing hardware INT=0x20
    66: v=20 e=0000 i=0 cpl=0 IP=0038:00000000bfed5c02 pc=00000000bfed5c02 SP=0030:00000000bfec26f0 env->regs[R_EAX]=11d26d3f09576e91
RAX=11d26d3f09576e91 RBX=00000000bec63a00 RCX=00000000bec63a00 RDX=00000000bec63a00
RSI=00000000be8f43b0 RDI=00000000bebae318 RBP=48d226deb95e9fda RSP=00000000bfec26f0
R8 =3b7269c9a000398e R9 =00000000bece5e18 R10=00000000bfee1e49 R11=0000000000000004
R12=00000000be8e8018 R13=00000000bec63a00 R14=00000000bfee1cc0 R15=00000000bfee1e49
RIP=00000000bfed5c02 RFL=00000202 [-------] CPL=0 II=0 A20=1 SMM=0 HLT=0
ES =0030 0000000000000000 ffffffff 00cf9300 DPL=0 DS   [-WA]
CS =0038 0000000000000000 ffffffff 00af9a00 DPL=0 CS64 [-R-]
SS =0030 0000000000000000 ffffffff 00cf9300 DPL=0 DS   [-WA]
DS =0030 0000000000000000 ffffffff 00cf9300 DPL=0 DS   [-WA]
FS =0030 0000000000000000 ffffffff 00cf9300 DPL=0 DS   [-WA]
GS =0030 0000000000000000 ffffffff 00cf9300 DPL=0 DS   [-WA]
LDT=0000 0000000000000000 0000ffff 00008200 DPL=0 LDT
TR =0000 0000000000000000 0000ffff 00008b00 DPL=0 TSS64-busy
GDT=     00000000bf9de000 00000047
IDT=     00000000bf4d2018 00000fff
CR0=80010033 CR2=0000000000000000 CR3=00000000bfc01000 CR4=00000668
DR0=0000000000000000 DR1=0000000000000000 DR2=0000000000000000 DR3=0000000000000000 
DR6=00000000ffff0ff0 DR7=0000000000000400
CCS=0000000000000000 CCD=00000000bfec26e0 CCO=EFLAGS
EFER=0000000000000d00
Servicing hardware INT=0x20
    67: v=20 e=0000 i=0 cpl=0 IP=0038:00000000bfec36b1 pc=00000000bfec36b1 SP=0030:00000000bfec2660 env->regs[R_EAX]=00000000be8fc018
RAX=00000000be8fc018 RBX=00000000be8fda20 RCX=0000000000000010 RDX=00000000bebb8d40
RSI=0000000000000000 RDI=00000000becac098 RBP=00000000becac098 RSP=00000000bfec2660
R8 =00000000bfec2748 R9 =00000000becac098 R10=0000000000000000 R11=0000000000000000
R12=00000000bfee87a0 R13=00000000bfee1cc0 R14=00000000bfee1e49 R15=00000000be919398
RIP=00000000bfec36b1 RFL=00000283 [--S---C] CPL=0 II=0 A20=1 SMM=0 HLT=0
ES =0030 0000000000000000 ffffffff 00cf9300 DPL=0 DS   [-WA]
CS =0038 0000000000000000 ffffffff 00af9a00 DPL=0 CS64 [-R-]
SS =0030 0000000000000000 ffffffff 00cf9300 DPL=0 DS   [-WA]
DS =0030 0000000000000000 ffffffff 00cf9300 DPL=0 DS   [-WA]
FS =0030 0000000000000000 ffffffff 00cf9300 DPL=0 DS   [-WA]
GS =0030 0000000000000000 ffffffff 00cf9300 DPL=0 DS   [-WA]
LDT=0000 0000000000000000 0000ffff 00008200 DPL=0 LDT
TR =0000 0000000000000000 0000ffff 00008b00 DPL=0 TSS64-busy
GDT=     00000000bf9de000 00000047
IDT=     00000000bf4d2018 00000fff
CR0=80010033 CR2=0000000000000000 CR3=00000000bfc01000 CR4=00000668
DR0=0000000000000000 DR1=0000000000000000 DR2=0000000000000000 DR3=0000000000000000 
DR6=00000000ffff0ff0 DR7=0000000000000400
CCS=0000000000000081 CCD=fffffffffea15280 CCO=EFLAGS
EFER=0000000000000d00
Servicing hardware INT=0x20
    68: v=20 e=0000 i=0 cpl=0 IP=0038:00000000bfec36da pc=00000000bfec36da SP=0030:00000000bfec2530 env->regs[R_EAX]=00000000bece4b98
RAX=00000000bece4b98 RBX=00000000bece4ba0 RCX=0000000000000010 RDX=00000000be8d2318
RSI=00000000bfec2658 RDI=00000000bece6818 RBP=00000000bece6818 RSP=00000000bfec2530
R8 =00000000be8d1d18 R9 =0000000000000000 R10=00000000bfee1e49 R11=0000000000000000
R12=00000000bfee87a0 R13=00000000bfee1cc0 R14=00000000bfee1e49 R15=00000000be8d1d18
RIP=00000000bfec36da RFL=00000246 [---Z-P-] CPL=0 II=0 A20=1 SMM=0 HLT=0
ES =0030 0000000000000000 ffffffff 00cf9300 DPL=0 DS   [-WA]
CS =0038 0000000000000000 ffffffff 00af9a00 DPL=0 CS64 [-R-]
SS =0030 0000000000000000 ffffffff 00cf9300 DPL=0 DS   [-WA]
DS =0030 0000000000000000 ffffffff 00cf9300 DPL=0 DS   [-WA]
FS =0030 0000000000000000 ffffffff 00cf9300 DPL=0 DS   [-WA]
GS =0030 0000000000000000 ffffffff 00cf9300 DPL=0 DS   [-WA]
LDT=0000 0000000000000000 0000ffff 00008200 DPL=0 LDT
TR =0000 0000000000000000 0000ffff 00008b00 DPL=0 TSS64-busy
GDT=     00000000bf9de000 00000047
IDT=     00000000bf4d2018 00000fff
CR0=80010033 CR2=0000000000000000 CR3=00000000bfc01000 CR4=00000668
DR0=0000000000000000 DR1=0000000000000000 DR2=0000000000000000 DR3=0000000000000000 
DR6=00000000ffff0ff0 DR7=0000000000000400
CCS=0000000000000044 CCD=0000000000000000 CCO=EFLAGS
EFER=0000000000000d00
Servicing hardware INT=0x20
    69: v=20 e=0000 i=0 cpl=0 IP=0038:00000000bfec36da pc=00000000bfec36da SP=0030:00000000bfec2490 env->regs[R_EAX]=00000000bebb0f98
RAX=00000000bebb0f98 RBX=00000000bebb0fa0 RCX=0000000000000010 RDX=00000000bfee8640
RSI=00000000bfee8640 RDI=00000000becc3118 RBP=00000000becc3118 RSP=00000000bfec2490
R8 =00000000bfec2650 R9 =00000000bf8eef98 R10=00000000bfee9600 R11=0000000000000000
R12=00000000bfee87a0 R13=00000000bfee1cc0 R14=00000000bfee1e49 R15=0000000000000000
RIP=00000000bfec36da RFL=00000246 [---Z-P-] CPL=0 II=0 A20=1 SMM=0 HLT=0
ES =0030 0000000000000000 ffffffff 00cf9300 DPL=0 DS   [-WA]
CS =0038 0000000000000000 ffffffff 00af9a00 DPL=0 CS64 [-R-]
SS =0030 0000000000000000 ffffffff 00cf9300 DPL=0 DS   [-WA]
DS =0030 0000000000000000 ffffffff 00cf9300 DPL=0 DS   [-WA]
FS =0030 0000000000000000 ffffffff 00cf9300 DPL=0 DS   [-WA]
GS =0030 0000000000000000 ffffffff 00cf9300 DPL=0 DS   [-WA]
LDT=0000 0000000000000000 0000ffff 00008200 DPL=0 LDT
TR =0000 0000000000000000 0000ffff 00008b00 DPL=0 TSS64-busy
GDT=     00000000bf9de000 00000047
IDT=     00000000bf4d2018 00000fff
CR0=80010033 CR2=0000000000000000 CR3=00000000bfc01000 CR4=00000668
DR0=0000000000000000 DR1=0000000000000000 DR2=0000000000000000 DR3=0000000000000000 
DR6=00000000ffff0ff0 DR7=0000000000000400
CCS=0000000000000044 CCD=0000000000000000 CCO=EFLAGS
EFER=0000000000000d00
Servicing hardware INT=0x20
    70: v=20 e=0000 i=0 cpl=0 IP=0038:00000000bfec36da pc=00000000bfec36da SP=0030:00000000bfec2490 env->regs[R_EAX]=00000000becb5098
RAX=00000000becb5098 RBX=00000000becb50a0 RCX=0000000000000010 RDX=00000000bfee8640
RSI=00000000bfee8640 RDI=00000000bed07c18 RBP=00000000bed07c18 RSP=00000000bfec2490
R8 =00000000bfec2650 R9 =00000000bf8eef98 R10=00000000bfee9600 R11=0000000000000000
R12=00000000bfee87a0 R13=00000000bfee1cc0 R14=00000000bfee1e49 R15=0000000000000000
RIP=00000000bfec36da RFL=00000246 [---Z-P-] CPL=0 II=0 A20=1 SMM=0 HLT=0
ES =0030 0000000000000000 ffffffff 00cf9300 DPL=0 DS   [-WA]
CS =0038 0000000000000000 ffffffff 00af9a00 DPL=0 CS64 [-R-]
SS =0030 0000000000000000 ffffffff 00cf9300 DPL=0 DS   [-WA]
DS =0030 0000000000000000 ffffffff 00cf9300 DPL=0 DS   [-WA]
FS =0030 0000000000000000 ffffffff 00cf9300 DPL=0 DS   [-WA]
GS =0030 0000000000000000 ffffffff 00cf9300 DPL=0 DS   [-WA]
LDT=0000 0000000000000000 0000ffff 00008200 DPL=0 LDT
TR =0000 0000000000000000 0000ffff 00008b00 DPL=0 TSS64-busy
GDT=     00000000bf9de000 00000047
IDT=     00000000bf4d2018 00000fff
CR0=80010033 CR2=0000000000000000 CR3=00000000bfc01000 CR4=00000668
DR0=0000000000000000 DR1=0000000000000000 DR2=0000000000000000 DR3=0000000000000000 
DR6=00000000ffff0ff0 DR7=0000000000000400
CCS=0000000000000044 CCD=0000000000000000 CCO=EFLAGS
EFER=0000000000000d00
Servicing hardware INT=0x20
    71: v=20 e=0000 i=0 cpl=0 IP=0038:00000000bfec914d pc=00000000bfec914d SP=0030:00000000bfec2470 env->regs[R_EAX]=0000000000000036
RAX=0000000000000036 RBX=0000000000000041 RCX=00000000bebb8ca0 RDX=000000000000003d
RSI=000000000000003d RDI=00000000bfee8610 RBP=00000000becac098 RSP=00000000bfec2470
R8 =719f1e26090cc0a5 R9 =0000000000000000 R10=00000000bfee1e49 R11=0000000000000000
R12=00000000bfec2568 R13=00000000be8d1d18 R14=0000000000000000 R15=00000000be8d1298
RIP=00000000bfec914d RFL=00000293 [--S-A-C] CPL=0 II=0 A20=1 SMM=0 HLT=0
ES =0030 0000000000000000 ffffffff 00cf9300 DPL=0 DS   [-WA]
CS =0038 0000000000000000 ffffffff 00af9a00 DPL=0 CS64 [-R-]
SS =0030 0000000000000000 ffffffff 00cf9300 DPL=0 DS   [-WA]
DS =0030 0000000000000000 ffffffff 00cf9300 DPL=0 DS   [-WA]
FS =0030 0000000000000000 ffffffff 00cf9300 DPL=0 DS   [-WA]
GS =0030 0000000000000000 ffffffff 00cf9300 DPL=0 DS   [-WA]
LDT=0000 0000000000000000 0000ffff 00008200 DPL=0 LDT
TR =0000 0000000000000000 0000ffff 00008b00 DPL=0 TSS64-busy
GDT=     00000000bf9de000 00000047
IDT=     00000000bf4d2018 00000fff
CR0=80010033 CR2=0000000000000000 CR3=00000000bfc01000 CR4=00000668
DR0=0000000000000000 DR1=0000000000000000 DR2=0000000000000000 DR3=0000000000000000 
DR6=00000000ffff0ff0 DR7=0000000000000400
CCS=0000000000000091 CCD=ffffffff41353f68 CCO=EFLAGS
EFER=0000000000000d00
Servicing hardware INT=0x20
    72: v=20 e=0000 i=0 cpl=0 IP=0038:00000000bfec3684 pc=00000000bfec3684 SP=0030:00000000bfec2530 env->regs[R_EAX]=0000000000000004
RAX=0000000000000004 RBX=0000000000000041 RCX=0000000000000010 RDX=00000000be8d1298
RSI=00000000bfec2658 RDI=00000000becc3118 RBP=00000000becc3118 RSP=00000000bfec2530
R8 =00000000be8d1d18 R9 =0000000000000000 R10=00000000bfee1e49 R11=0000000000000000
R12=00000000bfec2658 R13=00000000be8d1298 R14=0000000000000041 R15=00000000be8d1d18
RIP=00000000bfec3684 RFL=00000246 [---Z-P-] CPL=0 II=0 A20=1 SMM=0 HLT=0
ES =0030 0000000000000000 ffffffff 00cf9300 DPL=0 DS   [-WA]
CS =0038 0000000000000000 ffffffff 00af9a00 DPL=0 CS64 [-R-]
SS =0030 0000000000000000 ffffffff 00cf9300 DPL=0 DS   [-WA]
DS =0030 0000000000000000 ffffffff 00cf9300 DPL=0 DS   [-WA]
FS =0030 0000000000000000 ffffffff 00cf9300 DPL=0 DS   [-WA]
GS =0030 0000000000000000 ffffffff 00cf9300 DPL=0 DS   [-WA]
LDT=0000 0000000000000000 0000ffff 00008200 DPL=0 LDT
TR =0000 0000000000000000 0000ffff 00008b00 DPL=0 TSS64-busy
GDT=     00000000bf9de000 00000047
IDT=     00000000bf4d2018 00000fff
CR0=80010033 CR2=0000000000000000 CR3=00000000bfc01000 CR4=00000668
DR0=0000000000000000 DR1=0000000000000000 DR2=0000000000000000 DR3=0000000000000000 
DR6=00000000ffff0ff0 DR7=0000000000000400
CCS=0000000000000044 CCD=0000000000000000 CCO=EFLAGS
EFER=0000000000000d00
Servicing hardware INT=0x20
    73: v=20 e=0000 i=0 cpl=0 IP=0038:00000000bfec36da pc=00000000bfec36da SP=0030:00000000bfec2440 env->regs[R_EAX]=00000000be8d6e18
RAX=00000000be8d6e18 RBX=00000000be8d6e20 RCX=0000000000000010 RDX=00000000becc7480
RSI=0000000000000000 RDI=00000000bed07218 RBP=00000000bed07218 RSP=00000000bfec2440
R8 =00000000bfec2548 R9 =00000000bed07218 R10=0000000000000000 R11=0000000000000000
R12=00000000bfee87a0 R13=00000000bfee1cc0 R14=00000000bfee1e49 R15=00000000be8e1798
RIP=00000000bfec36da RFL=00000246 [---Z-P-] CPL=0 II=0 A20=1 SMM=0 HLT=0
ES =0030 0000000000000000 ffffffff 00cf9300 DPL=0 DS   [-WA]
CS =0038 0000000000000000 ffffffff 00af9a00 DPL=0 CS64 [-R-]
SS =0030 0000000000000000 ffffffff 00cf9300 DPL=0 DS   [-WA]
DS =0030 0000000000000000 ffffffff 00cf9300 DPL=0 DS   [-WA]
FS =0030 0000000000000000 ffffffff 00cf9300 DPL=0 DS   [-WA]
GS =0030 0000000000000000 ffffffff 00cf9300 DPL=0 DS   [-WA]
LDT=0000 0000000000000000 0000ffff 00008200 DPL=0 LDT
TR =0000 0000000000000000 0000ffff 00008b00 DPL=0 TSS64-busy
GDT=     00000000bf9de000 00000047
IDT=     00000000bf4d2018 00000fff
CR0=80010033 CR2=0000000000000000 CR3=00000000bfc01000 CR4=00000668
DR0=0000000000000000 DR1=0000000000000000 DR2=0000000000000000 DR3=0000000000000000 
DR6=00000000ffff0ff0 DR7=0000000000000400
CCS=0000000000000044 CCD=0000000000000000 CCO=EFLAGS
EFER=0000000000000d00
Servicing hardware INT=0x20
    74: v=20 e=0000 i=0 cpl=0 IP=0038:00000000bf4de281 pc=00000000bf4de281 SP=0030:00000000bfec2820 env->regs[R_EAX]=00000000be8d1d00
RAX=00000000be8d1d00 RBX=000000000000000c RCX=00000000be8d1d8b RDX=0000000000000000
RSI=000000000000000c RDI=00000000be8d1d18 RBP=0000000000000045 RSP=00000000bfec2820
R8 =0000000000000000 R9 =0000000000000000 R10=00000000bfee1e49 R11=00000000bebdeb00
R12=00000000be8d1d8b R13=0000000000000000 R14=00000000bfec2998 R15=00000000bfec2988
RIP=00000000bf4de281 RFL=00000202 [-------] CPL=0 II=0 A20=1 SMM=0 HLT=0
ES =0030 0000000000000000 ffffffff 00cf9300 DPL=0 DS   [-WA]
CS =0038 0000000000000000 ffffffff 00af9a00 DPL=0 CS64 [-R-]
SS =0030 0000000000000000 ffffffff 00cf9300 DPL=0 DS   [-WA]
DS =0030 0000000000000000 ffffffff 00cf9300 DPL=0 DS   [-WA]
FS =0030 0000000000000000 ffffffff 00cf9300 DPL=0 DS   [-WA]
GS =0030 0000000000000000 ffffffff 00cf9300 DPL=0 DS   [-WA]
LDT=0000 0000000000000000 0000ffff 00008200 DPL=0 LDT
TR =0000 0000000000000000 0000ffff 00008b00 DPL=0 TSS64-busy
GDT=     00000000bf9de000 00000047
IDT=     00000000bf4d2018 00000fff
CR0=80010033 CR2=0000000000000000 CR3=00000000bfc01000 CR4=00000668
DR0=0000000000000000 DR1=0000000000000000 DR2=0000000000000000 DR3=0000000000000000 
DR6=00000000ffff0ff0 DR7=0000000000000400
CCS=0000000000000000 CCD=00000000bfec2810 CCO=EFLAGS
EFER=0000000000000d00
Servicing hardware INT=0x20
    75: v=20 e=0000 i=0 cpl=0 IP=0038:00000000bfec911e pc=00000000bfec911e SP=0030:00000000bfec28b0 env->regs[R_EAX]=0000000000000001
RAX=0000000000000001 RBX=0000000000000041 RCX=00000000bed721a0 RDX=0000000000000000
RSI=0000000000000001 RDI=00000000bfee8610 RBP=00000000bed88418 RSP=00000000bfec28b0
R8 =719f1e26090cc0a5 R9 =0000000000000000 R10=00000000bfee1e49 R11=00000000bebdeb00
R12=00000000bfec29a8 R13=00000000be8d0018 R14=0000000000000000 R15=00000000be8d1518
RIP=00000000bfec911e RFL=00000297 [--S-APC] CPL=0 II=0 A20=1 SMM=0 HLT=0
ES =0030 0000000000000000 ffffffff 00cf9300 DPL=0 DS   [-WA]
CS =0038 0000000000000000 ffffffff 00af9a00 DPL=0 CS64 [-R-]
SS =0030 0000000000000000 ffffffff 00cf9300 DPL=0 DS   [-WA]
DS =0030 0000000000000000 ffffffff 00cf9300 DPL=0 DS   [-WA]
FS =0030 0000000000000000 ffffffff 00cf9300 DPL=0 DS   [-WA]
GS =0030 0000000000000000 ffffffff 00cf9300 DPL=0 DS   [-WA]
LDT=0000 0000000000000000 0000ffff 00008200 DPL=0 LDT
TR =0000 0000000000000000 0000ffff 00008b00 DPL=0 TSS64-busy
GDT=     00000000bf9de000 00000047
IDT=     00000000bf4d2018 00000fff
CR0=80010033 CR2=0000000000000000 CR3=00000000bfc01000 CR4=00000668
DR0=0000000000000000 DR1=0000000000000000 DR2=0000000000000000 DR3=0000000000000000 
DR6=00000000ffff0ff0 DR7=0000000000000400
CCS=0000000000000095 CCD=ffffffffffffffff CCO=EFLAGS
EFER=0000000000000d00
Servicing hardware INT=0x20
    76: v=20 e=0000 i=0 cpl=0 IP=0038:00000000bf4cba29 pc=00000000bf4cba29 SP=0030:00000000bfec2550 env->regs[R_EAX]=0000000000000000
RAX=0000000000000000 RBX=00000000c00b1000 RCX=0000000000000002 RDX=00000000bf4cc8d8
RSI=0000000000000002 RDI=00000000bf4cc184 RBP=00000000bfec268c RSP=00000000bfec2550
R8 =00000000bfec268c R9 =00000000c0000000 R10=00000000000fffff R11=000000000000000a
R12=00000000000d3c00 R13=0000000000000000 R14=0000000000000004 R15=0000000000000000
RIP=00000000bf4cba29 RFL=00000246 [---Z-P-] CPL=0 II=0 A20=1 SMM=0 HLT=0
ES =0030 0000000000000000 ffffffff 00cf9300 DPL=0 DS   [-WA]
CS =0038 0000000000000000 ffffffff 00af9a00 DPL=0 CS64 [-R-]
SS =0030 0000000000000000 ffffffff 00cf9300 DPL=0 DS   [-WA]
DS =0030 0000000000000000 ffffffff 00cf9300 DPL=0 DS   [-WA]
FS =0030 0000000000000000 ffffffff 00cf9300 DPL=0 DS   [-WA]
GS =0030 0000000000000000 ffffffff 00cf9300 DPL=0 DS   [-WA]
LDT=0000 0000000000000000 0000ffff 00008200 DPL=0 LDT
TR =0000 0000000000000000 0000ffff 00008b00 DPL=0 TSS64-busy
GDT=     00000000bf9de000 00000047
IDT=     00000000bf4d2018 00000fff
CR0=80010033 CR2=0000000000000000 CR3=00000000bfc01000 CR4=00000668
DR0=0000000000000000 DR1=0000000000000000 DR2=0000000000000000 DR3=0000000000000000 
DR6=00000000ffff0ff0 DR7=0000000000000400
CCS=0000000000000044 CCD=0000000000000000 CCO=EFLAGS
EFER=0000000000000d00
Servicing hardware INT=0x20
    77: v=20 e=0000 i=0 cpl=0 IP=0038:00000000becebc75 pc=00000000becebc75 SP=0030:00000000bfec2760 env->regs[R_EAX]=0000000000000000
RAX=0000000000000000 RBX=000000000000000c RCX=0000000000000000 RDX=00000000c0000000
RSI=0000000000000500 RDI=00000000bebdc0b8 RBP=0000000000000500 RSP=00000000bfec2760
R8 =0000000000000000 R9 =0000000000000000 R10=00000000bfec264c R11=000000000000000a
R12=0000000000000320 R13=0000000000000000 R14=00000000bebdc0b8 R15=00000000bfec2788
RIP=00000000becebc75 RFL=00000246 [---Z-P-] CPL=0 II=0 A20=1 SMM=0 HLT=0
ES =0030 0000000000000000 ffffffff 00cf9300 DPL=0 DS   [-WA]
CS =0038 0000000000000000 ffffffff 00af9a00 DPL=0 CS64 [-R-]
SS =0030 0000000000000000 ffffffff 00cf9300 DPL=0 DS   [-WA]
DS =0030 0000000000000000 ffffffff 00cf9300 DPL=0 DS   [-WA]
FS =0030 0000000000000000 ffffffff 00cf9300 DPL=0 DS   [-WA]
GS =0030 0000000000000000 ffffffff 00cf9300 DPL=0 DS   [-WA]
LDT=0000 0000000000000000 0000ffff 00008200 DPL=0 LDT
TR =0000 0000000000000000 0000ffff 00008b00 DPL=0 TSS64-busy
GDT=     00000000bf9de000 00000047
IDT=     00000000bf4d2018 00000fff
CR0=80010033 CR2=0000000000000000 CR3=00000000bfc01000 CR4=00000668
DR0=0000000000000000 DR1=0000000000000000 DR2=0000000000000000 DR3=0000000000000000 
DR6=00000000ffff0ff0 DR7=0000000000000400
CCS=0000000000000044 CCD=0000000000000000 CCO=EFLAGS
EFER=0000000000000d00
Servicing hardware INT=0x20
    78: v=20 e=0000 i=0 cpl=0 IP=0038:00000000bfed5c1a pc=00000000bfed5c1a SP=0030:00000000bfec25e0 env->regs[R_EAX]=719f1e26090cc0a5
RAX=719f1e26090cc0a5 RBX=00000000bfee8660 RCX=00000000bfee8668 RDX=00000000bfee8660
RSI=5e5ffd458ce52dba RDI=4d1ab44318a031ab RBP=461d0efdfd0f4478 RSP=00000000bfec25e0
R8 =719f1e26090cc0a5 R9 =00000000bfec2820 R10=00000000bfee1e49 R11=000000000000002a
R12=00000000bf4f2e20 R13=00000000bfee8660 R14=00000000bf4f2e18 R15=00000000bfee1e49
RIP=00000000bfed5c1a RFL=00000202 [-------] CPL=0 II=0 A20=1 SMM=0 HLT=0
ES =0030 0000000000000000 ffffffff 00cf9300 DPL=0 DS   [-WA]
CS =0038 0000000000000000 ffffffff 00af9a00 DPL=0 CS64 [-R-]
SS =0030 0000000000000000 ffffffff 00cf9300 DPL=0 DS   [-WA]
DS =0030 0000000000000000 ffffffff 00cf9300 DPL=0 DS   [-WA]
FS =0030 0000000000000000 ffffffff 00cf9300 DPL=0 DS   [-WA]
GS =0030 0000000000000000 ffffffff 00cf9300 DPL=0 DS   [-WA]
LDT=0000 0000000000000000 0000ffff 00008200 DPL=0 LDT
TR =0000 0000000000000000 0000ffff 00008b00 DPL=0 TSS64-busy
GDT=     00000000bf9de000 00000047
IDT=     00000000bf4d2018 00000fff
CR0=80010033 CR2=0000000000000000 CR3=00000000bfc01000 CR4=00000668
DR0=0000000000000000 DR1=0000000000000000 DR2=0000000000000000 DR3=0000000000000000 
DR6=00000000ffff0ff0 DR7=0000000000000400
CCS=0000000000000000 CCD=00000000bfec25d0 CCO=EFLAGS
EFER=0000000000000d00
Servicing hardware INT=0x20
    79: v=20 e=0000 i=0 cpl=0 IP=0038:00000000bfae8c5a pc=00000000bfae8c5a SP=0030:00000000bfec26f0 env->regs[R_EAX]=0000000000000000
RAX=0000000000000000 RBX=00000000ffe09cb7 RCX=0000000000000101 RDX=ffffffffffffffff
RSI=0000000000000000 RDI=00000000ffe09cb7 RBP=0000000000000000 RSP=00000000bfec26f0
R8 =0000000000000c94 R9 =00000000bfec27b8 R10=00000000ffe09d47 R11=0000000000000000
R12=00000000ffe09cb7 R13=0000000000000024 R14=00000000bfec27b8 R15=0000000000000009
RIP=00000000bfae8c5a RFL=00000246 [---Z-P-] CPL=0 II=0 A20=1 SMM=0 HLT=0
ES =0030 0000000000000000 ffffffff 00cf9300 DPL=0 DS   [-WA]
CS =0038 0000000000000000 ffffffff 00af9a00 DPL=0 CS64 [-R-]
SS =0030 0000000000000000 ffffffff 00cf9300 DPL=0 DS   [-WA]
DS =0030 0000000000000000 ffffffff 00cf9300 DPL=0 DS   [-WA]
FS =0030 0000000000000000 ffffffff 00cf9300 DPL=0 DS   [-WA]
GS =0030 0000000000000000 ffffffff 00cf9300 DPL=0 DS   [-WA]
LDT=0000 0000000000000000 0000ffff 00008200 DPL=0 LDT
TR =0000 0000000000000000 0000ffff 00008b00 DPL=0 TSS64-busy
GDT=     00000000bf9de000 00000047
IDT=     00000000bf4d2018 00000fff
CR0=80010033 CR2=0000000000000000 CR3=00000000bfc01000 CR4=00000668
DR0=0000000000000000 DR1=0000000000000000 DR2=0000000000000000 DR3=0000000000000000 
DR6=00000000ffff0ff0 DR7=0000000000000400
CCS=0000000000000044 CCD=0000000000000000 CCO=EFLAGS
EFER=0000000000000d00
Servicing hardware INT=0x20
    80: v=20 e=0000 i=0 cpl=0 IP=0038:00000000bfec913f pc=00000000bfec913f SP=0030:00000000bfec28b0 env->regs[R_EAX]=0000000000000030
RAX=0000000000000030 RBX=0000000000000041 RCX=00000000bed51860 RDX=0000000000000003
RSI=0000000000000003 RDI=00000000bfee8610 RBP=00000000bed52818 RSP=00000000bfec28b0
R8 =719f1e26090cc0a5 R9 =0000000000000000 R10=00000000bfee1e49 R11=0000000000000000
R12=00000000bfec29a8 R13=00000000bebde418 R14=0000000000000000 R15=00000000be8d0918
RIP=00000000bfec913f RFL=00000293 [--S-A-C] CPL=0 II=0 A20=1 SMM=0 HLT=0
ES =0030 0000000000000000 ffffffff 00cf9300 DPL=0 DS   [-WA]
CS =0038 0000000000000000 ffffffff 00af9a00 DPL=0 CS64 [-R-]
SS =0030 0000000000000000 ffffffff 00cf9300 DPL=0 DS   [-WA]
DS =0030 0000000000000000 ffffffff 00cf9300 DPL=0 DS   [-WA]
FS =0030 0000000000000000 ffffffff 00cf9300 DPL=0 DS   [-WA]
GS =0030 0000000000000000 ffffffff 00cf9300 DPL=0 DS   [-WA]
LDT=0000 0000000000000000 0000ffff 00008200 DPL=0 LDT
TR =0000 0000000000000000 0000ffff 00008b00 DPL=0 TSS64-busy
GDT=     00000000bf9de000 00000047
IDT=     00000000bf4d2018 00000fff
CR0=80010033 CR2=0000000000000000 CR3=00000000bfc01000 CR4=00000668
DR0=0000000000000000 DR1=0000000000000000 DR2=0000000000000000 DR3=0000000000000000 
DR6=00000000ffff0ff0 DR7=0000000000000400
CCS=0000000000000091 CCD=ffffffffffffffef CCO=EFLAGS
EFER=0000000000000d00
Servicing hardware INT=0x20
    81: v=20 e=0000 i=0 cpl=0 IP=0038:00000000bec81d35 pc=00000000bec81d35 SP=0030:00000000bfec2588 env->regs[R_EAX]=409ae805335984bd
RAX=409ae805335984bd RBX=0000000000000022 RCX=00000000bfec25cc RDX=409ae805335984bd
RSI=0000000000000022 RDI=00000000bfee8601 RBP=000000000000001b RSP=00000000bfec2588
R8 =0000000000000000 R9 =0000000000000000 R10=00000000bfee1e49 R11=0000000000000000
R12=00000000bfec25c8 R13=0000000000000001 R14=00000000bebb2f18 R15=0000000001010004
RIP=00000000bec81d35 RFL=00000202 [-------] CPL=0 II=0 A20=1 SMM=0 HLT=0
ES =0030 0000000000000000 ffffffff 00cf9300 DPL=0 DS   [-WA]
CS =0038 0000000000000000 ffffffff 00af9a00 DPL=0 CS64 [-R-]
SS =0030 0000000000000000 ffffffff 00cf9300 DPL=0 DS   [-WA]
DS =0030 0000000000000000 ffffffff 00cf9300 DPL=0 DS   [-WA]
FS =0030 0000000000000000 ffffffff 00cf9300 DPL=0 DS   [-WA]
GS =0030 0000000000000000 ffffffff 00cf9300 DPL=0 DS   [-WA]
LDT=0000 0000000000000000 0000ffff 00008200 DPL=0 LDT
TR =0000 0000000000000000 0000ffff 00008b00 DPL=0 TSS64-busy
GDT=     00000000bf9de000 00000047
IDT=     00000000bf4d2018 00000fff
CR0=80010033 CR2=0000000000000000 CR3=00000000bfc01000 CR4=00000668
DR0=0000000000000000 DR1=0000000000000000 DR2=0000000000000000 DR3=0000000000000000 
DR6=00000000ffff0ff0 DR7=0000000000000400
CCS=0000000000000000 CCD=00000000bfec2580 CCO=EFLAGS
EFER=0000000000000d00
Servicing hardware INT=0x20
    82: v=20 e=0000 i=0 cpl=0 IP=0038:00000000bec80452 pc=00000000bec80452 SP=0030:00000000bfec2818 env->regs[R_EAX]=0000000000000018
RAX=0000000000000018 RBX=00000000be8cc018 RCX=0000000000000064 RDX=0000000000000064
RSI=00000000bfec28bf RDI=00000000be8cc018 RBP=00000000000007c8 RSP=00000000bfec2818
R8 =000000000053265d R9 =0000000000000064 R10=00000000bfee1e49 R11=0000000000000000
R12=00000000bfec28bf R13=0000000000000000 R14=00000000bec86190 R15=0000000000000001
RIP=00000000bec80452 RFL=00000293 [--S-A-C] CPL=0 II=0 A20=1 SMM=0 HLT=0
ES =0030 0000000000000000 ffffffff 00cf9300 DPL=0 DS   [-WA]
CS =0038 0000000000000000 ffffffff 00af9a00 DPL=0 CS64 [-R-]
SS =0030 0000000000000000 ffffffff 00cf9300 DPL=0 DS   [-WA]
DS =0030 0000000000000000 ffffffff 00cf9300 DPL=0 DS   [-WA]
FS =0030 0000000000000000 ffffffff 00cf9300 DPL=0 DS   [-WA]
GS =0030 0000000000000000 ffffffff 00cf9300 DPL=0 DS   [-WA]
LDT=0000 0000000000000000 0000ffff 00008200 DPL=0 LDT
TR =0000 0000000000000000 0000ffff 00008b00 DPL=0 TSS64-busy
GDT=     00000000bf9de000 00000047
IDT=     00000000bf4d2018 00000fff
CR0=80010033 CR2=0000000000000000 CR3=00000000bfc01000 CR4=00000668
DR0=0000000000000000 DR1=0000000000000000 DR2=0000000000000000 DR3=0000000000000000 
DR6=00000000ffff0ff0 DR7=0000000000000400
CCS=0000000000000091 CCD=fffffffffffffffe CCO=EFLAGS
EFER=0000000000000d00
Servicing hardware INT=0x20
    83: v=20 e=0000 i=0 cpl=0 IP=0038:00000000bec81de8 pc=00000000bec81de8 SP=0030:00000000bfec27a0 env->regs[R_EAX]=000000000053b2f2
RAX=000000000053b2f2 RBX=0000000000000000 RCX=000000000000b008 RDX=000000000000b008
RSI=00000000bfec28bf RDI=00000000be8cc018 RBP=00000000000006e6 RSP=00000000bfec27a0
R8 =000000000053b1ea R9 =0000000000000064 R10=00000000bfee1e49 R11=0000000000000000
R12=000000000000b008 R13=0000000000000000 R14=00000000bec86190 R15=0000000000000001
RIP=00000000bec81de8 RFL=00000293 [--S-A-C] CPL=0 II=0 A20=1 SMM=0 HLT=0
ES =0030 0000000000000000 ffffffff 00cf9300 DPL=0 DS   [-WA]
CS =0038 0000000000000000 ffffffff 00af9a00 DPL=0 CS64 [-R-]
SS =0030 0000000000000000 ffffffff 00cf9300 DPL=0 DS   [-WA]
DS =0030 0000000000000000 ffffffff 00cf9300 DPL=0 DS   [-WA]
FS =0030 0000000000000000 ffffffff 00cf9300 DPL=0 DS   [-WA]
GS =0030 0000000000000000 ffffffff 00cf9300 DPL=0 DS   [-WA]
LDT=0000 0000000000000000 0000ffff 00008200 DPL=0 LDT
TR =0000 0000000000000000 0000ffff 00008b00 DPL=0 TSS64-busy
GDT=     00000000bf9de000 00000047
IDT=     00000000bf4d2018 00000fff
CR0=80010033 CR2=0000000000000000 CR3=00000000bfc01000 CR4=00000668
DR0=0000000000000000 DR1=0000000000000000 DR2=0000000000000000 DR3=0000000000000000 
DR6=00000000ffff0ff0 DR7=0000000000000400
CCS=0000000000000091 CCD=fffffffffffffffe CCO=EFLAGS
EFER=0000000000000d00
Servicing hardware INT=0x20
    84: v=20 e=0000 i=0 cpl=0 IP=0038:00000000bec81e1e pc=00000000bec81e1e SP=0030:00000000bfec2800 env->regs[R_EAX]=0000000000000022
RAX=0000000000000022 RBX=0000000000543d8a RCX=000000000000b008 RDX=000000000000b008
RSI=00000000bfec28bf RDI=00000000be8cc018 RBP=0000000000000606 RSP=00000000bfec2800
R8 =0000000000543d68 R9 =0000000000000064 R10=00000000bfee1e49 R11=0000000000000000
R12=00000000bfec28bf R13=0000000000000000 R14=00000000bec86190 R15=0000000000000001
RIP=00000000bec81e1e RFL=00000206 [-----P-] CPL=0 II=0 A20=1 SMM=0 HLT=0
ES =0030 0000000000000000 ffffffff 00cf9300 DPL=0 DS   [-WA]
CS =0038 0000000000000000 ffffffff 00af9a00 DPL=0 CS64 [-R-]
SS =0030 0000000000000000 ffffffff 00cf9300 DPL=0 DS   [-WA]
DS =0030 0000000000000000 ffffffff 00cf9300 DPL=0 DS   [-WA]
FS =0030 0000000000000000 ffffffff 00cf9300 DPL=0 DS   [-WA]
GS =0030 0000000000000000 ffffffff 00cf9300 DPL=0 DS   [-WA]
LDT=0000 0000000000000000 0000ffff 00008200 DPL=0 LDT
TR =0000 0000000000000000 0000ffff 00008b00 DPL=0 TSS64-busy
GDT=     00000000bf9de000 00000047
IDT=     00000000bf4d2018 00000fff
CR0=80010033 CR2=0000000000000000 CR3=00000000bfc01000 CR4=00000668
DR0=0000000000000000 DR1=0000000000000000 DR2=0000000000000000 DR3=0000000000000000 
DR6=00000000ffff0ff0 DR7=0000000000000400
CCS=0000000000000004 CCD=0000000000000022 CCO=EFLAGS
EFER=0000000000000d00
Servicing hardware INT=0x20
    85: v=20 e=0000 i=0 cpl=0 IP=0038:00000000bec81de8 pc=00000000bec81de8 SP=0030:00000000bfec27a0 env->regs[R_EAX]=000000000054ca04
RAX=000000000054ca04 RBX=0000000000000000 RCX=000000000000b008 RDX=000000000000b008
RSI=00000000bfec28bf RDI=00000000be8cc018 RBP=00000000000004ec RSP=00000000bfec27a0
R8 =000000000054c945 R9 =0000000000000064 R10=00000000bfee1e49 R11=0000000000000000
R12=000000000000b008 R13=0000000000000000 R14=00000000bec86190 R15=0000000000000001
RIP=00000000bec81de8 RFL=00000293 [--S-A-C] CPL=0 II=0 A20=1 SMM=0 HLT=0
ES =0030 0000000000000000 ffffffff 00cf9300 DPL=0 DS   [-WA]
CS =0038 0000000000000000 ffffffff 00af9a00 DPL=0 CS64 [-R-]
SS =0030 0000000000000000 ffffffff 00cf9300 DPL=0 DS   [-WA]
DS =0030 0000000000000000 ffffffff 00cf9300 DPL=0 DS   [-WA]
FS =0030 0000000000000000 ffffffff 00cf9300 DPL=0 DS   [-WA]
GS =0030 0000000000000000 ffffffff 00cf9300 DPL=0 DS   [-WA]
LDT=0000 0000000000000000 0000ffff 00008200 DPL=0 LDT
TR =0000 0000000000000000 0000ffff 00008b00 DPL=0 TSS64-busy
GDT=     00000000bf9de000 00000047
IDT=     00000000bf4d2018 00000fff
CR0=80010033 CR2=0000000000000000 CR3=00000000bfc01000 CR4=00000668
DR0=0000000000000000 DR1=0000000000000000 DR2=0000000000000000 DR3=0000000000000000 
DR6=00000000ffff0ff0 DR7=0000000000000400
CCS=0000000000000091 CCD=fffffffffffffffe CCO=EFLAGS
EFER=0000000000000d00
Servicing hardware INT=0x20
    86: v=20 e=0000 i=0 cpl=0 IP=0038:00000000bec81e1e pc=00000000bec81e1e SP=0030:00000000bfec2800 env->regs[R_EAX]=000000000000002a
RAX=000000000000002a RBX=000000000055556e RCX=000000000000b008 RDX=000000000000b008
RSI=00000000bfec28bf RDI=00000000be8cc018 RBP=00000000000003cb RSP=00000000bfec2800
R8 =0000000000555544 R9 =0000000000000064 R10=00000000bfee1e49 R11=0000000000000000
R12=00000000bfec28bf R13=0000000000000000 R14=00000000bec86190 R15=0000000000000001
RIP=00000000bec81e1e RFL=00000202 [-------] CPL=0 II=0 A20=1 SMM=0 HLT=0
ES =0030 0000000000000000 ffffffff 00cf9300 DPL=0 DS   [-WA]
CS =0038 0000000000000000 ffffffff 00af9a00 DPL=0 CS64 [-R-]
SS =0030 0000000000000000 ffffffff 00cf9300 DPL=0 DS   [-WA]
DS =0030 0000000000000000 ffffffff 00cf9300 DPL=0 DS   [-WA]
FS =0030 0000000000000000 ffffffff 00cf9300 DPL=0 DS   [-WA]
GS =0030 0000000000000000 ffffffff 00cf9300 DPL=0 DS   [-WA]
LDT=0000 0000000000000000 0000ffff 00008200 DPL=0 LDT
TR =0000 0000000000000000 0000ffff 00008b00 DPL=0 TSS64-busy
GDT=     00000000bf9de000 00000047
IDT=     00000000bf4d2018 00000fff
CR0=80010033 CR2=0000000000000000 CR3=00000000bfc01000 CR4=00000668
DR0=0000000000000000 DR1=0000000000000000 DR2=0000000000000000 DR3=0000000000000000 
DR6=00000000ffff0ff0 DR7=0000000000000400
CCS=0000000000000000 CCD=000000000000002a CCO=EFLAGS
EFER=0000000000000d00
Servicing hardware INT=0x20
    87: v=20 e=0000 i=0 cpl=0 IP=0038:00000000bec81de8 pc=00000000bec81de8 SP=0030:00000000bfec27a0 env->regs[R_EAX]=000000000055e468
RAX=000000000055e468 RBX=0000000000000000 RCX=000000000000b008 RDX=000000000000b008
RSI=00000000bfec28bf RDI=00000000be8cc018 RBP=00000000000002ae RSP=00000000bfec27a0
R8 =000000000055e0ef R9 =0000000000000064 R10=00000000bfee1e49 R11=0000000000000000
R12=000000000000b008 R13=0000000000000000 R14=00000000bec86190 R15=0000000000000001
RIP=00000000bec81de8 RFL=00000293 [--S-A-C] CPL=0 II=0 A20=1 SMM=0 HLT=0
ES =0030 0000000000000000 ffffffff 00cf9300 DPL=0 DS   [-WA]
CS =0038 0000000000000000 ffffffff 00af9a00 DPL=0 CS64 [-R-]
SS =0030 0000000000000000 ffffffff 00cf9300 DPL=0 DS   [-WA]
DS =0030 0000000000000000 ffffffff 00cf9300 DPL=0 DS   [-WA]
FS =0030 0000000000000000 ffffffff 00cf9300 DPL=0 DS   [-WA]
GS =0030 0000000000000000 ffffffff 00cf9300 DPL=0 DS   [-WA]
LDT=0000 0000000000000000 0000ffff 00008200 DPL=0 LDT
TR =0000 0000000000000000 0000ffff 00008b00 DPL=0 TSS64-busy
GDT=     00000000bf9de000 00000047
IDT=     00000000bf4d2018 00000fff
CR0=80010033 CR2=0000000000000000 CR3=00000000bfc01000 CR4=00000668
DR0=0000000000000000 DR1=0000000000000000 DR2=0000000000000000 DR3=0000000000000000 
DR6=00000000ffff0ff0 DR7=0000000000000400
CCS=0000000000000091 CCD=fffffffffffffffe CCO=EFLAGS
EFER=0000000000000d00
Servicing hardware INT=0x20
    88: v=20 e=0000 i=0 cpl=0 IP=0038:00000000bec81e1e pc=00000000bec81e1e SP=0030:00000000bfec2800 env->regs[R_EAX]=000000000000002d
RAX=000000000000002d RBX=0000000000566d30 RCX=000000000000b008 RDX=000000000000b008
RSI=00000000bfec28bf RDI=00000000be8cc018 RBP=0000000000000179 RSP=00000000bfec2800
R8 =0000000000566d03 R9 =0000000000000064 R10=00000000bfee1e49 R11=0000000000000000
R12=00000000bfec28bf R13=0000000000000000 R14=00000000bec86190 R15=0000000000000001
RIP=00000000bec81e1e RFL=00000206 [-----P-] CPL=0 II=0 A20=1 SMM=0 HLT=0
ES =0030 0000000000000000 ffffffff 00cf9300 DPL=0 DS   [-WA]
CS =0038 0000000000000000 ffffffff 00af9a00 DPL=0 CS64 [-R-]
SS =0030 0000000000000000 ffffffff 00cf9300 DPL=0 DS   [-WA]
DS =0030 0000000000000000 ffffffff 00cf9300 DPL=0 DS   [-WA]
FS =0030 0000000000000000 ffffffff 00cf9300 DPL=0 DS   [-WA]
GS =0030 0000000000000000 ffffffff 00cf9300 DPL=0 DS   [-WA]
LDT=0000 0000000000000000 0000ffff 00008200 DPL=0 LDT
TR =0000 0000000000000000 0000ffff 00008b00 DPL=0 TSS64-busy
GDT=     00000000bf9de000 00000047
IDT=     00000000bf4d2018 00000fff
CR0=80010033 CR2=0000000000000000 CR3=00000000bfc01000 CR4=00000668
DR0=0000000000000000 DR1=0000000000000000 DR2=0000000000000000 DR3=0000000000000000 
DR6=00000000ffff0ff0 DR7=0000000000000400
CCS=0000000000000004 CCD=000000000000002d CCO=EFLAGS
EFER=0000000000000d00
Servicing hardware INT=0x20
    89: v=20 e=0000 i=0 cpl=0 IP=0038:00000000bec81e1e pc=00000000bec81e1e SP=0030:00000000bfec2800 env->regs[R_EAX]=000000000000003b
RAX=000000000000003b RBX=000000000056f8bf RCX=000000000000b008 RDX=000000000000b008
RSI=00000000bfec28bf RDI=00000000be8cc018 RBP=0000000000000056 RSP=00000000bfec2800
R8 =000000000056f884 R9 =0000000000000064 R10=00000000bfee1e49 R11=0000000000000000
R12=00000000bfec28bf R13=0000000000000000 R14=00000000bec86190 R15=0000000000000001
RIP=00000000bec81e1e RFL=00000202 [-------] CPL=0 II=0 A20=1 SMM=0 HLT=0
ES =0030 0000000000000000 ffffffff 00cf9300 DPL=0 DS   [-WA]
CS =0038 0000000000000000 ffffffff 00af9a00 DPL=0 CS64 [-R-]
SS =0030 0000000000000000 ffffffff 00cf9300 DPL=0 DS   [-WA]
DS =0030 0000000000000000 ffffffff 00cf9300 DPL=0 DS   [-WA]
FS =0030 0000000000000000 ffffffff 00cf9300 DPL=0 DS   [-WA]
GS =0030 0000000000000000 ffffffff 00cf9300 DPL=0 DS   [-WA]
LDT=0000 0000000000000000 0000ffff 00008200 DPL=0 LDT
TR =0000 0000000000000000 0000ffff 00008b00 DPL=0 TSS64-busy
GDT=     00000000bf9de000 00000047
IDT=     00000000bf4d2018 00000fff
CR0=80010033 CR2=0000000000000000 CR3=00000000bfc01000 CR4=00000668
DR0=0000000000000000 DR1=0000000000000000 DR2=0000000000000000 DR3=0000000000000000 
DR6=00000000ffff0ff0 DR7=0000000000000400
CCS=0000000000000000 CCD=000000000000003b CCO=EFLAGS
EFER=0000000000000d00
Servicing hardware INT=0x20
    90: v=20 e=0000 i=0 cpl=0 IP=0038:00000000bfecd2c3 pc=00000000bfecd2c3 SP=0030:00000000bfec25f8 env->regs[R_EAX]=0000000000000000
RAX=0000000000000000 RBX=00000000bfee8610 RCX=0000000000000004 RDX=0000000000000004
RSI=00000000bf065558 RDI=00000000bfee8610 RBP=00000000bf062c98 RSP=00000000bfec25f8
R8 =0000000000000004 R9 =0000000000000000 R10=00000000bfee1e49 R11=0000000000000000
R12=00000000bf065270 R13=00000000bf065518 R14=00000000bf065558 R15=00000000be8ca518
RIP=00000000bfecd2c3 RFL=00000206 [-----P-] CPL=0 II=0 A20=1 SMM=0 HLT=0
ES =0030 0000000000000000 ffffffff 00cf9300 DPL=0 DS   [-WA]
CS =0038 0000000000000000 ffffffff 00af9a00 DPL=0 CS64 [-R-]
SS =0030 0000000000000000 ffffffff 00cf9300 DPL=0 DS   [-WA]
DS =0030 0000000000000000 ffffffff 00cf9300 DPL=0 DS   [-WA]
FS =0030 0000000000000000 ffffffff 00cf9300 DPL=0 DS   [-WA]
GS =0030 0000000000000000 ffffffff 00cf9300 DPL=0 DS   [-WA]
LDT=0000 0000000000000000 0000ffff 00008200 DPL=0 LDT
TR =0000 0000000000000000 0000ffff 00008b00 DPL=0 TSS64-busy
GDT=     00000000bf9de000 00000047
IDT=     00000000bf4d2018 00000fff
CR0=80010033 CR2=0000000000000000 CR3=00000000bfc01000 CR4=00000668
DR0=0000000000000000 DR1=0000000000000000 DR2=0000000000000000 DR3=0000000000000000 
DR6=00000000ffff0ff0 DR7=0000000000000400
CCS=0000000000000004 CCD=00000000bfec2600 CCO=EFLAGS
EFER=0000000000000d00
Servicing hardware INT=0x20
    91: v=20 e=0000 i=0 cpl=0 IP=0038:00000000bf01526e pc=00000000bf01526e SP=0030:00000000bfec2470 env->regs[R_EAX]=0000000000000001
RAX=0000000000000001 RBX=0000000000000000 RCX=0000000000000001 RDX=0000000000000cf8
RSI=0000000000000001 RDI=00000000bfec26ae RBP=00000000bfec26ae RSP=00000000bfec2470
R8 =0000000000000000 R9 =0000000000000cf8 R10=00000000bfee1e49 R11=0000000000000002
R12=0000000080000007 R13=0000000000000000 R14=00000000bf019f2b R15=00000000bf0193a0
RIP=00000000bf01526e RFL=00000202 [-------] CPL=0 II=0 A20=1 SMM=0 HLT=0
ES =0030 0000000000000000 ffffffff 00cf9300 DPL=0 DS   [-WA]
CS =0038 0000000000000000 ffffffff 00af9a00 DPL=0 CS64 [-R-]
SS =0030 0000000000000000 ffffffff 00cf9300 DPL=0 DS   [-WA]
DS =0030 0000000000000000 ffffffff 00cf9300 DPL=0 DS   [-WA]
FS =0030 0000000000000000 ffffffff 00cf9300 DPL=0 DS   [-WA]
GS =0030 0000000000000000 ffffffff 00cf9300 DPL=0 DS   [-WA]
LDT=0000 0000000000000000 0000ffff 00008200 DPL=0 LDT
TR =0000 0000000000000000 0000ffff 00008b00 DPL=0 TSS64-busy
GDT=     00000000bf9de000 00000047
IDT=     00000000bf4d2018 00000fff
CR0=80010033 CR2=0000000000000000 CR3=00000000bfc01000 CR4=00000668
DR0=0000000000000000 DR1=0000000000000000 DR2=0000000000000000 DR3=0000000000000000 
DR6=00000000ffff0ff0 DR7=0000000000000400
CCS=0000000000000030 CCD=0000000000000001 CCO=LOGICB
EFER=0000000000000d00
Servicing hardware INT=0x20
    92: v=20 e=0000 i=0 cpl=0 IP=0038:00000000bfae8c5a pc=00000000bfae8c5a SP=0030:00000000bfec26f0 env->regs[R_EAX]=0000000000000000
RAX=0000000000000000 RBX=00000000ffe09e54 RCX=0000000000000101 RDX=ffffffffffffffff
RSI=0000000000000043 RDI=00000000ffe09e54 RBP=0000000000000043 RSP=00000000bfec26f0
R8 =0000000000000e54 R9 =00000000bfec27b8 R10=00000000ffe09f19 R11=00000000be8d1400
R12=00000000ffe09e54 R13=0000000000000001 R14=00000000bfec27b8 R15=0000000000000009
RIP=00000000bfae8c5a RFL=00000246 [---Z-P-] CPL=0 II=0 A20=1 SMM=0 HLT=0
ES =0030 0000000000000000 ffffffff 00cf9300 DPL=0 DS   [-WA]
CS =0038 0000000000000000 ffffffff 00af9a00 DPL=0 CS64 [-R-]
SS =0030 0000000000000000 ffffffff 00cf9300 DPL=0 DS   [-WA]
DS =0030 0000000000000000 ffffffff 00cf9300 DPL=0 DS   [-WA]
FS =0030 0000000000000000 ffffffff 00cf9300 DPL=0 DS   [-WA]
GS =0030 0000000000000000 ffffffff 00cf9300 DPL=0 DS   [-WA]
LDT=0000 0000000000000000 0000ffff 00008200 DPL=0 LDT
TR =0000 0000000000000000 0000ffff 00008b00 DPL=0 TSS64-busy
GDT=     00000000bf9de000 00000047
IDT=     00000000bf4d2018 00000fff
CR0=80010033 CR2=0000000000000000 CR3=00000000bfc01000 CR4=00000668
DR0=0000000000000000 DR1=0000000000000000 DR2=0000000000000000 DR3=0000000000000000 
DR6=00000000ffff0ff0 DR7=0000000000000400
CCS=0000000000000044 CCD=0000000000000000 CCO=EFLAGS
EFER=0000000000000d00
Servicing hardware INT=0x20
    93: v=20 e=0000 i=0 cpl=0 IP=0038:00000000bfac4ea8 pc=00000000bfac4ea8 SP=0030:00000000bfec28a0 env->regs[R_EAX]=00000000bf9c0f10
RAX=00000000bf9c0f10 RBX=0000000000000000 RCX=00000000bf9c0ec6 RDX=0000000000000049
RSI=0000000000000001 RDI=00000000bf9c0e7c RBP=000000000000003c RSP=00000000bfec28a0
R8 =0000000000000001 R9 =0000000000000001 R10=00000000ffe09e1b R11=00000000be8d1400
R12=00000000bed6a178 R13=0000000000000001 R14=0000000000000001 R15=00000000bfec2978
RIP=00000000bfac4ea8 RFL=00000202 [-------] CPL=0 II=0 A20=1 SMM=0 HLT=0
ES =0030 0000000000000000 ffffffff 00cf9300 DPL=0 DS   [-WA]
CS =0038 0000000000000000 ffffffff 00af9a00 DPL=0 CS64 [-R-]
SS =0030 0000000000000000 ffffffff 00cf9300 DPL=0 DS   [-WA]
DS =0030 0000000000000000 ffffffff 00cf9300 DPL=0 DS   [-WA]
FS =0030 0000000000000000 ffffffff 00cf9300 DPL=0 DS   [-WA]
GS =0030 0000000000000000 ffffffff 00cf9300 DPL=0 DS   [-WA]
LDT=0000 0000000000000000 0000ffff 00008200 DPL=0 LDT
TR =0000 0000000000000000 0000ffff 00008b00 DPL=0 TSS64-busy
GDT=     00000000bf9de000 00000047
IDT=     00000000bf4d2018 00000fff
CR0=80010033 CR2=0000000000000000 CR3=00000000bfc01000 CR4=00000668
DR0=0000000000000000 DR1=0000000000000000 DR2=0000000000000000 DR3=0000000000000000 
DR6=00000000ffff0ff0 DR7=0000000000000400
CCS=0000000000000000 CCD=00000000bf9c0f10 CCO=EFLAGS
EFER=0000000000000d00
Servicing hardware INT=0x20
    94: v=20 e=0000 i=0 cpl=0 IP=0038:00000000bfae8c5a pc=00000000bfae8c5a SP=0030:00000000bfec26f0 env->regs[R_EAX]=0000000000000000
RAX=0000000000000000 RBX=00000000ffe0a01c RCX=0000000000000101 RDX=ffffffffffffffff
RSI=0000000000000010 RDI=00000000ffe0a01c RBP=0000000000000010 RSP=00000000bfec26f0
R8 =000000000000001c R9 =00000000bfec27b8 R10=00000000ffe0a0b2 R11=00000000be8d1400
R12=00000000ffe0a01c R13=0000000000000000 R14=00000000bfec27b8 R15=000000000000000a
RIP=00000000bfae8c5a RFL=00000246 [---Z-P-] CPL=0 II=0 A20=1 SMM=0 HLT=0
ES =0030 0000000000000000 ffffffff 00cf9300 DPL=0 DS   [-WA]
CS =0038 0000000000000000 ffffffff 00af9a00 DPL=0 CS64 [-R-]
SS =0030 0000000000000000 ffffffff 00cf9300 DPL=0 DS   [-WA]
DS =0030 0000000000000000 ffffffff 00cf9300 DPL=0 DS   [-WA]
FS =0030 0000000000000000 ffffffff 00cf9300 DPL=0 DS   [-WA]
GS =0030 0000000000000000 ffffffff 00cf9300 DPL=0 DS   [-WA]
LDT=0000 0000000000000000 0000ffff 00008200 DPL=0 LDT
TR =0000 0000000000000000 0000ffff 00008b00 DPL=0 TSS64-busy
GDT=     00000000bf9de000 00000047
IDT=     00000000bf4d2018 00000fff
CR0=80010033 CR2=0000000000000000 CR3=00000000bfc01000 CR4=00000668
DR0=0000000000000000 DR1=0000000000000000 DR2=0000000000000000 DR3=0000000000000000 
DR6=00000000ffff0ff0 DR7=0000000000000400
CCS=0000000000000044 CCD=0000000000000000 CCO=EFLAGS
EFER=0000000000000d00
Servicing hardware INT=0x20
    95: v=20 e=0000 i=0 cpl=0 IP=0038:00000000bfae8c5a pc=00000000bfae8c5a SP=0030:00000000bfec26f0 env->regs[R_EAX]=0000000000000000
RAX=0000000000000000 RBX=00000000ffe0a115 RCX=0000000000000101 RDX=ffffffffffffffff
RSI=0000000000000041 RDI=00000000ffe0a115 RBP=0000000000000041 RSP=00000000bfec26f0
R8 =00000000000000f0 R9 =00000000bfec27b8 R10=00000000ffe0a147 R11=00000000be8d1400
R12=00000000ffe0a115 R13=0000000000000026 R14=00000000bfec27b8 R15=000000000000000a
RIP=00000000bfae8c5a RFL=00000246 [---Z-P-] CPL=0 II=0 A20=1 SMM=0 HLT=0
ES =0030 0000000000000000 ffffffff 00cf9300 DPL=0 DS   [-WA]
CS =0038 0000000000000000 ffffffff 00af9a00 DPL=0 CS64 [-R-]
SS =0030 0000000000000000 ffffffff 00cf9300 DPL=0 DS   [-WA]
DS =0030 0000000000000000 ffffffff 00cf9300 DPL=0 DS   [-WA]
FS =0030 0000000000000000 ffffffff 00cf9300 DPL=0 DS   [-WA]
GS =0030 0000000000000000 ffffffff 00cf9300 DPL=0 DS   [-WA]
LDT=0000 0000000000000000 0000ffff 00008200 DPL=0 LDT
TR =0000 0000000000000000 0000ffff 00008b00 DPL=0 TSS64-busy
GDT=     00000000bf9de000 00000047
IDT=     00000000bf4d2018 00000fff
CR0=80010033 CR2=0000000000000000 CR3=00000000bfc01000 CR4=00000668
DR0=0000000000000000 DR1=0000000000000000 DR2=0000000000000000 DR3=0000000000000000 
DR6=00000000ffff0ff0 DR7=0000000000000400
CCS=0000000000000044 CCD=0000000000000000 CCO=EFLAGS
EFER=0000000000000d00
Servicing hardware INT=0x20
    96: v=20 e=0000 i=0 cpl=0 IP=0038:00000000bfec36df pc=00000000bfec36df SP=0030:00000000bfec2820 env->regs[R_EAX]=00000000be8e6518
RAX=00000000be8e6518 RBX=00000000be8e6520 RCX=0000000000000010 RDX=00000000be8a2d18
RSI=00000000bfec2948 RDI=00000000becc3818 RBP=00000000becc3818 RSP=00000000bfec2820
R8 =00000000be8a2018 R9 =0000000000000000 R10=00000000bfee1e49 R11=0000000000000000
R12=00000000bfee87a0 R13=00000000bfee1cc0 R14=00000000bfee1e49 R15=00000000be8a2018
RIP=00000000bfec36df RFL=00000287 [--S--PC] CPL=0 II=0 A20=1 SMM=0 HLT=0
ES =0030 0000000000000000 ffffffff 00cf9300 DPL=0 DS   [-WA]
CS =0038 0000000000000000 ffffffff 00af9a00 DPL=0 CS64 [-R-]
SS =0030 0000000000000000 ffffffff 00cf9300 DPL=0 DS   [-WA]
DS =0030 0000000000000000 ffffffff 00cf9300 DPL=0 DS   [-WA]
FS =0030 0000000000000000 ffffffff 00cf9300 DPL=0 DS   [-WA]
GS =0030 0000000000000000 ffffffff 00cf9300 DPL=0 DS   [-WA]
LDT=0000 0000000000000000 0000ffff 00008200 DPL=0 LDT
TR =0000 0000000000000000 0000ffff 00008b00 DPL=0 TSS64-busy
GDT=     00000000bf9de000 00000047
IDT=     00000000bf4d2018 00000fff
CR0=80010033 CR2=0000000000000000 CR3=00000000bfc01000 CR4=00000668
DR0=0000000000000000 DR1=0000000000000000 DR2=0000000000000000 DR3=0000000000000000 
DR6=00000000ffff0ff0 DR7=0000000000000400
CCS=0000000000000085 CCD=ffffffffffc22d00 CCO=EFLAGS
EFER=0000000000000d00
Servicing hardware INT=0x20
    97: v=20 e=0000 i=0 cpl=0 IP=0038:00000000bf089266 pc=00000000bf089266 SP=0030:00000000bfec2588 env->regs[R_EAX]=00000000bf09ce20
RAX=00000000bf09ce20 RBX=0000000000000004 RCX=00000000bf09ce20 RDX=0000000000000010
RSI=00000000bec36c90 RDI=0000000000000001 RBP=00000000bfee3ec5 RSP=00000000bfec2588
R8 =e6e9d80563af83b3 R9 =00000000becc2398 R10=00000000bfee1e49 R11=0000000000000000
R12=00000000bfeeaba0 R13=00000000be8d7d98 R14=0000000000000000 R15=00000000be8d7d98
RIP=00000000bf089266 RFL=00000206 [-----P-] CPL=0 II=0 A20=1 SMM=0 HLT=0
ES =0030 0000000000000000 ffffffff 00cf9300 DPL=0 DS   [-WA]
CS =0038 0000000000000000 ffffffff 00af9a00 DPL=0 CS64 [-R-]
SS =0030 0000000000000000 ffffffff 00cf9300 DPL=0 DS   [-WA]
DS =0030 0000000000000000 ffffffff 00cf9300 DPL=0 DS   [-WA]
FS =0030 0000000000000000 ffffffff 00cf9300 DPL=0 DS   [-WA]
GS =0030 0000000000000000 ffffffff 00cf9300 DPL=0 DS   [-WA]
LDT=0000 0000000000000000 0000ffff 00008200 DPL=0 LDT
TR =0000 0000000000000000 0000ffff 00008b00 DPL=0 TSS64-busy
GDT=     00000000bf9de000 00000047
IDT=     00000000bf4d2018 00000fff
CR0=80010033 CR2=0000000000000000 CR3=00000000bfc01000 CR4=00000668
DR0=0000000000000000 DR1=0000000000000000 DR2=0000000000000000 DR3=0000000000000000 
DR6=00000000ffff0ff0 DR7=0000000000000400
CCS=0000000000000004 CCD=00000000bfec2590 CCO=EFLAGS
EFER=0000000000000d00
Servicing hardware INT=0x20
    98: v=20 e=0000 i=0 cpl=0 IP=0038:00000000bfec36a0 pc=00000000bfec36a0 SP=0030:00000000bfec2300 env->regs[R_EAX]=00000000bed81b18
RAX=00000000bed81b18 RBX=00000000bed823a0 RCX=0000000000000010 RDX=00000000bfee8660
RSI=00000000bfec2508 RDI=00000000bed82698 RBP=00000000bed82698 RSP=00000000bfec2300
R8 =00000000bfec2428 R9 =00000000bf8eef98 R10=00000000bfee1e49 R11=0000000000000000
R12=00000000bfee87a0 R13=00000000bfee1cc0 R14=00000000bfee1e49 R15=0000000000000000
RIP=00000000bfec36a0 RFL=00000283 [--S---C] CPL=0 II=0 A20=1 SMM=0 HLT=0
ES =0030 0000000000000000 ffffffff 00cf9300 DPL=0 DS   [-WA]
CS =0038 0000000000000000 ffffffff 00af9a00 DPL=0 CS64 [-R-]
SS =0030 0000000000000000 ffffffff 00cf9300 DPL=0 DS   [-WA]
DS =0030 0000000000000000 ffffffff 00cf9300 DPL=0 DS   [-WA]
FS =0030 0000000000000000 ffffffff 00cf9300 DPL=0 DS   [-WA]
GS =0030 0000000000000000 ffffffff 00cf9300 DPL=0 DS   [-WA]
LDT=0000 0000000000000000 0000ffff 00008200 DPL=0 LDT
TR =0000 0000000000000000 0000ffff 00008b00 DPL=0 TSS64-busy
GDT=     00000000bf9de000 00000047
IDT=     00000000bf4d2018 00000fff
CR0=80010033 CR2=0000000000000000 CR3=00000000bfc01000 CR4=00000668
DR0=0000000000000000 DR1=0000000000000000 DR2=0000000000000000 DR3=0000000000000000 
DR6=00000000ffff0ff0 DR7=0000000000000400
CCS=0000000000000081 CCD=fffffffffffff480 CCO=EFLAGS
EFER=0000000000000d00
Servicing hardware INT=0x20
    99: v=20 e=0000 i=0 cpl=0 IP=0038:00000000bfec8c28 pc=00000000bfec8c28 SP=0030:00000000bfec2540 env->regs[R_EAX]=0000000000000000
RAX=0000000000000000 RBX=0000000000000010 RCX=0000000000000010 RDX=00000000becf8500
RSI=00000000be90eb18 RDI=00000000bed82218 RBP=000000000000001d RSP=00000000bfec2540
R8 =00000000bfec2608 R9 =00000000bed82218 R10=0000000000000000 R11=0000000000000000
R12=00000000bed82218 R13=00000000be90eb18 R14=00000000bfec2608 R15=00000000be90eb18
RIP=00000000bfec8c28 RFL=00000246 [---Z-P-] CPL=0 II=0 A20=1 SMM=0 HLT=0
ES =0030 0000000000000000 ffffffff 00cf9300 DPL=0 DS   [-WA]
CS =0038 0000000000000000 ffffffff 00af9a00 DPL=0 CS64 [-R-]
SS =0030 0000000000000000 ffffffff 00cf9300 DPL=0 DS   [-WA]
DS =0030 0000000000000000 ffffffff 00cf9300 DPL=0 DS   [-WA]
FS =0030 0000000000000000 ffffffff 00cf9300 DPL=0 DS   [-WA]
GS =0030 0000000000000000 ffffffff 00cf9300 DPL=0 DS   [-WA]
LDT=0000 0000000000000000 0000ffff 00008200 DPL=0 LDT
TR =0000 0000000000000000 0000ffff 00008b00 DPL=0 TSS64-busy
GDT=     00000000bf9de000 00000047
IDT=     00000000bf4d2018 00000fff
CR0=80010033 CR2=0000000000000000 CR3=00000000bfc01000 CR4=00000668
DR0=0000000000000000 DR1=0000000000000000 DR2=0000000000000000 DR3=0000000000000000 
DR6=00000000ffff0ff0 DR7=0000000000000400
CCS=0000000000000044 CCD=0000000000000000 CCO=EFLAGS
EFER=0000000000000d00
Servicing hardware INT=0x20
   100: v=20 e=0000 i=0 cpl=0 IP=0038:00000000bfec3684 pc=00000000bfec3684 SP=0030:00000000bfec2510 env->regs[R_EAX]=0000000000000000
RAX=0000000000000000 RBX=0000000000000010 RCX=0000000000000010 RDX=00000000becf8400
RSI=00000000be8e8a18 RDI=00000000be8e8a18 RBP=00000000be8e8a18 RSP=00000000bfec2510
R8 =00000000bfec2608 R9 =00000000bed81b18 R10=0000000000000000 R11=0000000000000000
R12=00000000bed81b18 R13=00000000be8e8a18 R14=00000000bfec2608 R15=00000000be8e8a18
RIP=00000000bfec3684 RFL=00000246 [---Z-P-] CPL=0 II=0 A20=1 SMM=0 HLT=0
ES =0030 0000000000000000 ffffffff 00cf9300 DPL=0 DS   [-WA]
CS =0038 0000000000000000 ffffffff 00af9a00 DPL=0 CS64 [-R-]
SS =0030 0000000000000000 ffffffff 00cf9300 DPL=0 DS   [-WA]
DS =0030 0000000000000000 ffffffff 00cf9300 DPL=0 DS   [-WA]
FS =0030 0000000000000000 ffffffff 00cf9300 DPL=0 DS   [-WA]
GS =0030 0000000000000000 ffffffff 00cf9300 DPL=0 DS   [-WA]
LDT=0000 0000000000000000 0000ffff 00008200 DPL=0 LDT
TR =0000 0000000000000000 0000ffff 00008b00 DPL=0 TSS64-busy
GDT=     00000000bf9de000 00000047
IDT=     00000000bf4d2018 00000fff
CR0=80010033 CR2=0000000000000000 CR3=00000000bfc01000 CR4=00000668
DR0=0000000000000000 DR1=0000000000000000 DR2=0000000000000000 DR3=0000000000000000 
DR6=00000000ffff0ff0 DR7=0000000000000400
CCS=0000000000000044 CCD=0000000000000000 CCO=EFLAGS
EFER=0000000000000d00
Servicing hardware INT=0x20
   101: v=20 e=0000 i=0 cpl=0 IP=0038:00000000bf089266 pc=00000000bf089266 SP=0030:00000000bfec23b8 env->regs[R_EAX]=00000000bf09ce20
RAX=00000000bf09ce20 RBX=0000000000000004 RCX=00000000bf09ce20 RDX=0000000000000010
RSI=00000000bebeaf10 RDI=0000000000000001 RBP=00000000bfee3ec5 RSP=00000000bfec23b8
R8 =54729ad33dd0e381 R9 =00000000becb5098 R10=0000000000000000 R11=0000000000000000
R12=00000000bfeeaba0 R13=00000000be8e2498 R14=0000000000000000 R15=00000000be8e2498
RIP=00000000bf089266 RFL=00000206 [-----P-] CPL=0 II=0 A20=1 SMM=0 HLT=0
ES =0030 0000000000000000 ffffffff 00cf9300 DPL=0 DS   [-WA]
CS =0038 0000000000000000 ffffffff 00af9a00 DPL=0 CS64 [-R-]
SS =0030 0000000000000000 ffffffff 00cf9300 DPL=0 DS   [-WA]
DS =0030 0000000000000000 ffffffff 00cf9300 DPL=0 DS   [-WA]
FS =0030 0000000000000000 ffffffff 00cf9300 DPL=0 DS   [-WA]
GS =0030 0000000000000000 ffffffff 00cf9300 DPL=0 DS   [-WA]
LDT=0000 0000000000000000 0000ffff 00008200 DPL=0 LDT
TR =0000 0000000000000000 0000ffff 00008b00 DPL=0 TSS64-busy
GDT=     00000000bf9de000 00000047
IDT=     00000000bf4d2018 00000fff
CR0=80010033 CR2=0000000000000000 CR3=00000000bfc01000 CR4=00000668
DR0=0000000000000000 DR1=0000000000000000 DR2=0000000000000000 DR3=0000000000000000 
DR6=00000000ffff0ff0 DR7=0000000000000400
CCS=0000000000000004 CCD=00000000bfec23c0 CCO=EFLAGS
EFER=0000000000000d00
Servicing hardware INT=0x20
   102: v=20 e=0000 i=0 cpl=0 IP=0038:00000000bfec958f pc=00000000bfec958f SP=0030:00000000bfec2470 env->regs[R_EAX]=000000000000003d
RAX=000000000000003d RBX=00000000be8d7b98 RCX=0000000000000012 RDX=0000000000000013
RSI=0000000000000040 RDI=00000000bfee8610 RBP=0000000000000012 RSP=00000000bfec2470
R8 =0000000000000041 R9 =00000000becd77a0 R10=000000000000000b R11=0000000000000010
R12=0000000000000000 R13=00000000be8a2998 R14=0000000000000041 R15=00000000be8a2318
RIP=00000000bfec958f RFL=00000216 [----AP-] CPL=0 II=0 A20=1 SMM=0 HLT=0
ES =0030 0000000000000000 ffffffff 00cf9300 DPL=0 DS   [-WA]
CS =0038 0000000000000000 ffffffff 00af9a00 DPL=0 CS64 [-R-]
SS =0030 0000000000000000 ffffffff 00cf9300 DPL=0 DS   [-WA]
DS =0030 0000000000000000 ffffffff 00cf9300 DPL=0 DS   [-WA]
FS =0030 0000000000000000 ffffffff 00cf9300 DPL=0 DS   [-WA]
GS =0030 0000000000000000 ffffffff 00cf9300 DPL=0 DS   [-WA]
LDT=0000 0000000000000000 0000ffff 00008200 DPL=0 LDT
TR =0000 0000000000000000 0000ffff 00008b00 DPL=0 TSS64-busy
GDT=     00000000bf9de000 00000047
IDT=     00000000bf4d2018 00000fff
CR0=80010033 CR2=0000000000000000 CR3=00000000bfc01000 CR4=00000668
DR0=0000000000000000 DR1=0000000000000000 DR2=0000000000000000 DR3=0000000000000000 
DR6=00000000ffff0ff0 DR7=0000000000000400
CCS=0000000000000014 CCD=0000000000000005 CCO=EFLAGS
EFER=0000000000000d00
Servicing hardware INT=0x20
   103: v=20 e=0000 i=0 cpl=0 IP=0038:00000000bfec36da pc=00000000bfec36da SP=0030:00000000bfec2350 env->regs[R_EAX]=00000000becc2398
RAX=00000000becc2398 RBX=00000000becc23a0 RCX=0000000000000010 RDX=00000000bec6d7e0
RSI=0000000000000000 RDI=00000000bece6818 RBP=00000000bece6818 RSP=00000000bfec2350
R8 =00000000bfec2438 R9 =00000000bece6818 R10=0000000000000000 R11=0000000000000000
R12=00000000bfee87a0 R13=00000000bfee1cc0 R14=00000000bfee1e49 R15=00000000be8d7b98
RIP=00000000bfec36da RFL=00000246 [---Z-P-] CPL=0 II=0 A20=1 SMM=0 HLT=0
ES =0030 0000000000000000 ffffffff 00cf9300 DPL=0 DS   [-WA]
CS =0038 0000000000000000 ffffffff 00af9a00 DPL=0 CS64 [-R-]
SS =0030 0000000000000000 ffffffff 00cf9300 DPL=0 DS   [-WA]
DS =0030 0000000000000000 ffffffff 00cf9300 DPL=0 DS   [-WA]
FS =0030 0000000000000000 ffffffff 00cf9300 DPL=0 DS   [-WA]
GS =0030 0000000000000000 ffffffff 00cf9300 DPL=0 DS   [-WA]
LDT=0000 0000000000000000 0000ffff 00008200 DPL=0 LDT
TR =0000 0000000000000000 0000ffff 00008b00 DPL=0 TSS64-busy
GDT=     00000000bf9de000 00000047
IDT=     00000000bf4d2018 00000fff
CR0=80010033 CR2=0000000000000000 CR3=00000000bfc01000 CR4=00000668
DR0=0000000000000000 DR1=0000000000000000 DR2=0000000000000000 DR3=0000000000000000 
DR6=00000000ffff0ff0 DR7=0000000000000400
CCS=0000000000000044 CCD=0000000000000000 CCO=EFLAGS
EFER=0000000000000d00
Servicing hardware INT=0x20
   104: v=20 e=0000 i=0 cpl=0 IP=0038:00000000bfed5c02 pc=00000000bfed5c02 SP=0030:00000000bfec23f0 env->regs[R_EAX]=4181da36b1ee129e
RAX=4181da36b1ee129e RBX=00000000bfee8640 RCX=00000000bfee8640 RDX=00000000bfee8640
RSI=00000000becadd30 RDI=00000000becb1c98 RBP=417353db7671d9d0 RSP=00000000bfec23f0
R8 =00000000bfec25f0 R9 =00000000bf8eef98 R10=00000000bfee9600 R11=0000000000000000
R12=00000000becad898 R13=00000000bfee8640 R14=00000000bfee1cc0 R15=00000000bfee1e49
RIP=00000000bfed5c02 RFL=00000202 [-------] CPL=0 II=0 A20=1 SMM=0 HLT=0
ES =0030 0000000000000000 ffffffff 00cf9300 DPL=0 DS   [-WA]
CS =0038 0000000000000000 ffffffff 00af9a00 DPL=0 CS64 [-R-]
SS =0030 0000000000000000 ffffffff 00cf9300 DPL=0 DS   [-WA]
DS =0030 0000000000000000 ffffffff 00cf9300 DPL=0 DS   [-WA]
FS =0030 0000000000000000 ffffffff 00cf9300 DPL=0 DS   [-WA]
GS =0030 0000000000000000 ffffffff 00cf9300 DPL=0 DS   [-WA]
LDT=0000 0000000000000000 0000ffff 00008200 DPL=0 LDT
TR =0000 0000000000000000 0000ffff 00008b00 DPL=0 TSS64-busy
GDT=     00000000bf9de000 00000047
IDT=     00000000bf4d2018 00000fff
CR0=80010033 CR2=0000000000000000 CR3=00000000bfc01000 CR4=00000668
DR0=0000000000000000 DR1=0000000000000000 DR2=0000000000000000 DR3=0000000000000000 
DR6=00000000ffff0ff0 DR7=0000000000000400
CCS=0000000000000000 CCD=00000000bfec23e0 CCO=EFLAGS
EFER=0000000000000d00
Servicing hardware INT=0x20
   105: v=20 e=0000 i=0 cpl=0 IP=0038:00000000bf089266 pc=00000000bf089266 SP=0030:00000000bfec2418 env->regs[R_EAX]=00000000bf09ce20
RAX=00000000bf09ce20 RBX=0000000000000004 RCX=00000000bf09ce20 RDX=00000000be8a2318
RSI=00000000bfec25f8 RDI=0000000000000001 RBP=00000000bfee3ec5 RSP=00000000bfec2418
R8 =00000000be8a2998 R9 =0000000000000000 R10=00000000bfee1e49 R11=0000000000000000
R12=00000000bfeeaba0 R13=00000000be8a2318 R14=0000000000000000 R15=00000000be8a2998
RIP=00000000bf089266 RFL=00000202 [-------] CPL=0 II=0 A20=1 SMM=0 HLT=0
ES =0030 0000000000000000 ffffffff 00cf9300 DPL=0 DS   [-WA]
CS =0038 0000000000000000 ffffffff 00af9a00 DPL=0 CS64 [-R-]
SS =0030 0000000000000000 ffffffff 00cf9300 DPL=0 DS   [-WA]
DS =0030 0000000000000000 ffffffff 00cf9300 DPL=0 DS   [-WA]
FS =0030 0000000000000000 ffffffff 00cf9300 DPL=0 DS   [-WA]
GS =0030 0000000000000000 ffffffff 00cf9300 DPL=0 DS   [-WA]
LDT=0000 0000000000000000 0000ffff 00008200 DPL=0 LDT
TR =0000 0000000000000000 0000ffff 00008b00 DPL=0 TSS64-busy
GDT=     00000000bf9de000 00000047
IDT=     00000000bf4d2018 00000fff
CR0=80010033 CR2=0000000000000000 CR3=00000000bfc01000 CR4=00000668
DR0=0000000000000000 DR1=0000000000000000 DR2=0000000000000000 DR3=0000000000000000 
DR6=00000000ffff0ff0 DR7=0000000000000400
CCS=0000000000000000 CCD=00000000bfec2420 CCO=EFLAGS
EFER=0000000000000d00
Servicing hardware INT=0x20
   106: v=20 e=0000 i=0 cpl=0 IP=0038:00000000bfec9595 pc=00000000bfec9595 SP=0030:00000000bfec2740 env->regs[R_EAX]=0000000000000019
RAX=0000000000000019 RBX=00000000bed7f018 RCX=0000000000000001 RDX=0000000000000001
RSI=0000000000000040 RDI=00000000bfee8610 RBP=0000000000000000 RSP=00000000bfec2740
R8 =0000000000000041 R9 =00000000bed19e40 R10=0000000000000010 R11=0000000000000010
R12=0000000000000000 R13=00000000be8a2318 R14=0000000000000041 R15=00000000be8a2598
RIP=00000000bfec9595 RFL=00000246 [---Z-P-] CPL=0 II=0 A20=1 SMM=0 HLT=0
ES =0030 0000000000000000 ffffffff 00cf9300 DPL=0 DS   [-WA]
CS =0038 0000000000000000 ffffffff 00af9a00 DPL=0 CS64 [-R-]
SS =0030 0000000000000000 ffffffff 00cf9300 DPL=0 DS   [-WA]
DS =0030 0000000000000000 ffffffff 00cf9300 DPL=0 DS   [-WA]
FS =0030 0000000000000000 ffffffff 00cf9300 DPL=0 DS   [-WA]
GS =0030 0000000000000000 ffffffff 00cf9300 DPL=0 DS   [-WA]
LDT=0000 0000000000000000 0000ffff 00008200 DPL=0 LDT
TR =0000 0000000000000000 0000ffff 00008b00 DPL=0 TSS64-busy
GDT=     00000000bf9de000 00000047
IDT=     00000000bf4d2018 00000fff
CR0=80010033 CR2=0000000000000000 CR3=00000000bfc01000 CR4=00000668
DR0=0000000000000000 DR1=0000000000000000 DR2=0000000000000000 DR3=0000000000000000 
DR6=00000000ffff0ff0 DR7=0000000000000400
CCS=0000000000000044 CCD=0000000000000000 CCO=EFLAGS
EFER=0000000000000d00
Servicing hardware INT=0x20
   107: v=20 e=0000 i=0 cpl=0 IP=0038:00000000bfec36da pc=00000000bfec36da SP=0030:00000000bfec2990 env->regs[R_EAX]=00000000beac4298
RAX=00000000beac4298 RBX=00000000beac42a0 RCX=0000000000000010 RDX=00000000be8a2598
RSI=00000000bfec2ab8 RDI=00000000bed81b18 RBP=00000000bed81b18 RSP=00000000bfec2990
R8 =00000000be8a2318 R9 =0000000000000000 R10=00000000bfee1e49 R11=0000000000000000
R12=00000000bfee87a0 R13=00000000bfee1cc0 R14=00000000bfee1e49 R15=00000000be8a2318
RIP=00000000bfec36da RFL=00000246 [---Z-P-] CPL=0 II=0 A20=1 SMM=0 HLT=0
ES =0030 0000000000000000 ffffffff 00cf9300 DPL=0 DS   [-WA]
CS =0038 0000000000000000 ffffffff 00af9a00 DPL=0 CS64 [-R-]
SS =0030 0000000000000000 ffffffff 00cf9300 DPL=0 DS   [-WA]
DS =0030 0000000000000000 ffffffff 00cf9300 DPL=0 DS   [-WA]
FS =0030 0000000000000000 ffffffff 00cf9300 DPL=0 DS   [-WA]
GS =0030 0000000000000000 ffffffff 00cf9300 DPL=0 DS   [-WA]
LDT=0000 0000000000000000 0000ffff 00008200 DPL=0 LDT
TR =0000 0000000000000000 0000ffff 00008b00 DPL=0 TSS64-busy
GDT=     00000000bf9de000 00000047
IDT=     00000000bf4d2018 00000fff
CR0=80010033 CR2=0000000000000000 CR3=00000000bfc01000 CR4=00000668
DR0=0000000000000000 DR1=0000000000000000 DR2=0000000000000000 DR3=0000000000000000 
DR6=00000000ffff0ff0 DR7=0000000000000400
CCS=0000000000000044 CCD=0000000000000000 CCO=EFLAGS
EFER=0000000000000d00
Servicing hardware INT=0x20
   108: v=20 e=0000 i=0 cpl=0 IP=0038:00000000bfec36da pc=00000000bfec36da SP=0030:00000000bfec28e0 env->regs[R_EAX]=00000000bf8e0c18
RAX=00000000bf8e0c18 RBX=00000000bf8e0c20 RCX=0000000000000010 RDX=00000000beb85f60
RSI=00000000beb85f60 RDI=00000000bf8e0c18 RBP=00000000bf8e0c18 RSP=00000000bfec28e0
R8 =0000000000000000 R9 =00000000becb3918 R10=00000000bfee9600 R11=0000000000000000
R12=00000000bfee87a0 R13=00000000bfee1cc0 R14=00000000bfee1e49 R15=00000000bf8e0c18
RIP=00000000bfec36da RFL=00000246 [---Z-P-] CPL=0 II=0 A20=1 SMM=0 HLT=0
ES =0030 0000000000000000 ffffffff 00cf9300 DPL=0 DS   [-WA]
CS =0038 0000000000000000 ffffffff 00af9a00 DPL=0 CS64 [-R-]
SS =0030 0000000000000000 ffffffff 00cf9300 DPL=0 DS   [-WA]
DS =0030 0000000000000000 ffffffff 00cf9300 DPL=0 DS   [-WA]
FS =0030 0000000000000000 ffffffff 00cf9300 DPL=0 DS   [-WA]
GS =0030 0000000000000000 ffffffff 00cf9300 DPL=0 DS   [-WA]
LDT=0000 0000000000000000 0000ffff 00008200 DPL=0 LDT
TR =0000 0000000000000000 0000ffff 00008b00 DPL=0 TSS64-busy
GDT=     00000000bf9de000 00000047
IDT=     00000000bf4d2018 00000fff
CR0=80010033 CR2=0000000000000000 CR3=00000000bfc01000 CR4=00000668
DR0=0000000000000000 DR1=0000000000000000 DR2=0000000000000000 DR3=0000000000000000 
DR6=00000000ffff0ff0 DR7=0000000000000400
CCS=0000000000000044 CCD=0000000000000000 CCO=EFLAGS
EFER=0000000000000d00
Servicing hardware INT=0x20
   109: v=20 e=0000 i=0 cpl=0 IP=0038:00000000bfec36b1 pc=00000000bfec36b1 SP=0030:00000000bfec28c0 env->regs[R_EAX]=00000000becb3498
RAX=00000000becb3498 RBX=00000000becb3220 RCX=0000000000000010 RDX=00000000beb390f0
RSI=00000000beb390f0 RDI=00000000bf4f2e98 RBP=00000000bf4f2e98 RSP=00000000bfec28c0
R8 =0000000000000000 R9 =00000000becb1c98 R10=0000000000000000 R11=0000000000000000
R12=00000000bfee87a0 R13=00000000bfee1cc0 R14=00000000bfee1e49 R15=00000000bf4f2e98
RIP=00000000bfec36b1 RFL=00000283 [--S---C] CPL=0 II=0 A20=1 SMM=0 HLT=0
ES =0030 0000000000000000 ffffffff 00cf9300 DPL=0 DS   [-WA]
CS =0038 0000000000000000 ffffffff 00af9a00 DPL=0 CS64 [-R-]
SS =0030 0000000000000000 ffffffff 00cf9300 DPL=0 DS   [-WA]
DS =0030 0000000000000000 ffffffff 00cf9300 DPL=0 DS   [-WA]
FS =0030 0000000000000000 ffffffff 00cf9300 DPL=0 DS   [-WA]
GS =0030 0000000000000000 ffffffff 00cf9300 DPL=0 DS   [-WA]
LDT=0000 0000000000000000 0000ffff 00008200 DPL=0 LDT
TR =0000 0000000000000000 0000ffff 00008b00 DPL=0 TSS64-busy
GDT=     00000000bf9de000 00000047
IDT=     00000000bf4d2018 00000fff
CR0=80010033 CR2=0000000000000000 CR3=00000000bfc01000 CR4=00000668
DR0=0000000000000000 DR1=0000000000000000 DR2=0000000000000000 DR3=0000000000000000 
DR6=00000000ffff0ff0 DR7=0000000000000400
CCS=0000000000000081 CCD=fffffffffedcaa80 CCO=EFLAGS
EFER=0000000000000d00
Servicing hardware INT=0x20
   110: v=20 e=0000 i=0 cpl=0 IP=0038:00000000bfec36da pc=00000000bfec36da SP=0030:00000000bfec2930 env->regs[R_EAX]=00000000becaf018
RAX=00000000becaf018 RBX=00000000becaf020 RCX=0000000000000010 RDX=00000000beb79b50
RSI=0000000000000000 RDI=00000000bf4f1498 RBP=00000000bf4f1498 RSP=00000000bfec2930
R8 =0000000000000000 R9 =00000000becb2898 R10=0000000000000000 R11=0000000000000000
R12=00000000bfee87a0 R13=00000000bfee1cc0 R14=00000000bfee1e49 R15=00000000bf4f1498
RIP=00000000bfec36da RFL=00000246 [---Z-P-] CPL=0 II=0 A20=1 SMM=0 HLT=0
ES =0030 0000000000000000 ffffffff 00cf9300 DPL=0 DS   [-WA]
CS =0038 0000000000000000 ffffffff 00af9a00 DPL=0 CS64 [-R-]
SS =0030 0000000000000000 ffffffff 00cf9300 DPL=0 DS   [-WA]
DS =0030 0000000000000000 ffffffff 00cf9300 DPL=0 DS   [-WA]
FS =0030 0000000000000000 ffffffff 00cf9300 DPL=0 DS   [-WA]
GS =0030 0000000000000000 ffffffff 00cf9300 DPL=0 DS   [-WA]
LDT=0000 0000000000000000 0000ffff 00008200 DPL=0 LDT
TR =0000 0000000000000000 0000ffff 00008b00 DPL=0 TSS64-busy
GDT=     00000000bf9de000 00000047
IDT=     00000000bf4d2018 00000fff
CR0=80010033 CR2=0000000000000000 CR3=00000000bfc01000 CR4=00000668
DR0=0000000000000000 DR1=0000000000000000 DR2=0000000000000000 DR3=0000000000000000 
DR6=00000000ffff0ff0 DR7=0000000000000400
CCS=0000000000000044 CCD=0000000000000000 CCO=EFLAGS
EFER=0000000000000d00
Servicing hardware INT=0x20
   111: v=20 e=0000 i=0 cpl=0 IP=0038:00000000bfec36da pc=00000000bfec36da SP=0030:00000000bfec28d0 env->regs[R_EAX]=00000000becc2398
RAX=00000000becc2398 RBX=00000000becc23a0 RCX=0000000000000010 RDX=00000000becfeb10
RSI=00000000becfeb10 RDI=00000000bf4ee798 RBP=00000000bf4ee798 RSP=00000000bfec28d0
R8 =00000000bfec29f8 R9 =00000000bed1be18 R10=0000000000000000 R11=0000000000000000
R12=00000000bfee87a0 R13=00000000bfee1cc0 R14=00000000bfee1e49 R15=00000000bf4ee798
RIP=00000000bfec36da RFL=00000246 [---Z-P-] CPL=0 II=0 A20=1 SMM=0 HLT=0
ES =0030 0000000000000000 ffffffff 00cf9300 DPL=0 DS   [-WA]
CS =0038 0000000000000000 ffffffff 00af9a00 DPL=0 CS64 [-R-]
SS =0030 0000000000000000 ffffffff 00cf9300 DPL=0 DS   [-WA]
DS =0030 0000000000000000 ffffffff 00cf9300 DPL=0 DS   [-WA]
FS =0030 0000000000000000 ffffffff 00cf9300 DPL=0 DS   [-WA]
GS =0030 0000000000000000 ffffffff 00cf9300 DPL=0 DS   [-WA]
LDT=0000 0000000000000000 0000ffff 00008200 DPL=0 LDT
TR =0000 0000000000000000 0000ffff 00008b00 DPL=0 TSS64-busy
GDT=     00000000bf9de000 00000047
IDT=     00000000bf4d2018 00000fff
CR0=80010033 CR2=0000000000000000 CR3=00000000bfc01000 CR4=00000668
DR0=0000000000000000 DR1=0000000000000000 DR2=0000000000000000 DR3=0000000000000000 
DR6=00000000ffff0ff0 DR7=0000000000000400
CCS=0000000000000044 CCD=0000000000000000 CCO=EFLAGS
EFER=0000000000000d00
Servicing hardware INT=0x20
   112: v=20 e=0000 i=0 cpl=0 IP=0038:00000000bfec36da pc=00000000bfec36da SP=0030:00000000bfec2900 env->regs[R_EAX]=00000000bebedd18
RAX=00000000bebedd18 RBX=00000000bebedd20 RCX=0000000000000010 RDX=00000000beb38fc0
RSI=0000000000000006 RDI=00000000bf4d4698 RBP=00000000bf4d4698 RSP=00000000bfec2900
R8 =0000000000000000 R9 =00000000becb0218 R10=0000000000000000 R11=0000000000000000
R12=00000000bfee87a0 R13=00000000bfee1cc0 R14=00000000bfee1e49 R15=00000000bf4d4698
RIP=00000000bfec36da RFL=00000246 [---Z-P-] CPL=0 II=0 A20=1 SMM=0 HLT=0
ES =0030 0000000000000000 ffffffff 00cf9300 DPL=0 DS   [-WA]
CS =0038 0000000000000000 ffffffff 00af9a00 DPL=0 CS64 [-R-]
SS =0030 0000000000000000 ffffffff 00cf9300 DPL=0 DS   [-WA]
DS =0030 0000000000000000 ffffffff 00cf9300 DPL=0 DS   [-WA]
FS =0030 0000000000000000 ffffffff 00cf9300 DPL=0 DS   [-WA]
GS =0030 0000000000000000 ffffffff 00cf9300 DPL=0 DS   [-WA]
LDT=0000 0000000000000000 0000ffff 00008200 DPL=0 LDT
TR =0000 0000000000000000 0000ffff 00008b00 DPL=0 TSS64-busy
GDT=     00000000bf9de000 00000047
IDT=     00000000bf4d2018 00000fff
CR0=80010033 CR2=0000000000000000 CR3=00000000bfc01000 CR4=00000668
DR0=0000000000000000 DR1=0000000000000000 DR2=0000000000000000 DR3=0000000000000000 
DR6=00000000ffff0ff0 DR7=0000000000000400
CCS=0000000000000044 CCD=0000000000000000 CCO=EFLAGS
EFER=0000000000000d00
Servicing hardware INT=0x20
   113: v=20 e=0000 i=0 cpl=0 IP=0038:00000000bfec36a0 pc=00000000bfec36a0 SP=0030:00000000bfec2930 env->regs[R_EAX]=00000000bebedf98
RAX=00000000bebedf98 RBX=00000000bebefe20 RCX=0000000000000010 RDX=00000000bfee8640
RSI=0000000000000000 RDI=00000000becb1898 RBP=00000000becb1898 RSP=00000000bfec2930
R8 =00000000bfec2ab0 R9 =00000000bf8eef98 R10=00000000bfee9600 R11=0000000000000000
R12=00000000bfee87a0 R13=00000000bfee1cc0 R14=00000000bfee1e49 R15=0000000000000000
RIP=00000000bfec36a0 RFL=00000287 [--S--PC] CPL=0 II=0 A20=1 SMM=0 HLT=0
ES =0030 0000000000000000 ffffffff 00cf9300 DPL=0 DS   [-WA]
CS =0038 0000000000000000 ffffffff 00af9a00 DPL=0 CS64 [-R-]
SS =0030 0000000000000000 ffffffff 00cf9300 DPL=0 DS   [-WA]
DS =0030 0000000000000000 ffffffff 00cf9300 DPL=0 DS   [-WA]
FS =0030 0000000000000000 ffffffff 00cf9300 DPL=0 DS   [-WA]
GS =0030 0000000000000000 ffffffff 00cf9300 DPL=0 DS   [-WA]
LDT=0000 0000000000000000 0000ffff 00008200 DPL=0 LDT
TR =0000 0000000000000000 0000ffff 00008b00 DPL=0 TSS64-busy
GDT=     00000000bf9de000 00000047
IDT=     00000000bf4d2018 00000fff
CR0=80010033 CR2=0000000000000000 CR3=00000000bfc01000 CR4=00000668
DR0=0000000000000000 DR1=0000000000000000 DR2=0000000000000000 DR3=0000000000000000 
DR6=00000000ffff0ff0 DR7=0000000000000400
CCS=0000000000000085 CCD=fffffffffff3c700 CCO=EFLAGS
EFER=0000000000000d00
Servicing hardware INT=0x20
   114: v=20 e=0000 i=0 cpl=0 IP=0038:00000000bfec3b86 pc=00000000bfec3b86 SP=0030:00000000bfec2910 env->regs[R_EAX]=00000000bec23098
RAX=00000000bec23098 RBX=0000000000000000 RCX=00000000bfec2928 RDX=0000000000000f10
RSI=00000000bfec2928 RDI=00000000bfec2930 RBP=00000000bfec29c8 RSP=00000000bfec2910
R8 =719f1e26090cc0a5 R9 =00000000bfec2a90 R10=00000000bfee9600 R11=0000000000000000
R12=0000000000000002 R13=00000000000001f0 R14=0000000000000000 R15=00000000bfec355d
RIP=00000000bfec3b86 RFL=00000287 [--S--PC] CPL=0 II=0 A20=1 SMM=0 HLT=0
ES =0030 0000000000000000 ffffffff 00cf9300 DPL=0 DS   [-WA]
CS =0038 0000000000000000 ffffffff 00af9a00 DPL=0 CS64 [-R-]
SS =0030 0000000000000000 ffffffff 00cf9300 DPL=0 DS   [-WA]
DS =0030 0000000000000000 ffffffff 00cf9300 DPL=0 DS   [-WA]
FS =0030 0000000000000000 ffffffff 00cf9300 DPL=0 DS   [-WA]
GS =0030 0000000000000000 ffffffff 00cf9300 DPL=0 DS   [-WA]
LDT=0000 0000000000000000 0000ffff 00008200 DPL=0 LDT
TR =0000 0000000000000000 0000ffff 00008b00 DPL=0 TSS64-busy
GDT=     00000000bf9de000 00000047
IDT=     00000000bf4d2018 00000fff
CR0=80010033 CR2=0000000000000000 CR3=00000000bfc01000 CR4=00000668
DR0=0000000000000000 DR1=0000000000000000 DR2=0000000000000000 DR3=0000000000000000 
DR6=00000000ffff0ff0 DR7=0000000000000400
CCS=0000000000000085 CCD=ffffffffffffffff CCO=EFLAGS
EFER=0000000000000d00
Servicing hardware INT=0x20
   115: v=20 e=0000 i=0 cpl=0 IP=0038:00000000bf089266 pc=00000000bf089266 SP=0030:00000000bfec27f8 env->regs[R_EAX]=00000000bf09ce20
RAX=00000000bf09ce20 RBX=0000000000000004 RCX=00000000bf09ce20 RDX=00000000beb85f20
RSI=00000000becb2e20 RDI=0000000000000001 RBP=00000000bfee3ec5 RSP=00000000bfec27f8
R8 =719f1e26090cc0a5 R9 =0000000000000000 R10=00000000bfee1e49 R11=0000000000000000
R12=00000000bfeeaba0 R13=00000000becb3b18 R14=00000000bfec29d8 R15=0000000000000000
RIP=00000000bf089266 RFL=00000206 [-----P-] CPL=0 II=0 A20=1 SMM=0 HLT=0
ES =0030 0000000000000000 ffffffff 00cf9300 DPL=0 DS   [-WA]
CS =0038 0000000000000000 ffffffff 00af9a00 DPL=0 CS64 [-R-]
SS =0030 0000000000000000 ffffffff 00cf9300 DPL=0 DS   [-WA]
DS =0030 0000000000000000 ffffffff 00cf9300 DPL=0 DS   [-WA]
FS =0030 0000000000000000 ffffffff 00cf9300 DPL=0 DS   [-WA]
GS =0030 0000000000000000 ffffffff 00cf9300 DPL=0 DS   [-WA]
LDT=0000 0000000000000000 0000ffff 00008200 DPL=0 LDT
TR =0000 0000000000000000 0000ffff 00008b00 DPL=0 TSS64-busy
GDT=     00000000bf9de000 00000047
IDT=     00000000bf4d2018 00000fff
CR0=80010033 CR2=0000000000000000 CR3=00000000bfc01000 CR4=00000668
DR0=0000000000000000 DR1=0000000000000000 DR2=0000000000000000 DR3=0000000000000000 
DR6=00000000ffff0ff0 DR7=0000000000000400
CCS=0000000000000004 CCD=00000000bfec2800 CCO=EFLAGS
EFER=0000000000000d00
Servicing hardware INT=0x20
   116: v=20 e=0000 i=0 cpl=0 IP=0038:00000000bfec36da pc=00000000bfec36da SP=0030:00000000bfec2910 env->regs[R_EAX]=00000000be908898
RAX=00000000be908898 RBX=00000000be9088a0 RCX=0000000000000010 RDX=00000000bec53830
RSI=0000000000000000 RDI=00000000bf0bcc98 RBP=00000000bf0bcc98 RSP=00000000bfec2910
R8 =00000000bfec29f8 R9 =00000000bece4b98 R10=0000000000000000 R11=0000000000000000
R12=00000000bfee87a0 R13=00000000bfee1cc0 R14=00000000bfee1e49 R15=00000000bf0bcc98
RIP=00000000bfec36da RFL=00000246 [---Z-P-] CPL=0 II=0 A20=1 SMM=0 HLT=0
ES =0030 0000000000000000 ffffffff 00cf9300 DPL=0 DS   [-WA]
CS =0038 0000000000000000 ffffffff 00af9a00 DPL=0 CS64 [-R-]
SS =0030 0000000000000000 ffffffff 00cf9300 DPL=0 DS   [-WA]
DS =0030 0000000000000000 ffffffff 00cf9300 DPL=0 DS   [-WA]
FS =0030 0000000000000000 ffffffff 00cf9300 DPL=0 DS   [-WA]
GS =0030 0000000000000000 ffffffff 00cf9300 DPL=0 DS   [-WA]
LDT=0000 0000000000000000 0000ffff 00008200 DPL=0 LDT
TR =0000 0000000000000000 0000ffff 00008b00 DPL=0 TSS64-busy
GDT=     00000000bf9de000 00000047
IDT=     00000000bf4d2018 00000fff
CR0=80010033 CR2=0000000000000000 CR3=00000000bfc01000 CR4=00000668
DR0=0000000000000000 DR1=0000000000000000 DR2=0000000000000000 DR3=0000000000000000 
DR6=00000000ffff0ff0 DR7=0000000000000400
CCS=0000000000000044 CCD=0000000000000000 CCO=EFLAGS
EFER=0000000000000d00
Servicing hardware INT=0x20
   117: v=20 e=0000 i=0 cpl=0 IP=0038:00000000bfed5c1a pc=00000000bfed5c1a SP=0030:00000000bfec2860 env->regs[R_EAX]=719f1e26090cc0a5
RAX=719f1e26090cc0a5 RBX=00000000bfee8660 RCX=00000000bfee8668 RDX=00000000bfee8660
RSI=4dc13f279000389a RDI=4d1ab44318a031ab RBP=11d446cc27cfac87 RSP=00000000bfec2860
R8 =719f1e26090cc0a5 R9 =00000000bfec2a90 R10=00000000bfee9600 R11=0000000000000000
R12=00000000bf8e6420 R13=00000000bfee8660 R14=00000000bf8e6418 R15=00000000bfee1e49
RIP=00000000bfed5c1a RFL=00000206 [-----P-] CPL=0 II=0 A20=1 SMM=0 HLT=0
ES =0030 0000000000000000 ffffffff 00cf9300 DPL=0 DS   [-WA]
CS =0038 0000000000000000 ffffffff 00af9a00 DPL=0 CS64 [-R-]
SS =0030 0000000000000000 ffffffff 00cf9300 DPL=0 DS   [-WA]
DS =0030 0000000000000000 ffffffff 00cf9300 DPL=0 DS   [-WA]
FS =0030 0000000000000000 ffffffff 00cf9300 DPL=0 DS   [-WA]
GS =0030 0000000000000000 ffffffff 00cf9300 DPL=0 DS   [-WA]
LDT=0000 0000000000000000 0000ffff 00008200 DPL=0 LDT
TR =0000 0000000000000000 0000ffff 00008b00 DPL=0 TSS64-busy
GDT=     00000000bf9de000 00000047
IDT=     00000000bf4d2018 00000fff
CR0=80010033 CR2=0000000000000000 CR3=00000000bfc01000 CR4=00000668
DR0=0000000000000000 DR1=0000000000000000 DR2=0000000000000000 DR3=0000000000000000 
DR6=00000000ffff0ff0 DR7=0000000000000400
CCS=0000000000000004 CCD=00000000bfec2850 CCO=EFLAGS
EFER=0000000000000d00
Servicing hardware INT=0x20
   118: v=20 e=0000 i=0 cpl=0 IP=0038:00000000bfec36da pc=00000000bfec36da SP=0030:00000000bfec28f0 env->regs[R_EAX]=00000000becb7e98
RAX=00000000becb7e98 RBX=00000000becb7ea0 RCX=0000000000000010 RDX=00000000bec9fab0
RSI=0000000000000000 RDI=00000000bf0b7318 RBP=00000000bf0b7318 RSP=00000000bfec28f0
R8 =00000000bfec29e0 R9 =00000000bed08998 R10=0000000000000000 R11=0000000000000000
R12=00000000bfee87a0 R13=00000000bfee1cc0 R14=00000000bfee1e49 R15=00000000bf0b7318
RIP=00000000bfec36da RFL=00000246 [---Z-P-] CPL=0 II=0 A20=1 SMM=0 HLT=0
ES =0030 0000000000000000 ffffffff 00cf9300 DPL=0 DS   [-WA]
CS =0038 0000000000000000 ffffffff 00af9a00 DPL=0 CS64 [-R-]
SS =0030 0000000000000000 ffffffff 00cf9300 DPL=0 DS   [-WA]
DS =0030 0000000000000000 ffffffff 00cf9300 DPL=0 DS   [-WA]
FS =0030 0000000000000000 ffffffff 00cf9300 DPL=0 DS   [-WA]
GS =0030 0000000000000000 ffffffff 00cf9300 DPL=0 DS   [-WA]
LDT=0000 0000000000000000 0000ffff 00008200 DPL=0 LDT
TR =0000 0000000000000000 0000ffff 00008b00 DPL=0 TSS64-busy
GDT=     00000000bf9de000 00000047
IDT=     00000000bf4d2018 00000fff
CR0=80010033 CR2=0000000000000000 CR3=00000000bfc01000 CR4=00000668
DR0=0000000000000000 DR1=0000000000000000 DR2=0000000000000000 DR3=0000000000000000 
DR6=00000000ffff0ff0 DR7=0000000000000400
CCS=0000000000000044 CCD=0000000000000000 CCO=EFLAGS
EFER=0000000000000d00
Servicing hardware INT=0x20
   119: v=20 e=0000 i=0 cpl=0 IP=0038:00000000bfec375f pc=00000000bfec375f SP=0030:00000000bfec2910 env->regs[R_EAX]=00000000b6908800
RAX=00000000b6908800 RBX=00000000bf0b64a0 RCX=00000000beb989d8 RDX=00000000beb98900
RSI=00000000beb989d0 RDI=00000000bf066998 RBP=00000000bf0669b0 RSP=00000000bfec2910
R8 =d57ac4b6f7d09c88 R9 =00000000becb3498 R10=0000000000000000 R11=0000000000000000
R12=00000000bf0b6498 R13=00000000beb989d0 R14=00000000bfee1cc0 R15=00000000bfee1e49
RIP=00000000bfec375f RFL=00000246 [---Z-P-] CPL=0 II=0 A20=1 SMM=0 HLT=0
ES =0030 0000000000000000 ffffffff 00cf9300 DPL=0 DS   [-WA]
CS =0038 0000000000000000 ffffffff 00af9a00 DPL=0 CS64 [-R-]
SS =0030 0000000000000000 ffffffff 00cf9300 DPL=0 DS   [-WA]
DS =0030 0000000000000000 ffffffff 00cf9300 DPL=0 DS   [-WA]
FS =0030 0000000000000000 ffffffff 00cf9300 DPL=0 DS   [-WA]
GS =0030 0000000000000000 ffffffff 00cf9300 DPL=0 DS   [-WA]
LDT=0000 0000000000000000 0000ffff 00008200 DPL=0 LDT
TR =0000 0000000000000000 0000ffff 00008b00 DPL=0 TSS64-busy
GDT=     00000000bf9de000 00000047
IDT=     00000000bf4d2018 00000fff
CR0=80010033 CR2=0000000000000000 CR3=00000000bfc01000 CR4=00000668
DR0=0000000000000000 DR1=0000000000000000 DR2=0000000000000000 DR3=0000000000000000 
DR6=00000000ffff0ff0 DR7=0000000000000400
CCS=0000000000000044 CCD=0000000000000000 CCO=EFLAGS
EFER=0000000000000d00
Servicing hardware INT=0x20
   120: v=20 e=0000 i=0 cpl=0 IP=0038:00000000bfec36da pc=00000000bfec36da SP=0030:00000000bfec2880 env->regs[R_EAX]=00000000be8f9718
RAX=00000000be8f9718 RBX=00000000be8f9720 RCX=0000000000000010 RDX=00000000bed206f0
RSI=00000000bed206f0 RDI=00000000bf065998 RBP=00000000bf065998 RSP=00000000bfec2880
R8 =00000000bfec29a8 R9 =00000000bed2a698 R10=0000000000000000 R11=0000000000000000
R12=00000000bfee87a0 R13=00000000bfee1cc0 R14=00000000bfee1e49 R15=00000000bf065998
RIP=00000000bfec36da RFL=00000246 [---Z-P-] CPL=0 II=0 A20=1 SMM=0 HLT=0
ES =0030 0000000000000000 ffffffff 00cf9300 DPL=0 DS   [-WA]
CS =0038 0000000000000000 ffffffff 00af9a00 DPL=0 CS64 [-R-]
SS =0030 0000000000000000 ffffffff 00cf9300 DPL=0 DS   [-WA]
DS =0030 0000000000000000 ffffffff 00cf9300 DPL=0 DS   [-WA]
FS =0030 0000000000000000 ffffffff 00cf9300 DPL=0 DS   [-WA]
GS =0030 0000000000000000 ffffffff 00cf9300 DPL=0 DS   [-WA]
LDT=0000 0000000000000000 0000ffff 00008200 DPL=0 LDT
TR =0000 0000000000000000 0000ffff 00008b00 DPL=0 TSS64-busy
GDT=     00000000bf9de000 00000047
IDT=     00000000bf4d2018 00000fff
CR0=80010033 CR2=0000000000000000 CR3=00000000bfc01000 CR4=00000668
DR0=0000000000000000 DR1=0000000000000000 DR2=0000000000000000 DR3=0000000000000000 
DR6=00000000ffff0ff0 DR7=0000000000000400
CCS=0000000000000044 CCD=0000000000000000 CCO=EFLAGS
EFER=0000000000000d00
Servicing hardware INT=0x20
   121: v=20 e=0000 i=0 cpl=0 IP=0038:00000000bf4de23f pc=00000000bf4de23f SP=0030:00000000bfec2490 env->regs[R_EAX]=00000000be8a1b7f
RAX=00000000be8a1b7f RBX=00000000be8a1b73 RCX=00000000be8a1b7f RDX=0000000000000000
RSI=00000000bfec2601 RDI=0000000000000005 RBP=00000000bfec2610 RSP=00000000bfec2490
R8 =0000000000000000 R9 =0000000000000000 R10=00000000bfee1e49 R11=0000000000000000
R12=00000000be8a1b7f R13=0000000000000000 R14=00000000be8a1a98 R15=00000000becdfb90
RIP=00000000bf4de23f RFL=00000202 [-------] CPL=0 II=0 A20=1 SMM=0 HLT=0
ES =0030 0000000000000000 ffffffff 00cf9300 DPL=0 DS   [-WA]
CS =0038 0000000000000000 ffffffff 00af9a00 DPL=0 CS64 [-R-]
SS =0030 0000000000000000 ffffffff 00cf9300 DPL=0 DS   [-WA]
DS =0030 0000000000000000 ffffffff 00cf9300 DPL=0 DS   [-WA]
FS =0030 0000000000000000 ffffffff 00cf9300 DPL=0 DS   [-WA]
GS =0030 0000000000000000 ffffffff 00cf9300 DPL=0 DS   [-WA]
LDT=0000 0000000000000000 0000ffff 00008200 DPL=0 LDT
TR =0000 0000000000000000 0000ffff 00008b00 DPL=0 TSS64-busy
GDT=     00000000bf9de000 00000047
IDT=     00000000bf4d2018 00000fff
CR0=80010033 CR2=0000000000000000 CR3=00000000bfc01000 CR4=00000668
DR0=0000000000000000 DR1=0000000000000000 DR2=0000000000000000 DR3=0000000000000000 
DR6=00000000ffff0ff0 DR7=0000000000000400
CCS=0000000000000000 CCD=00000000be8a1b7f CCO=EFLAGS
EFER=0000000000000d00
Servicing hardware INT=0x20
   122: v=20 e=0000 i=0 cpl=0 IP=0038:00000000bfec3b86 pc=00000000bfec3b86 SP=0030:00000000bfec2730 env->regs[R_EAX]=00000000bece4998
RAX=00000000bece4998 RBX=0000000000000000 RCX=00000000bfec2748 RDX=0000000000000fee
RSI=00000000bfec2748 RDI=00000000bfec2750 RBP=00000000bfec27e8 RSP=00000000bfec2730
R8 =719f1e26090cc0a5 R9 =0000000000000208 R10=00000000bfee1e49 R11=00000000bec8d300
R12=0000000000000002 R13=0000000000000100 R14=00000000be8a2418 R15=00000000bfec355d
RIP=00000000bfec3b86 RFL=00000297 [--S-APC] CPL=0 II=0 A20=1 SMM=0 HLT=0
ES =0030 0000000000000000 ffffffff 00cf9300 DPL=0 DS   [-WA]
CS =0038 0000000000000000 ffffffff 00af9a00 DPL=0 CS64 [-R-]
SS =0030 0000000000000000 ffffffff 00cf9300 DPL=0 DS   [-WA]
DS =0030 0000000000000000 ffffffff 00cf9300 DPL=0 DS   [-WA]
FS =0030 0000000000000000 ffffffff 00cf9300 DPL=0 DS   [-WA]
GS =0030 0000000000000000 ffffffff 00cf9300 DPL=0 DS   [-WA]
LDT=0000 0000000000000000 0000ffff 00008200 DPL=0 LDT
TR =0000 0000000000000000 0000ffff 00008b00 DPL=0 TSS64-busy
GDT=     00000000bf9de000 00000047
IDT=     00000000bf4d2018 00000fff
CR0=80010033 CR2=0000000000000000 CR3=00000000bfc01000 CR4=00000668
DR0=0000000000000000 DR1=0000000000000000 DR2=0000000000000000 DR3=0000000000000000 
DR6=00000000ffff0ff0 DR7=0000000000000400
CCS=0000000000000095 CCD=ffffffffffffffff CCO=EFLAGS
EFER=0000000000000d00
Servicing hardware INT=0x20
   123: v=20 e=0000 i=0 cpl=0 IP=0038:00000000beca73a0 pc=00000000beca73a0 SP=0030:00000000bfec25d0 env->regs[R_EAX]=00000000becaaa00
RAX=00000000becaaa00 RBX=0000000000000000 RCX=0000000000000040 RDX=00000000becaabff
RSI=00000000be8a23d4 RDI=0000000000000001 RBP=0000000000000000 RSP=00000000bfec25d0
R8 =00000000becaab43 R9 =00000000becaaa7f R10=0000000000000000 R11=0000000000000000
R12=00000000be8a2318 R13=00000000be8a2720 R14=0000000000000001 R15=0000000000000000
RIP=00000000beca73a0 RFL=00000202 [-------] CPL=0 II=0 A20=1 SMM=0 HLT=0
ES =0030 0000000000000000 ffffffff 00cf9300 DPL=0 DS   [-WA]
CS =0038 0000000000000000 ffffffff 00af9a00 DPL=0 CS64 [-R-]
SS =0030 0000000000000000 ffffffff 00cf9300 DPL=0 DS   [-WA]
DS =0030 0000000000000000 ffffffff 00cf9300 DPL=0 DS   [-WA]
FS =0030 0000000000000000 ffffffff 00cf9300 DPL=0 DS   [-WA]
GS =0030 0000000000000000 ffffffff 00cf9300 DPL=0 DS   [-WA]
LDT=0000 0000000000000000 0000ffff 00008200 DPL=0 LDT
TR =0000 0000000000000000 0000ffff 00008b00 DPL=0 TSS64-busy
GDT=     00000000bf9de000 00000047
IDT=     00000000bf4d2018 00000fff
CR0=80010033 CR2=0000000000000000 CR3=00000000bfc01000 CR4=00000668
DR0=0000000000000000 DR1=0000000000000000 DR2=0000000000000000 DR3=0000000000000000 
DR6=00000000ffff0ff0 DR7=0000000000000400
CCS=0000000000000000 CCD=00000000bfec25b0 CCO=EFLAGS
EFER=0000000000000d00
Servicing hardware INT=0x20
   124: v=20 e=0000 i=0 cpl=0 IP=0038:00000000beca3d27 pc=00000000beca3d27 SP=0030:00000000bfec27c0 env->regs[R_EAX]=00000000be8a2340
RAX=00000000be8a2340 RBX=00000000be8a2340 RCX=00000000be8a2340 RDX=0000000000000000
RSI=0000000000000000 RDI=0000000000000000 RBP=00000000bfec2850 RSP=00000000bfec27c0
R8 =0000000000000000 R9 =00000000bfec2850 R10=0000000000000041 R11=0000000000000031
R12=00000000bfec28d4 R13=0000000000000000 R14=0000000000000000 R15=0000000000000000
RIP=00000000beca3d27 RFL=00000246 [---Z-P-] CPL=0 II=0 A20=1 SMM=0 HLT=0
ES =0030 0000000000000000 ffffffff 00cf9300 DPL=0 DS   [-WA]
CS =0038 0000000000000000 ffffffff 00af9a00 DPL=0 CS64 [-R-]
SS =0030 0000000000000000 ffffffff 00cf9300 DPL=0 DS   [-WA]
DS =0030 0000000000000000 ffffffff 00cf9300 DPL=0 DS   [-WA]
FS =0030 0000000000000000 ffffffff 00cf9300 DPL=0 DS   [-WA]
GS =0030 0000000000000000 ffffffff 00cf9300 DPL=0 DS   [-WA]
LDT=0000 0000000000000000 0000ffff 00008200 DPL=0 LDT
TR =0000 0000000000000000 0000ffff 00008b00 DPL=0 TSS64-busy
GDT=     00000000bf9de000 00000047
IDT=     00000000bf4d2018 00000fff
CR0=80010033 CR2=0000000000000000 CR3=00000000bfc01000 CR4=00000668
DR0=0000000000000000 DR1=0000000000000000 DR2=0000000000000000 DR3=0000000000000000 
DR6=00000000ffff0ff0 DR7=0000000000000400
CCS=0000000000000044 CCD=0000000000000000 CCO=EFLAGS
EFER=0000000000000d00
Servicing hardware INT=0x20
   125: v=20 e=0000 i=0 cpl=0 IP=0038:00000000bfec3a36 pc=00000000bfec3a36 SP=0030:00000000bfec24d0 env->regs[R_EAX]=0000000090002800
RAX=0000000090002800 RBX=0000000000000000 RCX=00000000bea1edd8 RDX=00000000bea1ed00
RSI=0000000000000000 RDI=00000000bea1edd0 RBP=00000000bfee1cc0 RSP=00000000bfec24d0
R8 =4dc13f279000389a R9 =00000000bfec2680 R10=00000000bfee1e49 R11=0000000000000000
R12=00000000bf8eed20 R13=00000000bea1edd0 R14=00000000bf8eed18 R15=00000000bfee1e49
RIP=00000000bfec3a36 RFL=00000286 [--S--P-] CPL=0 II=0 A20=1 SMM=0 HLT=0
ES =0030 0000000000000000 ffffffff 00cf9300 DPL=0 DS   [-WA]
CS =0038 0000000000000000 ffffffff 00af9a00 DPL=0 CS64 [-R-]
SS =0030 0000000000000000 ffffffff 00cf9300 DPL=0 DS   [-WA]
DS =0030 0000000000000000 ffffffff 00cf9300 DPL=0 DS   [-WA]
FS =0030 0000000000000000 ffffffff 00cf9300 DPL=0 DS   [-WA]
GS =0030 0000000000000000 ffffffff 00cf9300 DPL=0 DS   [-WA]
LDT=0000 0000000000000000 0000ffff 00008200 DPL=0 LDT
TR =0000 0000000000000000 0000ffff 00008b00 DPL=0 TSS64-busy
GDT=     00000000bf9de000 00000047
IDT=     00000000bf4d2018 00000fff
CR0=80010033 CR2=0000000000000000 CR3=00000000bfc01000 CR4=00000668
DR0=0000000000000000 DR1=0000000000000000 DR2=0000000000000000 DR3=0000000000000000 
DR6=00000000ffff0ff0 DR7=0000000000000400
CCS=0000000000000084 CCD=0000000090002800 CCO=EFLAGS
EFER=0000000000000d00
Servicing hardware INT=0x20
   126: v=20 e=0000 i=0 cpl=0 IP=0038:00000000becbe741 pc=00000000becbe741 SP=0030:00000000bfec2710 env->regs[R_EAX]=0000000000000000
RAX=0000000000000000 RBX=00000000be89ae2a RCX=00000000becba3f0 RDX=0000000000000004
RSI=00000000be89ae98 RDI=00000000be89ae98 RBP=00000000be885be0 RSP=00000000bfec2710
R8 =0000000000000004 R9 =0000000000000000 R10=00000000bfee1e49 R11=0000000000000006
R12=00000000be885a98 R13=0000000000000000 R14=00000000bfec2848 R15=00000000be885c18
RIP=00000000becbe741 RFL=00000202 [-------] CPL=0 II=0 A20=1 SMM=0 HLT=0
ES =0030 0000000000000000 ffffffff 00cf9300 DPL=0 DS   [-WA]
CS =0038 0000000000000000 ffffffff 00af9a00 DPL=0 CS64 [-R-]
SS =0030 0000000000000000 ffffffff 00cf9300 DPL=0 DS   [-WA]
DS =0030 0000000000000000 ffffffff 00cf9300 DPL=0 DS   [-WA]
FS =0030 0000000000000000 ffffffff 00cf9300 DPL=0 DS   [-WA]
GS =0030 0000000000000000 ffffffff 00cf9300 DPL=0 DS   [-WA]
LDT=0000 0000000000000000 0000ffff 00008200 DPL=0 LDT
TR =0000 0000000000000000 0000ffff 00008b00 DPL=0 TSS64-busy
GDT=     00000000bf9de000 00000047
IDT=     00000000bf4d2018 00000fff
CR0=80010033 CR2=0000000000000000 CR3=00000000bfc01000 CR4=00000668
DR0=0000000000000000 DR1=0000000000000000 DR2=0000000000000000 DR3=0000000000000000 
DR6=00000000ffff0ff0 DR7=0000000000000400
CCS=0000000000000000 CCD=00000000bfec26c8 CCO=EFLAGS
EFER=0000000000000d00
Servicing hardware INT=0x20
   127: v=20 e=0000 i=0 cpl=0 IP=0038:00000000bec7a3a6 pc=00000000bec7a3a6 SP=0030:00000000bfec2720 env->regs[R_EAX]=0000000000000000
RAX=0000000000000000 RBX=00000000be89ae98 RCX=00000000bf09ce20 RDX=00000000be8a0d20
RSI=00000000bec7f1d0 RDI=0000000000000003 RBP=00000000bece6d18 RSP=00000000bfec2720
R8 =0000000000000004 R9 =0000000000000030 R10=00000000bfee1e49 R11=0000000000000000
R12=00000000be89ae98 R13=00000000bec7f320 R14=00000000bec7f320 R15=0000000000000000
RIP=00000000bec7a3a6 RFL=00000246 [---Z-P-] CPL=0 II=0 A20=1 SMM=0 HLT=0
ES =0030 0000000000000000 ffffffff 00cf9300 DPL=0 DS   [-WA]
CS =0038 0000000000000000 ffffffff 00af9a00 DPL=0 CS64 [-R-]
SS =0030 0000000000000000 ffffffff 00cf9300 DPL=0 DS   [-WA]
DS =0030 0000000000000000 ffffffff 00cf9300 DPL=0 DS   [-WA]
FS =0030 0000000000000000 ffffffff 00cf9300 DPL=0 DS   [-WA]
GS =0030 0000000000000000 ffffffff 00cf9300 DPL=0 DS   [-WA]
LDT=0000 0000000000000000 0000ffff 00008200 DPL=0 LDT
TR =0000 0000000000000000 0000ffff 00008b00 DPL=0 TSS64-busy
GDT=     00000000bf9de000 00000047
IDT=     00000000bf4d2018 00000fff
CR0=80010033 CR2=0000000000000000 CR3=00000000bfc01000 CR4=00000668
DR0=0000000000000000 DR1=0000000000000000 DR2=0000000000000000 DR3=0000000000000000 
DR6=00000000ffff0ff0 DR7=0000000000000400
CCS=0000000000000044 CCD=0000000000000000 CCO=EFLAGS
EFER=0000000000000d00
Servicing hardware INT=0x20
   128: v=20 e=0000 i=0 cpl=0 IP=0038:00000000beca2896 pc=00000000beca2896 SP=0030:00000000bfec2120 env->regs[R_EAX]=00000000006c4795
RAX=00000000006c4795 RBX=0000000000000000 RCX=000000000000b008 RDX=000000000000b008
RSI=000000000004baf0 RDI=0000000000000000 RBP=00000000be850000 RSP=00000000bfec2120
R8 =00000000006c46a5 R9 =00000000000003f6 R10=0000000000000000 R11=0000000000000000
R12=000000000000b008 R13=0000000000000000 R14=00000000be8a23d4 R15=0000000000000011
RIP=00000000beca2896 RFL=00000293 [--S-A-C] CPL=0 II=0 A20=1 SMM=0 HLT=0
ES =0030 0000000000000000 ffffffff 00cf9300 DPL=0 DS   [-WA]
CS =0038 0000000000000000 ffffffff 00af9a00 DPL=0 CS64 [-R-]
SS =0030 0000000000000000 ffffffff 00cf9300 DPL=0 DS   [-WA]
DS =0030 0000000000000000 ffffffff 00cf9300 DPL=0 DS   [-WA]
FS =0030 0000000000000000 ffffffff 00cf9300 DPL=0 DS   [-WA]
GS =0030 0000000000000000 ffffffff 00cf9300 DPL=0 DS   [-WA]
LDT=0000 0000000000000000 0000ffff 00008200 DPL=0 LDT
TR =0000 0000000000000000 0000ffff 00008b00 DPL=0 TSS64-busy
GDT=     00000000bf9de000 00000047
IDT=     00000000bf4d2018 00000fff
CR0=80010033 CR2=0000000000000000 CR3=00000000bfc01000 CR4=00000668
DR0=0000000000000000 DR1=0000000000000000 DR2=0000000000000000 DR3=0000000000000000 
DR6=00000000ffff0ff0 DR7=0000000000000400
CCS=0000000000000091 CCD=fffffffffffffffe CCO=EFLAGS
EFER=0000000000000d00
Servicing hardware INT=0x20
   129: v=20 e=0000 i=0 cpl=0 IP=0038:00000000beca28e6 pc=00000000beca28e6 SP=0030:00000000bfec1f80 env->regs[R_EAX]=00000000000003d2
RAX=00000000000003d2 RBX=00000000006cd54a RCX=000000000000b008 RDX=000000000000b008
RSI=00000000be88be40 RDI=00000000ffffff00 RBP=00000000be8500c8 RSP=00000000bfec1f80
R8 =00000000006cd178 R9 =00000000000001f7 R10=0000000000000000 R11=0000000000000000
R12=0000000000000190 R13=000000000004baf1 R14=00000000be8a23d4 R15=0000000000000011
RIP=00000000beca28e6 RFL=00000206 [-----P-] CPL=0 II=0 A20=1 SMM=0 HLT=0
ES =0030 0000000000000000 ffffffff 00cf9300 DPL=0 DS   [-WA]
CS =0038 0000000000000000 ffffffff 00af9a00 DPL=0 CS64 [-R-]
SS =0030 0000000000000000 ffffffff 00cf9300 DPL=0 DS   [-WA]
DS =0030 0000000000000000 ffffffff 00cf9300 DPL=0 DS   [-WA]
FS =0030 0000000000000000 ffffffff 00cf9300 DPL=0 DS   [-WA]
GS =0030 0000000000000000 ffffffff 00cf9300 DPL=0 DS   [-WA]
LDT=0000 0000000000000000 0000ffff 00008200 DPL=0 LDT
TR =0000 0000000000000000 0000ffff 00008b00 DPL=0 TSS64-busy
GDT=     00000000bf9de000 00000047
IDT=     00000000bf4d2018 00000fff
CR0=80010033 CR2=0000000000000000 CR3=00000000bfc01000 CR4=00000668
DR0=0000000000000000 DR1=0000000000000000 DR2=0000000000000000 DR3=0000000000000000 
DR6=00000000ffff0ff0 DR7=0000000000000400
CCS=0000000000000004 CCD=00000000000003d2 CCO=EFLAGS
EFER=0000000000000d00
Servicing hardware INT=0x20
   130: v=20 e=0000 i=0 cpl=0 IP=0038:00000000beca28e6 pc=00000000beca28e6 SP=0030:00000000bfec1fe0 env->regs[R_EAX]=00000000000007a0
RAX=00000000000007a0 RBX=00000000006d656e RCX=000000000000b008 RDX=000000000000b008
RSI=000000000004baf0 RDI=0000000000000000 RBP=00000000be850000 RSP=00000000bfec1fe0
R8 =00000000006d5dce R9 =00000000000003f6 R10=0000000000000000 R11=0000000000000000
R12=0000000000002710 R13=0000000000000000 R14=00000000be8a23d4 R15=0000000000000011
RIP=00000000beca28e6 RFL=00000206 [-----P-] CPL=0 II=0 A20=1 SMM=0 HLT=0
ES =0030 0000000000000000 ffffffff 00cf9300 DPL=0 DS   [-WA]
CS =0038 0000000000000000 ffffffff 00af9a00 DPL=0 CS64 [-R-]
SS =0030 0000000000000000 ffffffff 00cf9300 DPL=0 DS   [-WA]
DS =0030 0000000000000000 ffffffff 00cf9300 DPL=0 DS   [-WA]
FS =0030 0000000000000000 ffffffff 00cf9300 DPL=0 DS   [-WA]
GS =0030 0000000000000000 ffffffff 00cf9300 DPL=0 DS   [-WA]
LDT=0000 0000000000000000 0000ffff 00008200 DPL=0 LDT
TR =0000 0000000000000000 0000ffff 00008b00 DPL=0 TSS64-busy
GDT=     00000000bf9de000 00000047
IDT=     00000000bf4d2018 00000fff
CR0=80010033 CR2=0000000000000000 CR3=00000000bfc01000 CR4=00000668
DR0=0000000000000000 DR1=0000000000000000 DR2=0000000000000000 DR3=0000000000000000 
DR6=00000000ffff0ff0 DR7=0000000000000400
CCS=0000000000000004 CCD=00000000000007a0 CCO=EFLAGS
EFER=0000000000000d00
Servicing hardware INT=0x20
   131: v=20 e=0000 i=0 cpl=0 IP=0038:00000000beca28e6 pc=00000000beca28e6 SP=0030:00000000bfec1fe0 env->regs[R_EAX]=0000000000001d58
RAX=0000000000001d58 RBX=00000000006e066a RCX=000000000000b008 RDX=000000000000b008
RSI=000000000004baf0 RDI=0000000000000000 RBP=00000000be850000 RSP=00000000bfec1fe0
R8 =00000000006de912 R9 =00000000000003f6 R10=0000000000000000 R11=0000000000000000
R12=0000000000002710 R13=0000000000000000 R14=00000000be8a23d4 R15=0000000000000011
RIP=00000000beca28e6 RFL=00000202 [-------] CPL=0 II=0 A20=1 SMM=0 HLT=0
ES =0030 0000000000000000 ffffffff 00cf9300 DPL=0 DS   [-WA]
CS =0038 0000000000000000 ffffffff 00af9a00 DPL=0 CS64 [-R-]
SS =0030 0000000000000000 ffffffff 00cf9300 DPL=0 DS   [-WA]
DS =0030 0000000000000000 ffffffff 00cf9300 DPL=0 DS   [-WA]
FS =0030 0000000000000000 ffffffff 00cf9300 DPL=0 DS   [-WA]
GS =0030 0000000000000000 ffffffff 00cf9300 DPL=0 DS   [-WA]
LDT=0000 0000000000000000 0000ffff 00008200 DPL=0 LDT
TR =0000 0000000000000000 0000ffff 00008b00 DPL=0 TSS64-busy
GDT=     00000000bf9de000 00000047
IDT=     00000000bf4d2018 00000fff
CR0=80010033 CR2=0000000000000000 CR3=00000000bfc01000 CR4=00000668
DR0=0000000000000000 DR1=0000000000000000 DR2=0000000000000000 DR3=0000000000000000 
DR6=00000000ffff0ff0 DR7=0000000000000400
CCS=0000000000000000 CCD=0000000000001d58 CCO=EFLAGS
EFER=0000000000000d00
Servicing hardware INT=0x20
   132: v=20 e=0000 i=0 cpl=0 IP=0038:00000000beca2896 pc=00000000beca2896 SP=0030:00000000bfec2140 env->regs[R_EAX]=00000000006e76ab
RAX=00000000006e76ab RBX=0000000000000000 RCX=000000000000b008 RDX=000000000000b008
RSI=000000000004baf0 RDI=0000000000000000 RBP=00000000be850000 RSP=00000000bfec2140
R8 =00000000006e75ad R9 =00000000000003f6 R10=0000000000000000 R11=0000000000000000
R12=000000000000b008 R13=0000000000000000 R14=00000000be8a23d4 R15=0000000000000011
RIP=00000000beca2896 RFL=00000293 [--S-A-C] CPL=0 II=0 A20=1 SMM=0 HLT=0
ES =0030 0000000000000000 ffffffff 00cf9300 DPL=0 DS   [-WA]
CS =0038 0000000000000000 ffffffff 00af9a00 DPL=0 CS64 [-R-]
SS =0030 0000000000000000 ffffffff 00cf9300 DPL=0 DS   [-WA]
DS =0030 0000000000000000 ffffffff 00cf9300 DPL=0 DS   [-WA]
FS =0030 0000000000000000 ffffffff 00cf9300 DPL=0 DS   [-WA]
GS =0030 0000000000000000 ffffffff 00cf9300 DPL=0 DS   [-WA]
LDT=0000 0000000000000000 0000ffff 00008200 DPL=0 LDT
TR =0000 0000000000000000 0000ffff 00008b00 DPL=0 TSS64-busy
GDT=     00000000bf9de000 00000047
IDT=     00000000bf4d2018 00000fff
CR0=80010033 CR2=0000000000000000 CR3=00000000bfc01000 CR4=00000668
DR0=0000000000000000 DR1=0000000000000000 DR2=0000000000000000 DR3=0000000000000000 
DR6=00000000ffff0ff0 DR7=0000000000000400
CCS=0000000000000091 CCD=fffffffffffffffe CCO=EFLAGS
EFER=0000000000000d00
Servicing hardware INT=0x20
   133: v=20 e=0000 i=0 cpl=0 IP=0038:00000000beca2896 pc=00000000beca2896 SP=0030:00000000bfec1f30 env->regs[R_EAX]=00000000006f023e
RAX=00000000006f023e RBX=0000000000000000 RCX=000000000000b008 RDX=000000000000b008
RSI=000000000004baf0 RDI=0000000000000000 RBP=00000000be840000 RSP=00000000bfec1f30
R8 =00000000006f018f R9 =00000000000003f6 R10=0000000000000000 R11=0000000000000000
R12=000000000000b008 R13=0000000000000000 R14=00000000be8a23d4 R15=0000000000000011
RIP=00000000beca2896 RFL=00000293 [--S-A-C] CPL=0 II=0 A20=1 SMM=0 HLT=0
ES =0030 0000000000000000 ffffffff 00cf9300 DPL=0 DS   [-WA]
CS =0038 0000000000000000 ffffffff 00af9a00 DPL=0 CS64 [-R-]
SS =0030 0000000000000000 ffffffff 00cf9300 DPL=0 DS   [-WA]
DS =0030 0000000000000000 ffffffff 00cf9300 DPL=0 DS   [-WA]
FS =0030 0000000000000000 ffffffff 00cf9300 DPL=0 DS   [-WA]
GS =0030 0000000000000000 ffffffff 00cf9300 DPL=0 DS   [-WA]
LDT=0000 0000000000000000 0000ffff 00008200 DPL=0 LDT
TR =0000 0000000000000000 0000ffff 00008b00 DPL=0 TSS64-busy
GDT=     00000000bf9de000 00000047
IDT=     00000000bf4d2018 00000fff
CR0=80010033 CR2=0000000000000000 CR3=00000000bfc01000 CR4=00000668
DR0=0000000000000000 DR1=0000000000000000 DR2=0000000000000000 DR3=0000000000000000 
DR6=00000000ffff0ff0 DR7=0000000000000400
CCS=0000000000000091 CCD=fffffffffffffffe CCO=EFLAGS
EFER=0000000000000d00
Servicing hardware INT=0x20
   134: v=20 e=0000 i=0 cpl=0 IP=0038:00000000beca2896 pc=00000000beca2896 SP=0030:00000000bfec1d90 env->regs[R_EAX]=00000000006f8e31
RAX=00000000006f8e31 RBX=0000000000000000 RCX=000000000000b008 RDX=000000000000b008
RSI=000000000004baf0 RDI=0000000000000000 RBP=00000000be840000 RSP=00000000bfec1d90
R8 =00000000006f8d8f R9 =00000000000003f6 R10=0000000000000000 R11=0000000000000000
R12=000000000000b008 R13=0000000000000000 R14=00000000be8a23d4 R15=0000000000000011
RIP=00000000beca2896 RFL=00000293 [--S-A-C] CPL=0 II=0 A20=1 SMM=0 HLT=0
ES =0030 0000000000000000 ffffffff 00cf9300 DPL=0 DS   [-WA]
CS =0038 0000000000000000 ffffffff 00af9a00 DPL=0 CS64 [-R-]
SS =0030 0000000000000000 ffffffff 00cf9300 DPL=0 DS   [-WA]
DS =0030 0000000000000000 ffffffff 00cf9300 DPL=0 DS   [-WA]
FS =0030 0000000000000000 ffffffff 00cf9300 DPL=0 DS   [-WA]
GS =0030 0000000000000000 ffffffff 00cf9300 DPL=0 DS   [-WA]
LDT=0000 0000000000000000 0000ffff 00008200 DPL=0 LDT
TR =0000 0000000000000000 0000ffff 00008b00 DPL=0 TSS64-busy
GDT=     00000000bf9de000 00000047
IDT=     00000000bf4d2018 00000fff
CR0=80010033 CR2=0000000000000000 CR3=00000000bfc01000 CR4=00000668
DR0=0000000000000000 DR1=0000000000000000 DR2=0000000000000000 DR3=0000000000000000 
DR6=00000000ffff0ff0 DR7=0000000000000400
CCS=0000000000000091 CCD=fffffffffffffffe CCO=EFLAGS
EFER=0000000000000d00
Servicing hardware INT=0x20
   135: v=20 e=0000 i=0 cpl=0 IP=0038:00000000beca2896 pc=00000000beca2896 SP=0030:00000000bfec1d90 env->regs[R_EAX]=00000000007020e4
RAX=00000000007020e4 RBX=0000000000000000 RCX=000000000000b008 RDX=000000000000b008
RSI=000000000004baf1 RDI=0000000000000000 RBP=00000000be840000 RSP=00000000bfec1d90
R8 =0000000000701f60 R9 =000000000000c082 R10=0000000000000000 R11=0000000000000000
R12=000000000000b008 R13=0000000000000000 R14=00000000be8a23d4 R15=0000000000000011
RIP=00000000beca2896 RFL=00000293 [--S-A-C] CPL=0 II=0 A20=1 SMM=0 HLT=0
ES =0030 0000000000000000 ffffffff 00cf9300 DPL=0 DS   [-WA]
CS =0038 0000000000000000 ffffffff 00af9a00 DPL=0 CS64 [-R-]
SS =0030 0000000000000000 ffffffff 00cf9300 DPL=0 DS   [-WA]
DS =0030 0000000000000000 ffffffff 00cf9300 DPL=0 DS   [-WA]
FS =0030 0000000000000000 ffffffff 00cf9300 DPL=0 DS   [-WA]
GS =0030 0000000000000000 ffffffff 00cf9300 DPL=0 DS   [-WA]
LDT=0000 0000000000000000 0000ffff 00008200 DPL=0 LDT
TR =0000 0000000000000000 0000ffff 00008b00 DPL=0 TSS64-busy
GDT=     00000000bf9de000 00000047
IDT=     00000000bf4d2018 00000fff
CR0=80010033 CR2=0000000000000000 CR3=00000000bfc01000 CR4=00000668
DR0=0000000000000000 DR1=0000000000000000 DR2=0000000000000000 DR3=0000000000000000 
DR6=00000000ffff0ff0 DR7=0000000000000400
CCS=0000000000000091 CCD=fffffffffffffffe CCO=EFLAGS
EFER=0000000000000d00
Servicing hardware INT=0x20
   136: v=20 e=0000 i=0 cpl=0 IP=0038:00000000beca2896 pc=00000000beca2896 SP=0030:00000000bfec1d90 env->regs[R_EAX]=000000000070a5a1
RAX=000000000070a5a1 RBX=0000000000000000 RCX=000000000000b008 RDX=000000000000b008
RSI=000000000004baf0 RDI=0000000000000000 RBP=00000000be840000 RSP=00000000bfec1d90
R8 =000000000070a4f8 R9 =00000000000003f6 R10=0000000000000000 R11=0000000000000000
R12=000000000000b008 R13=0000000000000000 R14=00000000be8a23d4 R15=0000000000000011
RIP=00000000beca2896 RFL=00000293 [--S-A-C] CPL=0 II=0 A20=1 SMM=0 HLT=0
ES =0030 0000000000000000 ffffffff 00cf9300 DPL=0 DS   [-WA]
CS =0038 0000000000000000 ffffffff 00af9a00 DPL=0 CS64 [-R-]
SS =0030 0000000000000000 ffffffff 00cf9300 DPL=0 DS   [-WA]
DS =0030 0000000000000000 ffffffff 00cf9300 DPL=0 DS   [-WA]
FS =0030 0000000000000000 ffffffff 00cf9300 DPL=0 DS   [-WA]
GS =0030 0000000000000000 ffffffff 00cf9300 DPL=0 DS   [-WA]
LDT=0000 0000000000000000 0000ffff 00008200 DPL=0 LDT
TR =0000 0000000000000000 0000ffff 00008b00 DPL=0 TSS64-busy
GDT=     00000000bf9de000 00000047
IDT=     00000000bf4d2018 00000fff
CR0=80010033 CR2=0000000000000000 CR3=00000000bfc01000 CR4=00000668
DR0=0000000000000000 DR1=0000000000000000 DR2=0000000000000000 DR3=0000000000000000 
DR6=00000000ffff0ff0 DR7=0000000000000400
CCS=0000000000000091 CCD=fffffffffffffffe CCO=EFLAGS
EFER=0000000000000d00
Servicing hardware INT=0x20
   137: v=20 e=0000 i=0 cpl=0 IP=0038:00000000beca28e6 pc=00000000beca28e6 SP=0030:00000000bfec1fb0 env->regs[R_EAX]=0000000000001a02
RAX=0000000000001a02 RBX=0000000000714af7 RCX=000000000000b008 RDX=000000000000b008
RSI=000000000004baef RDI=0000000000000000 RBP=00000000be840000 RSP=00000000bfec1fb0
R8 =00000000007130f5 R9 =00000000000003f6 R10=0000000000000000 R11=0000000000000000
R12=0000000000002710 R13=0000000000000000 R14=00000000be8a23d4 R15=0000000000000011
RIP=00000000beca28e6 RFL=00000202 [-------] CPL=0 II=0 A20=1 SMM=0 HLT=0
ES =0030 0000000000000000 ffffffff 00cf9300 DPL=0 DS   [-WA]
CS =0038 0000000000000000 ffffffff 00af9a00 DPL=0 CS64 [-R-]
SS =0030 0000000000000000 ffffffff 00cf9300 DPL=0 DS   [-WA]
DS =0030 0000000000000000 ffffffff 00cf9300 DPL=0 DS   [-WA]
FS =0030 0000000000000000 ffffffff 00cf9300 DPL=0 DS   [-WA]
GS =0030 0000000000000000 ffffffff 00cf9300 DPL=0 DS   [-WA]
LDT=0000 0000000000000000 0000ffff 00008200 DPL=0 LDT
TR =0000 0000000000000000 0000ffff 00008b00 DPL=0 TSS64-busy
GDT=     00000000bf9de000 00000047
IDT=     00000000bf4d2018 00000fff
CR0=80010033 CR2=0000000000000000 CR3=00000000bfc01000 CR4=00000668
DR0=0000000000000000 DR1=0000000000000000 DR2=0000000000000000 DR3=0000000000000000 
DR6=00000000ffff0ff0 DR7=0000000000000400
CCS=0000000000000000 CCD=0000000000001a02 CCO=EFLAGS
EFER=0000000000000d00
Servicing hardware INT=0x20
   138: v=20 e=0000 i=0 cpl=0 IP=0038:00000000beca28e6 pc=00000000beca28e6 SP=0030:00000000bfec20e0 env->regs[R_EAX]=0000000000002f82
RAX=0000000000002f82 RBX=000000000071ec1f RCX=000000000000b008 RDX=000000000000b008
RSI=000000000004baf0 RDI=0000000000000000 RBP=00000000be840000 RSP=00000000bfec20e0
R8 =000000000071bc9d R9 =00000000000003f6 R10=0000000000000000 R11=0000000000000000
R12=0000000000002710 R13=0000000000000000 R14=00000000be8a23d4 R15=0000000000000011
RIP=00000000beca28e6 RFL=00000206 [-----P-] CPL=0 II=0 A20=1 SMM=0 HLT=0
ES =0030 0000000000000000 ffffffff 00cf9300 DPL=0 DS   [-WA]
CS =0038 0000000000000000 ffffffff 00af9a00 DPL=0 CS64 [-R-]
SS =0030 0000000000000000 ffffffff 00cf9300 DPL=0 DS   [-WA]
DS =0030 0000000000000000 ffffffff 00cf9300 DPL=0 DS   [-WA]
FS =0030 0000000000000000 ffffffff 00cf9300 DPL=0 DS   [-WA]
GS =0030 0000000000000000 ffffffff 00cf9300 DPL=0 DS   [-WA]
LDT=0000 0000000000000000 0000ffff 00008200 DPL=0 LDT
TR =0000 0000000000000000 0000ffff 00008b00 DPL=0 TSS64-busy
GDT=     00000000bf9de000 00000047
IDT=     00000000bf4d2018 00000fff
CR0=80010033 CR2=0000000000000000 CR3=00000000bfc01000 CR4=00000668
DR0=0000000000000000 DR1=0000000000000000 DR2=0000000000000000 DR3=0000000000000000 
DR6=00000000ffff0ff0 DR7=0000000000000400
CCS=0000000000000004 CCD=0000000000002f82 CCO=EFLAGS
EFER=0000000000000d00
Servicing hardware INT=0x20
   139: v=20 e=0000 i=0 cpl=0 IP=0038:00000000beca2896 pc=00000000beca2896 SP=0030:00000000bfec1fd0 env->regs[R_EAX]=0000000000724964
RAX=0000000000724964 RBX=0000000000000000 RCX=000000000000b008 RDX=000000000000b008
RSI=000000000004baf1 RDI=0000000000000000 RBP=00000000be840000 RSP=00000000bfec1fd0
R8 =00000000007248bc R9 =00000000000003f6 R10=0000000000000000 R11=0000000000000000
R12=000000000000b008 R13=0000000000000000 R14=00000000be8a23d4 R15=0000000000000011
RIP=00000000beca2896 RFL=00000293 [--S-A-C] CPL=0 II=0 A20=1 SMM=0 HLT=0
ES =0030 0000000000000000 ffffffff 00cf9300 DPL=0 DS   [-WA]
CS =0038 0000000000000000 ffffffff 00af9a00 DPL=0 CS64 [-R-]
SS =0030 0000000000000000 ffffffff 00cf9300 DPL=0 DS   [-WA]
DS =0030 0000000000000000 ffffffff 00cf9300 DPL=0 DS   [-WA]
FS =0030 0000000000000000 ffffffff 00cf9300 DPL=0 DS   [-WA]
GS =0030 0000000000000000 ffffffff 00cf9300 DPL=0 DS   [-WA]
LDT=0000 0000000000000000 0000ffff 00008200 DPL=0 LDT
TR =0000 0000000000000000 0000ffff 00008b00 DPL=0 TSS64-busy
GDT=     00000000bf9de000 00000047
IDT=     00000000bf4d2018 00000fff
CR0=80010033 CR2=0000000000000000 CR3=00000000bfc01000 CR4=00000668
DR0=0000000000000000 DR1=0000000000000000 DR2=0000000000000000 DR3=0000000000000000 
DR6=00000000ffff0ff0 DR7=0000000000000400
CCS=0000000000000091 CCD=fffffffffffffffe CCO=EFLAGS
EFER=0000000000000d00
Servicing hardware INT=0x20
   140: v=20 e=0000 i=0 cpl=0 IP=0038:00000000bfee01fa pc=00000000bfee01fa SP=0030:00000000bfec2480 env->regs[R_EAX]=00000000000000af
RAX=00000000000000af RBX=0000000000480000 RCX=0000000000340001 RDX=00000000be3cf018
RSI=00000000be3cf000 RDI=00000000be50f017 RBP=0000000000480028 RSP=00000000bfec2480
R8 =00000000000000af R9 =0000000000481000 R10=0000000000000000 R11=0000000000000000
R12=00000000be3cf018 R13=0000000000000000 R14=00000000be3cf000 R15=00000000bfeea000
RIP=00000000bfee01fa RFL=00010202 [-------] CPL=0 II=0 A20=1 SMM=0 HLT=0
ES =0030 0000000000000000 ffffffff 00cf9300 DPL=0 DS   [-WA]
CS =0038 0000000000000000 ffffffff 00af9a00 DPL=0 CS64 [-R-]
SS =0030 0000000000000000 ffffffff 00cf9300 DPL=0 DS   [-WA]
DS =0030 0000000000000000 ffffffff 00cf9300 DPL=0 DS   [-WA]
FS =0030 0000000000000000 ffffffff 00cf9300 DPL=0 DS   [-WA]
GS =0030 0000000000000000 ffffffff 00cf9300 DPL=0 DS   [-WA]
LDT=0000 0000000000000000 0000ffff 00008200 DPL=0 LDT
TR =0000 0000000000000000 0000ffff 00008b00 DPL=0 TSS64-busy
GDT=     00000000bf9de000 00000047
IDT=     00000000bf4d2018 00000fff
CR0=80010033 CR2=0000000000000000 CR3=00000000bfc01000 CR4=00000668
DR0=0000000000000000 DR1=0000000000000000 DR2=0000000000000000 DR3=0000000000000000 
DR6=00000000ffff0ff0 DR7=0000000000000400
CCS=0000000000000000 CCD=00000000bfec2470 CCO=EFLAGS
EFER=0000000000000d00
Servicing hardware INT=0x20
   141: v=20 e=0000 i=0 cpl=0 IP=0038:00000000bfec9119 pc=00000000bfec9119 SP=0030:00000000bfec28d0 env->regs[R_EAX]=000000000000002e
RAX=000000000000002e RBX=0000000000000041 RCX=00000000beb98c20 RDX=0000000000000023
RSI=000000000000002e RDI=00000000bfee8610 RBP=00000000becb3498 RSP=00000000bfec28d0
R8 =719f1e26090cc0a5 R9 =0000000000000000 R10=00000000bfee1e49 R11=0000000000000002
R12=00000000bfec29c8 R13=00000000be859798 R14=0000000000000000 R15=00000000be862318
RIP=00000000bfec9119 RFL=00000203 [------C] CPL=0 II=0 A20=1 SMM=0 HLT=0
ES =0030 0000000000000000 ffffffff 00cf9300 DPL=0 DS   [-WA]
CS =0038 0000000000000000 ffffffff 00af9a00 DPL=0 CS64 [-R-]
SS =0030 0000000000000000 ffffffff 00cf9300 DPL=0 DS   [-WA]
DS =0030 0000000000000000 ffffffff 00cf9300 DPL=0 DS   [-WA]
FS =0030 0000000000000000 ffffffff 00cf9300 DPL=0 DS   [-WA]
GS =0030 0000000000000000 ffffffff 00cf9300 DPL=0 DS   [-WA]
LDT=0000 0000000000000000 0000ffff 00008200 DPL=0 LDT
TR =0000 0000000000000000 0000ffff 00008b00 DPL=0 TSS64-busy
GDT=     00000000bf9de000 00000047
IDT=     00000000bf4d2018 00000fff
CR0=80010033 CR2=0000000000000000 CR3=00000000bfc01000 CR4=00000668
DR0=0000000000000000 DR1=0000000000000000 DR2=0000000000000000 DR3=0000000000000000 
DR6=00000000ffff0ff0 DR7=0000000000000400
CCS=0000000000000001 CCD=0000000000000023 CCO=EFLAGS
EFER=0000000000000d00
Servicing hardware INT=0x20
   142: v=20 e=0000 i=0 cpl=0 IP=0038:00000000bfec36a0 pc=00000000bfec36a0 SP=0030:00000000bfec2660 env->regs[R_EAX]=00000000be915918
RAX=00000000be915918 RBX=00000000be916d20 RCX=0000000000000010 RDX=00000000bfee8640
RSI=0000000000000000 RDI=00000000bed07218 RBP=00000000bed07218 RSP=00000000bfec2660
R8 =00000000bfec27e0 R9 =00000000bf8eef98 R10=00000000bfee1e49 R11=0000000000000000
R12=00000000bfee87a0 R13=00000000bfee1cc0 R14=00000000bfee1e49 R15=0000000000000000
RIP=00000000bfec36a0 RFL=00000287 [--S--PC] CPL=0 II=0 A20=1 SMM=0 HLT=0
ES =0030 0000000000000000 ffffffff 00cf9300 DPL=0 DS   [-WA]
CS =0038 0000000000000000 ffffffff 00af9a00 DPL=0 CS64 [-R-]
SS =0030 0000000000000000 ffffffff 00cf9300 DPL=0 DS   [-WA]
DS =0030 0000000000000000 ffffffff 00cf9300 DPL=0 DS   [-WA]
FS =0030 0000000000000000 ffffffff 00cf9300 DPL=0 DS   [-WA]
GS =0030 0000000000000000 ffffffff 00cf9300 DPL=0 DS   [-WA]
LDT=0000 0000000000000000 0000ffff 00008200 DPL=0 LDT
TR =0000 0000000000000000 0000ffff 00008b00 DPL=0 TSS64-busy
GDT=     00000000bf9de000 00000047
IDT=     00000000bf4d2018 00000fff
CR0=80010033 CR2=0000000000000000 CR3=00000000bfc01000 CR4=00000668
DR0=0000000000000000 DR1=0000000000000000 DR2=0000000000000000 DR3=0000000000000000 
DR6=00000000ffff0ff0 DR7=0000000000000400
CCS=0000000000000085 CCD=ffffffffffc0e700 CCO=EFLAGS
EFER=0000000000000d00
Servicing hardware INT=0x20
   143: v=20 e=0000 i=0 cpl=0 IP=0038:00000000bfec36da pc=00000000bfec36da SP=0030:00000000bfec2480 env->regs[R_EAX]=00000000be8d4998
RAX=00000000be8d4998 RBX=00000000be8d49a0 RCX=0000000000000010 RDX=00000000bfee8640
RSI=0000000000000000 RDI=00000000becc3418 RBP=00000000becc3418 RSP=00000000bfec2480
R8 =00000000bfec2600 R9 =00000000bf8eef98 R10=00000000bfee9600 R11=0000000000000000
R12=00000000bfee87a0 R13=00000000bfee1cc0 R14=00000000bfee1e49 R15=0000000000000000
RIP=00000000bfec36da RFL=00000246 [---Z-P-] CPL=0 II=0 A20=1 SMM=0 HLT=0
ES =0030 0000000000000000 ffffffff 00cf9300 DPL=0 DS   [-WA]
CS =0038 0000000000000000 ffffffff 00af9a00 DPL=0 CS64 [-R-]
SS =0030 0000000000000000 ffffffff 00cf9300 DPL=0 DS   [-WA]
DS =0030 0000000000000000 ffffffff 00cf9300 DPL=0 DS   [-WA]
FS =0030 0000000000000000 ffffffff 00cf9300 DPL=0 DS   [-WA]
GS =0030 0000000000000000 ffffffff 00cf9300 DPL=0 DS   [-WA]
LDT=0000 0000000000000000 0000ffff 00008200 DPL=0 LDT
TR =0000 0000000000000000 0000ffff 00008b00 DPL=0 TSS64-busy
GDT=     00000000bf9de000 00000047
IDT=     00000000bf4d2018 00000fff
CR0=80010033 CR2=0000000000000000 CR3=00000000bfc01000 CR4=00000668
DR0=0000000000000000 DR1=0000000000000000 DR2=0000000000000000 DR3=0000000000000000 
DR6=00000000ffff0ff0 DR7=0000000000000400
CCS=0000000000000044 CCD=0000000000000000 CCO=EFLAGS
EFER=0000000000000d00
Servicing hardware INT=0x20
   144: v=20 e=0000 i=0 cpl=0 IP=0038:00000000bfec36a0 pc=00000000bfec36a0 SP=0030:00000000bfec22d0 env->regs[R_EAX]=00000000be8f9718
RAX=00000000be8f9718 RBX=00000000be8f9e20 RCX=0000000000000010 RDX=00000000bfee8660
RSI=00000000bfee8660 RDI=00000000bed1be18 RBP=00000000bed1be18 RSP=00000000bfec22d0
R8 =00000000bfec2438 R9 =00000000bf8eef98 R10=00000000bfee1e49 R11=0000000000000000
R12=00000000bfee87a0 R13=00000000bfee1cc0 R14=00000000bfee1e49 R15=0000000000000000
RIP=00000000bfec36a0 RFL=00000287 [--S--PC] CPL=0 II=0 A20=1 SMM=0 HLT=0
ES =0030 0000000000000000 ffffffff 00cf9300 DPL=0 DS   [-WA]
CS =0038 0000000000000000 ffffffff 00af9a00 DPL=0 CS64 [-R-]
SS =0030 0000000000000000 ffffffff 00cf9300 DPL=0 DS   [-WA]
DS =0030 0000000000000000 ffffffff 00cf9300 DPL=0 DS   [-WA]
FS =0030 0000000000000000 ffffffff 00cf9300 DPL=0 DS   [-WA]
GS =0030 0000000000000000 ffffffff 00cf9300 DPL=0 DS   [-WA]
LDT=0000 0000000000000000 0000ffff 00008200 DPL=0 LDT
TR =0000 0000000000000000 0000ffff 00008b00 DPL=0 TSS64-busy
GDT=     00000000bf9de000 00000047
IDT=     00000000bf4d2018 00000fff
CR0=80010033 CR2=0000000000000000 CR3=00000000bfc01000 CR4=00000668
DR0=0000000000000000 DR1=0000000000000000 DR2=0000000000000000 DR3=0000000000000000 
DR6=00000000ffff0ff0 DR7=0000000000000400
CCS=0000000000000085 CCD=ffffffffffbdd900 CCO=EFLAGS
EFER=0000000000000d00
Servicing hardware INT=0x20
   145: v=20 e=0000 i=0 cpl=0 IP=0038:00000000bfec9595 pc=00000000bfec9595 SP=0030:00000000bfec2660 env->regs[R_EAX]=0000000000000031
RAX=0000000000000031 RBX=00000000be8e7218 RCX=0000000000000001 RDX=0000000000000001
RSI=0000000000000040 RDI=00000000bfee8610 RBP=0000000000000000 RSP=00000000bfec2660
R8 =0000000000000041 R9 =00000000bed19e40 R10=0000000000000010 R11=000000000000000a
R12=0000000000000000 R13=00000000be859798 R14=0000000000000041 R15=00000000be859218
RIP=00000000bfec9595 RFL=00000287 [--S--PC] CPL=0 II=0 A20=1 SMM=0 HLT=0
ES =0030 0000000000000000 ffffffff 00cf9300 DPL=0 DS   [-WA]
CS =0038 0000000000000000 ffffffff 00af9a00 DPL=0 CS64 [-R-]
SS =0030 0000000000000000 ffffffff 00cf9300 DPL=0 DS   [-WA]
DS =0030 0000000000000000 ffffffff 00cf9300 DPL=0 DS   [-WA]
FS =0030 0000000000000000 ffffffff 00cf9300 DPL=0 DS   [-WA]
GS =0030 0000000000000000 ffffffff 00cf9300 DPL=0 DS   [-WA]
LDT=0000 0000000000000000 0000ffff 00008200 DPL=0 LDT
TR =0000 0000000000000000 0000ffff 00008b00 DPL=0 TSS64-busy
GDT=     00000000bf9de000 00000047
IDT=     00000000bf4d2018 00000fff
CR0=80010033 CR2=0000000000000000 CR3=00000000bfc01000 CR4=00000668
DR0=0000000000000000 DR1=0000000000000000 DR2=0000000000000000 DR3=0000000000000000 
DR6=00000000ffff0ff0 DR7=0000000000000400
CCS=0000000000000085 CCD=fffffffffffffffa CCO=EFLAGS
EFER=0000000000000d00
Servicing hardware INT=0x20
   146: v=20 e=0000 i=0 cpl=0 IP=0038:00000000bfec36df pc=00000000bfec36df SP=0030:00000000bfec25a0 env->regs[R_EAX]=00000000bed0a718
RAX=00000000bed0a718 RBX=00000000bed0a720 RCX=0000000000000010 RDX=00000000bfee8660
RSI=00000000bfee8660 RDI=00000000bed88418 RBP=00000000bed88418 RSP=00000000bfec25a0
R8 =00000000bfec2708 R9 =00000000bf8eef98 R10=00000000bfee1e49 R11=0000000000000000
R12=00000000bfee87a0 R13=00000000bfee1cc0 R14=00000000bfee1e49 R15=0000000000000000
RIP=00000000bfec36df RFL=00000287 [--S--PC] CPL=0 II=0 A20=1 SMM=0 HLT=0
ES =0030 0000000000000000 ffffffff 00cf9300 DPL=0 DS   [-WA]
CS =0038 0000000000000000 ffffffff 00af9a00 DPL=0 CS64 [-R-]
SS =0030 0000000000000000 ffffffff 00cf9300 DPL=0 DS   [-WA]
DS =0030 0000000000000000 ffffffff 00cf9300 DPL=0 DS   [-WA]
FS =0030 0000000000000000 ffffffff 00cf9300 DPL=0 DS   [-WA]
GS =0030 0000000000000000 ffffffff 00cf9300 DPL=0 DS   [-WA]
LDT=0000 0000000000000000 0000ffff 00008200 DPL=0 LDT
TR =0000 0000000000000000 0000ffff 00008b00 DPL=0 TSS64-busy
GDT=     00000000bf9de000 00000047
IDT=     00000000bf4d2018 00000fff
CR0=80010033 CR2=0000000000000000 CR3=00000000bfc01000 CR4=00000668
DR0=0000000000000000 DR1=0000000000000000 DR2=0000000000000000 DR3=0000000000000000 
DR6=00000000ffff0ff0 DR7=0000000000000400
CCS=0000000000000085 CCD=fffffffffff82300 CCO=EFLAGS
EFER=0000000000000d00
Servicing hardware INT=0x20
   147: v=20 e=0000 i=0 cpl=0 IP=0038:00000000bfec36df pc=00000000bfec36df SP=0030:00000000bfec2400 env->regs[R_EAX]=00000000be8d5a98
RAX=00000000be8d5a98 RBX=00000000be8d5aa0 RCX=0000000000000010 RDX=00000000bfee8660
RSI=00000000bfec2608 RDI=00000000bed1be18 RBP=00000000bed1be18 RSP=00000000bfec2400
R8 =00000000bfec2528 R9 =00000000bf8eef98 R10=00000000bfee1e49 R11=0000000000000000
R12=00000000bfee87a0 R13=00000000bfee1cc0 R14=00000000bfee1e49 R15=0000000000000000
RIP=00000000bfec36df RFL=00000283 [--S---C] CPL=0 II=0 A20=1 SMM=0 HLT=0
ES =0030 0000000000000000 ffffffff 00cf9300 DPL=0 DS   [-WA]
CS =0038 0000000000000000 ffffffff 00af9a00 DPL=0 CS64 [-R-]
SS =0030 0000000000000000 ffffffff 00cf9300 DPL=0 DS   [-WA]
DS =0030 0000000000000000 ffffffff 00cf9300 DPL=0 DS   [-WA]
FS =0030 0000000000000000 ffffffff 00cf9300 DPL=0 DS   [-WA]
GS =0030 0000000000000000 ffffffff 00cf9300 DPL=0 DS   [-WA]
LDT=0000 0000000000000000 0000ffff 00008200 DPL=0 LDT
TR =0000 0000000000000000 0000ffff 00008b00 DPL=0 TSS64-busy
GDT=     00000000bf9de000 00000047
IDT=     00000000bf4d2018 00000fff
CR0=80010033 CR2=0000000000000000 CR3=00000000bfc01000 CR4=00000668
DR0=0000000000000000 DR1=0000000000000000 DR2=0000000000000000 DR3=0000000000000000 
DR6=00000000ffff0ff0 DR7=0000000000000400
CCS=0000000000000081 CCD=ffffffffffbb9c80 CCO=EFLAGS
EFER=0000000000000d00
Servicing hardware INT=0x20
   148: v=20 e=0000 i=0 cpl=0 IP=0038:00000000bf089266 pc=00000000bf089266 SP=0030:00000000bfec2388 env->regs[R_EAX]=00000000bf09ce20
RAX=00000000bf09ce20 RBX=0000000000000004 RCX=00000000bf09ce20 RDX=0000000000000010
RSI=00000000becf0190 RDI=0000000000000001 RBP=00000000bfee3ec5 RSP=00000000bfec2388
R8 =6a5180d0de7afb96 R9 =00000000bed7f318 R10=0000000000000000 R11=0000000000000000
R12=00000000bfeeaba0 R13=00000000be8d5a98 R14=00000000bfec2538 R15=00000000be8d5a98
RIP=00000000bf089266 RFL=00000206 [-----P-] CPL=0 II=0 A20=1 SMM=0 HLT=0
ES =0030 0000000000000000 ffffffff 00cf9300 DPL=0 DS   [-WA]
CS =0038 0000000000000000 ffffffff 00af9a00 DPL=0 CS64 [-R-]
SS =0030 0000000000000000 ffffffff 00cf9300 DPL=0 DS   [-WA]
DS =0030 0000000000000000 ffffffff 00cf9300 DPL=0 DS   [-WA]
FS =0030 0000000000000000 ffffffff 00cf9300 DPL=0 DS   [-WA]
GS =0030 0000000000000000 ffffffff 00cf9300 DPL=0 DS   [-WA]
LDT=0000 0000000000000000 0000ffff 00008200 DPL=0 LDT
TR =0000 0000000000000000 0000ffff 00008b00 DPL=0 TSS64-busy
GDT=     00000000bf9de000 00000047
IDT=     00000000bf4d2018 00000fff
CR0=80010033 CR2=0000000000000000 CR3=00000000bfc01000 CR4=00000668
DR0=0000000000000000 DR1=0000000000000000 DR2=0000000000000000 DR3=0000000000000000 
DR6=00000000ffff0ff0 DR7=0000000000000400
CCS=0000000000000004 CCD=00000000bfec2390 CCO=EFLAGS
EFER=0000000000000d00
Servicing hardware INT=0x20
   149: v=20 e=0000 i=0 cpl=0 IP=0038:00000000bfec36b1 pc=00000000bfec36b1 SP=0030:00000000bfec25d0 env->regs[R_EAX]=00000000be8e7418
RAX=00000000be8e7418 RBX=00000000be8e7220 RCX=0000000000000010 RDX=00000000be859798
RSI=00000000bfec26f8 RDI=00000000bed08998 RBP=00000000bed08998 RSP=00000000bfec25d0
R8 =00000000be859218 R9 =0000000000000000 R10=00000000bfee1e49 R11=0000000000000000
R12=00000000bfee87a0 R13=00000000bfee1cc0 R14=00000000bfee1e49 R15=00000000be859218
RIP=00000000bfec36b1 RFL=00000283 [--S---C] CPL=0 II=0 A20=1 SMM=0 HLT=0
ES =0030 0000000000000000 ffffffff 00cf9300 DPL=0 DS   [-WA]
CS =0038 0000000000000000 ffffffff 00af9a00 DPL=0 CS64 [-R-]
SS =0030 0000000000000000 ffffffff 00cf9300 DPL=0 DS   [-WA]
DS =0030 0000000000000000 ffffffff 00cf9300 DPL=0 DS   [-WA]
FS =0030 0000000000000000 ffffffff 00cf9300 DPL=0 DS   [-WA]
GS =0030 0000000000000000 ffffffff 00cf9300 DPL=0 DS   [-WA]
LDT=0000 0000000000000000 0000ffff 00008200 DPL=0 LDT
TR =0000 0000000000000000 0000ffff 00008b00 DPL=0 TSS64-busy
GDT=     00000000bf9de000 00000047
IDT=     00000000bf4d2018 00000fff
CR0=80010033 CR2=0000000000000000 CR3=00000000bfc01000 CR4=00000668
DR0=0000000000000000 DR1=0000000000000000 DR2=0000000000000000 DR3=0000000000000000 
DR6=00000000ffff0ff0 DR7=0000000000000400
CCS=0000000000000081 CCD=fffffffffe9fea80 CCO=EFLAGS
EFER=0000000000000d00
Servicing hardware INT=0x20
   150: v=20 e=0000 i=0 cpl=0 IP=0038:00000000bfed5c1a pc=00000000bfed5c1a SP=0030:00000000bfec2660 env->regs[R_EAX]=c93ec4559a3e17a3
RAX=c93ec4559a3e17a3 RBX=00000000becab9e0 RCX=00000000becab9e8 RDX=00000000becab9e0
RSI=6a5180d0de7afb96 RDI=4e6580d9a1e37052 RBP=4a3823dc9042a9de RSP=00000000bfec2660
R8 =c93ec4559a3e17a3 R9 =00000000bed08d18 R10=00000000bfee1e49 R11=0000000000000000
R12=00000000bebdcd18 R13=00000000becab9e0 R14=00000000bfee1cc0 R15=00000000bfee1e49
RIP=00000000bfed5c1a RFL=00000206 [-----P-] CPL=0 II=0 A20=1 SMM=0 HLT=0
ES =0030 0000000000000000 ffffffff 00cf9300 DPL=0 DS   [-WA]
CS =0038 0000000000000000 ffffffff 00af9a00 DPL=0 CS64 [-R-]
SS =0030 0000000000000000 ffffffff 00cf9300 DPL=0 DS   [-WA]
DS =0030 0000000000000000 ffffffff 00cf9300 DPL=0 DS   [-WA]
FS =0030 0000000000000000 ffffffff 00cf9300 DPL=0 DS   [-WA]
GS =0030 0000000000000000 ffffffff 00cf9300 DPL=0 DS   [-WA]
LDT=0000 0000000000000000 0000ffff 00008200 DPL=0 LDT
TR =0000 0000000000000000 0000ffff 00008b00 DPL=0 TSS64-busy
GDT=     00000000bf9de000 00000047
IDT=     00000000bf4d2018 00000fff
CR0=80010033 CR2=0000000000000000 CR3=00000000bfc01000 CR4=00000668
DR0=0000000000000000 DR1=0000000000000000 DR2=0000000000000000 DR3=0000000000000000 
DR6=00000000ffff0ff0 DR7=0000000000000400
CCS=0000000000000004 CCD=00000000bfec2650 CCO=EFLAGS
EFER=0000000000000d00
Servicing hardware INT=0x20
   151: v=20 e=0000 i=0 cpl=0 IP=0038:00000000bf011344 pc=00000000bf011344 SP=0030:00000000bfec26b8 env->regs[R_EAX]=000000000000000a
RAX=000000000000000a RBX=0000000000038009 RCX=0000000000038009 RDX=0000000000000000
RSI=0000000000038009 RDI=00000000bfec28ee RBP=00000000bfec28ed RSP=00000000bfec26b8
R8 =0000000000000000 R9 =00000000bfec280f R10=00000000bfee1e49 R11=0000000000000030
R12=0000000000000000 R13=0000000000000000 R14=00000000bec98020 R15=0000000000000000
RIP=00000000bf011344 RFL=00000246 [---Z-P-] CPL=0 II=0 A20=1 SMM=0 HLT=0
ES =0030 0000000000000000 ffffffff 00cf9300 DPL=0 DS   [-WA]
CS =0038 0000000000000000 ffffffff 00af9a00 DPL=0 CS64 [-R-]
SS =0030 0000000000000000 ffffffff 00cf9300 DPL=0 DS   [-WA]
DS =0030 0000000000000000 ffffffff 00cf9300 DPL=0 DS   [-WA]
FS =0030 0000000000000000 ffffffff 00cf9300 DPL=0 DS   [-WA]
GS =0030 0000000000000000 ffffffff 00cf9300 DPL=0 DS   [-WA]
LDT=0000 0000000000000000 0000ffff 00008200 DPL=0 LDT
TR =0000 0000000000000000 0000ffff 00008b00 DPL=0 TSS64-busy
GDT=     00000000bf9de000 00000047
IDT=     00000000bf4d2018 00000fff
CR0=80010033 CR2=0000000000000000 CR3=00000000bfc01000 CR4=00000668
DR0=0000000000000000 DR1=0000000000000000 DR2=0000000000000000 DR3=0000000000000000 
DR6=00000000ffff0ff0 DR7=0000000000000400
CCS=0000000000000044 CCD=0000000000000000 CCO=EFLAGS
EFER=0000000000000d00
Servicing hardware INT=0x20
   152: v=20 e=0000 i=0 cpl=0 IP=0038:00000000bfec36da pc=00000000bfec36da SP=0030:00000000bfec28c0 env->regs[R_EAX]=00000000bece4b98
RAX=00000000bece4b98 RBX=00000000bece4ba0 RCX=0000000000000010 RDX=00000000bed722c0
RSI=0000000000000000 RDI=00000000bf064798 RBP=00000000bf064798 RSP=00000000bfec28c0
R8 =00000000bfec29a8 R9 =00000000bed88418 R10=0000000000000000 R11=0000000000000000
R12=00000000bfee87a0 R13=00000000bfee1cc0 R14=00000000bfee1e49 R15=00000000bf064798
RIP=00000000bfec36da RFL=00000246 [---Z-P-] CPL=0 II=0 A20=1 SMM=0 HLT=0
ES =0030 0000000000000000 ffffffff 00cf9300 DPL=0 DS   [-WA]
CS =0038 0000000000000000 ffffffff 00af9a00 DPL=0 CS64 [-R-]
SS =0030 0000000000000000 ffffffff 00cf9300 DPL=0 DS   [-WA]
DS =0030 0000000000000000 ffffffff 00cf9300 DPL=0 DS   [-WA]
FS =0030 0000000000000000 ffffffff 00cf9300 DPL=0 DS   [-WA]
GS =0030 0000000000000000 ffffffff 00cf9300 DPL=0 DS   [-WA]
LDT=0000 0000000000000000 0000ffff 00008200 DPL=0 LDT
TR =0000 0000000000000000 0000ffff 00008b00 DPL=0 TSS64-busy
GDT=     00000000bf9de000 00000047
IDT=     00000000bf4d2018 00000fff
CR0=80010033 CR2=0000000000000000 CR3=00000000bfc01000 CR4=00000668
DR0=0000000000000000 DR1=0000000000000000 DR2=0000000000000000 DR3=0000000000000000 
DR6=00000000ffff0ff0 DR7=0000000000000400
CCS=0000000000000044 CCD=0000000000000000 CCO=EFLAGS
EFER=0000000000000d00
Servicing hardware INT=0x20
   153: v=20 e=0000 i=0 cpl=0 IP=0038:00000000bfec36da pc=00000000bfec36da SP=0030:00000000bfec2890 env->regs[R_EAX]=00000000be8d4998
RAX=00000000be8d4998 RBX=00000000be8d49a0 RCX=0000000000000010 RDX=00000000becd0230
RSI=00000000becd0230 RDI=00000000bf026818 RBP=00000000bf026818 RSP=00000000bfec2890
R8 =00000000bfec29c0 R9 =00000000bed0a318 R10=00000000bfee9600 R11=0000000000000000
R12=00000000bfee87a0 R13=00000000bfee1cc0 R14=00000000bfee1e49 R15=00000000bf026818
RIP=00000000bfec36da RFL=00000246 [---Z-P-] CPL=0 II=0 A20=1 SMM=0 HLT=0
ES =0030 0000000000000000 ffffffff 00cf9300 DPL=0 DS   [-WA]
CS =0038 0000000000000000 ffffffff 00af9a00 DPL=0 CS64 [-R-]
SS =0030 0000000000000000 ffffffff 00cf9300 DPL=0 DS   [-WA]
DS =0030 0000000000000000 ffffffff 00cf9300 DPL=0 DS   [-WA]
FS =0030 0000000000000000 ffffffff 00cf9300 DPL=0 DS   [-WA]
GS =0030 0000000000000000 ffffffff 00cf9300 DPL=0 DS   [-WA]
LDT=0000 0000000000000000 0000ffff 00008200 DPL=0 LDT
TR =0000 0000000000000000 0000ffff 00008b00 DPL=0 TSS64-busy
GDT=     00000000bf9de000 00000047
IDT=     00000000bf4d2018 00000fff
CR0=80010033 CR2=0000000000000000 CR3=00000000bfc01000 CR4=00000668
DR0=0000000000000000 DR1=0000000000000000 DR2=0000000000000000 DR3=0000000000000000 
DR6=00000000ffff0ff0 DR7=0000000000000400
CCS=0000000000000044 CCD=0000000000000000 CCO=EFLAGS
EFER=0000000000000d00
Servicing hardware INT=0x20
   154: v=20 e=0000 i=0 cpl=0 IP=0038:00000000bfec36b1 pc=00000000bfec36b1 SP=0030:00000000bfec28b0 env->regs[R_EAX]=00000000be915918
RAX=00000000be915918 RBX=00000000be916d20 RCX=0000000000000010 RDX=00000000bfee8660
RSI=00000000bfec2ab8 RDI=00000000bed07c18 RBP=00000000bed07c18 RSP=00000000bfec28b0
R8 =00000000bfec29d8 R9 =00000000bf8eef98 R10=00000000bfee1e49 R11=0000000000000000
R12=00000000bfee87a0 R13=00000000bfee1cc0 R14=00000000bfee1e49 R15=0000000000000000
RIP=00000000bfec36b1 RFL=00000283 [--S---C] CPL=0 II=0 A20=1 SMM=0 HLT=0
ES =0030 0000000000000000 ffffffff 00cf9300 DPL=0 DS   [-WA]
CS =0038 0000000000000000 ffffffff 00af9a00 DPL=0 CS64 [-R-]
SS =0030 0000000000000000 ffffffff 00cf9300 DPL=0 DS   [-WA]
DS =0030 0000000000000000 ffffffff 00cf9300 DPL=0 DS   [-WA]
FS =0030 0000000000000000 ffffffff 00cf9300 DPL=0 DS   [-WA]
GS =0030 0000000000000000 ffffffff 00cf9300 DPL=0 DS   [-WA]
LDT=0000 0000000000000000 0000ffff 00008200 DPL=0 LDT
TR =0000 0000000000000000 0000ffff 00008b00 DPL=0 TSS64-busy
GDT=     00000000bf9de000 00000047
IDT=     00000000bf4d2018 00000fff
CR0=80010033 CR2=0000000000000000 CR3=00000000bfc01000 CR4=00000668
DR0=0000000000000000 DR1=0000000000000000 DR2=0000000000000000 DR3=0000000000000000 
DR6=00000000ffff0ff0 DR7=0000000000000400
CCS=0000000000000081 CCD=fffffffffea2e580 CCO=EFLAGS
EFER=0000000000000d00
Servicing hardware INT=0x20
   155: v=20 e=0000 i=0 cpl=0 IP=0038:00000000bfec36da pc=00000000bfec36da SP=0030:00000000bfec28e0 env->regs[R_EAX]=00000000bf062c98
RAX=00000000bf062c98 RBX=00000000bf062ca0 RCX=0000000000000010 RDX=00000000beb85f70
RSI=00000000beb85f70 RDI=00000000bedee418 RBP=00000000bedee418 RSP=00000000bfec28e0
R8 =0000000000000000 R9 =00000000becb3b18 R10=00000000bfee9600 R11=0000000000000000
R12=00000000bfee87a0 R13=00000000bfee1cc0 R14=00000000bfee1e49 R15=00000000bedee418
RIP=00000000bfec36da RFL=00000246 [---Z-P-] CPL=0 II=0 A20=1 SMM=0 HLT=0
ES =0030 0000000000000000 ffffffff 00cf9300 DPL=0 DS   [-WA]
CS =0038 0000000000000000 ffffffff 00af9a00 DPL=0 CS64 [-R-]
SS =0030 0000000000000000 ffffffff 00cf9300 DPL=0 DS   [-WA]
DS =0030 0000000000000000 ffffffff 00cf9300 DPL=0 DS   [-WA]
FS =0030 0000000000000000 ffffffff 00cf9300 DPL=0 DS   [-WA]
GS =0030 0000000000000000 ffffffff 00cf9300 DPL=0 DS   [-WA]
LDT=0000 0000000000000000 0000ffff 00008200 DPL=0 LDT
TR =0000 0000000000000000 0000ffff 00008b00 DPL=0 TSS64-busy
GDT=     00000000bf9de000 00000047
IDT=     00000000bf4d2018 00000fff
CR0=80010033 CR2=0000000000000000 CR3=00000000bfc01000 CR4=00000668
DR0=0000000000000000 DR1=0000000000000000 DR2=0000000000000000 DR3=0000000000000000 
DR6=00000000ffff0ff0 DR7=0000000000000400
CCS=0000000000000044 CCD=0000000000000000 CCO=EFLAGS
EFER=0000000000000d00
Servicing hardware INT=0x20
   156: v=20 e=0000 i=0 cpl=0 IP=0038:00000000bfec35d9 pc=00000000bfec35d9 SP=0030:00000000bfec28e0 env->regs[R_EAX]=00000000becb3b18
RAX=00000000becb3b18 RBX=00000000becb3798 RCX=00000000bfec2928 RDX=00000000000013a5
RSI=00000000bfec2928 RDI=00000000bfec2930 RBP=00000000bfec2930 RSP=00000000bfec28e0
R8 =719f1e26090cc0a5 R9 =0000000000000208 R10=00000000bfee9600 R11=0000000000000000
R12=00000000bfec2928 R13=00000000bfee1cc0 R14=00000000bfee1dad R15=00000000bfec355d
RIP=00000000bfec35d9 RFL=00000297 [--S-APC] CPL=0 II=0 A20=1 SMM=0 HLT=0
ES =0030 0000000000000000 ffffffff 00cf9300 DPL=0 DS   [-WA]
CS =0038 0000000000000000 ffffffff 00af9a00 DPL=0 CS64 [-R-]
SS =0030 0000000000000000 ffffffff 00cf9300 DPL=0 DS   [-WA]
DS =0030 0000000000000000 ffffffff 00cf9300 DPL=0 DS   [-WA]
FS =0030 0000000000000000 ffffffff 00cf9300 DPL=0 DS   [-WA]
GS =0030 0000000000000000 ffffffff 00cf9300 DPL=0 DS   [-WA]
LDT=0000 0000000000000000 0000ffff 00008200 DPL=0 LDT
TR =0000 0000000000000000 0000ffff 00008b00 DPL=0 TSS64-busy
GDT=     00000000bf9de000 00000047
IDT=     00000000bf4d2018 00000fff
CR0=80010033 CR2=0000000000000000 CR3=00000000bfc01000 CR4=00000668
DR0=0000000000000000 DR1=0000000000000000 DR2=0000000000000000 DR3=0000000000000000 
DR6=00000000ffff0ff0 DR7=0000000000000400
CCS=0000000000000095 CCD=ffffffffffffffff CCO=EFLAGS
EFER=0000000000000d00
Servicing hardware INT=0x20
   157: v=20 e=0000 i=0 cpl=0 IP=0038:00000000bfec3774 pc=00000000bfec3774 SP=0030:00000000bfec28c0 env->regs[R_EAX]=000000002e148000
RAX=000000002e148000 RBX=00000000bed523a0 RCX=00000000beb485f8 RDX=00000000beb48500
RSI=00000000beb485f0 RDI=00000000bed52998 RBP=00000000bed529b0 RSP=00000000bfec28c0
R8 =19b5738a2f56d897 R9 =00000000becaea18 R10=00000000bfee9600 R11=0000000000000000
R12=00000000bed52398 R13=00000000beb485f0 R14=00000000bfee1cc0 R15=00000000bfee1e49
RIP=00000000bfec3774 RFL=00000206 [-----P-] CPL=0 II=0 A20=1 SMM=0 HLT=0
ES =0030 0000000000000000 ffffffff 00cf9300 DPL=0 DS   [-WA]
CS =0038 0000000000000000 ffffffff 00af9a00 DPL=0 CS64 [-R-]
SS =0030 0000000000000000 ffffffff 00cf9300 DPL=0 DS   [-WA]
DS =0030 0000000000000000 ffffffff 00cf9300 DPL=0 DS   [-WA]
FS =0030 0000000000000000 ffffffff 00cf9300 DPL=0 DS   [-WA]
GS =0030 0000000000000000 ffffffff 00cf9300 DPL=0 DS   [-WA]
LDT=0000 0000000000000000 0000ffff 00008200 DPL=0 LDT
TR =0000 0000000000000000 0000ffff 00008b00 DPL=0 TSS64-busy
GDT=     00000000bf9de000 00000047
IDT=     00000000bf4d2018 00000fff
CR0=80010033 CR2=0000000000000000 CR3=00000000bfc01000 CR4=00000668
DR0=0000000000000000 DR1=0000000000000000 DR2=0000000000000000 DR3=0000000000000000 
DR6=00000000ffff0ff0 DR7=0000000000000400
CCS=0000000000000004 CCD=000000002e148000 CCO=EFLAGS
EFER=0000000000000d00
Servicing hardware INT=0x20
   158: v=20 e=0000 i=0 cpl=0 IP=0038:00000000bfed5be4 pc=00000000bfed5be4 SP=0030:00000000bfec28a8 env->regs[R_EAX]=00000000bfee8600
RAX=00000000bfee8600 RBX=0000000000000000 RCX=00000000bf0bcf30 RDX=00000000bfee8660
RSI=0000000000000000 RDI=00000000bfee8660 RBP=00000000bfee1cc0 RSP=00000000bfec28a8
R8 =719f1e26090cc0a5 R9 =0000000000000208 R10=00000000bfee9600 R11=0000000000000000
R12=00000000bf0bcf20 R13=00000000bfee8660 R14=00000000bf0bcf18 R15=00000000bfee1e49
RIP=00000000bfed5be4 RFL=00000202 [-------] CPL=0 II=0 A20=1 SMM=0 HLT=0
ES =0030 0000000000000000 ffffffff 00cf9300 DPL=0 DS   [-WA]
CS =0038 0000000000000000 ffffffff 00af9a00 DPL=0 CS64 [-R-]
SS =0030 0000000000000000 ffffffff 00cf9300 DPL=0 DS   [-WA]
DS =0030 0000000000000000 ffffffff 00cf9300 DPL=0 DS   [-WA]
FS =0030 0000000000000000 ffffffff 00cf9300 DPL=0 DS   [-WA]
GS =0030 0000000000000000 ffffffff 00cf9300 DPL=0 DS   [-WA]
LDT=0000 0000000000000000 0000ffff 00008200 DPL=0 LDT
TR =0000 0000000000000000 0000ffff 00008b00 DPL=0 TSS64-busy
GDT=     00000000bf9de000 00000047
IDT=     00000000bf4d2018 00000fff
CR0=80010033 CR2=0000000000000000 CR3=00000000bfc01000 CR4=00000668
DR0=0000000000000000 DR1=0000000000000000 DR2=0000000000000000 DR3=0000000000000000 
DR6=00000000ffff0ff0 DR7=0000000000000400
CCS=0000000000000000 CCD=00000000bfec28b0 CCO=EFLAGS
EFER=0000000000000d00
Servicing hardware INT=0x20
   159: v=20 e=0000 i=0 cpl=0 IP=0038:00000000bf08925e pc=00000000bf08925e SP=0030:00000000bfec2828 env->regs[R_EAX]=00000000bf09ce20
RAX=00000000bf09ce20 RBX=0000000000000004 RCX=00000000bf09ce20 RDX=0000000000000010
RSI=00000000beccb4a0 RDI=0000000000000001 RBP=00000000bfee3ec5 RSP=00000000bfec2828
R8 =9a02503f3eb2ec9e R9 =00000000bed09318 R10=00000000bfee9600 R11=0000000000000000
R12=00000000bfeeaba0 R13=00000000bed7fa98 R14=00000000bfec29c8 R15=00000000bed7fa98
RIP=00000000bf08925e RFL=00000206 [-----P-] CPL=0 II=0 A20=1 SMM=0 HLT=0
ES =0030 0000000000000000 ffffffff 00cf9300 DPL=0 DS   [-WA]
CS =0038 0000000000000000 ffffffff 00af9a00 DPL=0 CS64 [-R-]
SS =0030 0000000000000000 ffffffff 00cf9300 DPL=0 DS   [-WA]
DS =0030 0000000000000000 ffffffff 00cf9300 DPL=0 DS   [-WA]
FS =0030 0000000000000000 ffffffff 00cf9300 DPL=0 DS   [-WA]
GS =0030 0000000000000000 ffffffff 00cf9300 DPL=0 DS   [-WA]
LDT=0000 0000000000000000 0000ffff 00008200 DPL=0 LDT
TR =0000 0000000000000000 0000ffff 00008b00 DPL=0 TSS64-busy
GDT=     00000000bf9de000 00000047
IDT=     00000000bf4d2018 00000fff
CR0=80010033 CR2=0000000000000000 CR3=00000000bfc01000 CR4=00000668
DR0=0000000000000000 DR1=0000000000000000 DR2=0000000000000000 DR3=0000000000000000 
DR6=00000000ffff0ff0 DR7=0000000000000400
CCS=0000000000000004 CCD=00000000bfec2830 CCO=EFLAGS
EFER=0000000000000d00
Servicing hardware INT=0x20
   160: v=20 e=0000 i=0 cpl=0 IP=0038:00000000bfec36da pc=00000000bfec36da SP=0030:00000000bfec2930 env->regs[R_EAX]=00000000bed08998
RAX=00000000bed08998 RBX=00000000bed089a0 RCX=0000000000000010 RDX=00000000bfee8640
RSI=0000000000000000 RDI=00000000bed08d18 RBP=00000000bed08d18 RSP=00000000bfec2930
R8 =00000000bfec2ab0 R9 =00000000bf8eef98 R10=00000000bfee9600 R11=0000000000000000
R12=00000000bfee87a0 R13=00000000bfee1cc0 R14=00000000bfee1e49 R15=0000000000000000
RIP=00000000bfec36da RFL=00000246 [---Z-P-] CPL=0 II=0 A20=1 SMM=0 HLT=0
ES =0030 0000000000000000 ffffffff 00cf9300 DPL=0 DS   [-WA]
CS =0038 0000000000000000 ffffffff 00af9a00 DPL=0 CS64 [-R-]
SS =0030 0000000000000000 ffffffff 00cf9300 DPL=0 DS   [-WA]
DS =0030 0000000000000000 ffffffff 00cf9300 DPL=0 DS   [-WA]
FS =0030 0000000000000000 ffffffff 00cf9300 DPL=0 DS   [-WA]
GS =0030 0000000000000000 ffffffff 00cf9300 DPL=0 DS   [-WA]
LDT=0000 0000000000000000 0000ffff 00008200 DPL=0 LDT
TR =0000 0000000000000000 0000ffff 00008b00 DPL=0 TSS64-busy
GDT=     00000000bf9de000 00000047
IDT=     00000000bf4d2018 00000fff
CR0=80010033 CR2=0000000000000000 CR3=00000000bfc01000 CR4=00000668
DR0=0000000000000000 DR1=0000000000000000 DR2=0000000000000000 DR3=0000000000000000 
DR6=00000000ffff0ff0 DR7=0000000000000400
CCS=0000000000000044 CCD=0000000000000000 CCO=EFLAGS
EFER=0000000000000d00
Servicing hardware INT=0x20
   161: v=20 e=0000 i=0 cpl=0 IP=0038:00000000bfec35d9 pc=00000000bfec35d9 SP=0030:00000000bfec28e0 env->regs[R_EAX]=00000000bed82398
RAX=00000000bed82398 RBX=00000000bed82318 RCX=00000000bfec2928 RDX=0000000000001460
RSI=00000000bfec2928 RDI=00000000bfec2930 RBP=00000000bfec2930 RSP=00000000bfec28e0
R8 =719f1e26090cc0a5 R9 =00000000bfec2aa0 R10=00000000bfee1e49 R11=0000000000000000
R12=00000000bfec2928 R13=00000000bfee1cc0 R14=00000000bfee1dad R15=00000000bfec355d
RIP=00000000bfec35d9 RFL=00000283 [--S---C] CPL=0 II=0 A20=1 SMM=0 HLT=0
ES =0030 0000000000000000 ffffffff 00cf9300 DPL=0 DS   [-WA]
CS =0038 0000000000000000 ffffffff 00af9a00 DPL=0 CS64 [-R-]
SS =0030 0000000000000000 ffffffff 00cf9300 DPL=0 DS   [-WA]
DS =0030 0000000000000000 ffffffff 00cf9300 DPL=0 DS   [-WA]
FS =0030 0000000000000000 ffffffff 00cf9300 DPL=0 DS   [-WA]
GS =0030 0000000000000000 ffffffff 00cf9300 DPL=0 DS   [-WA]
LDT=0000 0000000000000000 0000ffff 00008200 DPL=0 LDT
TR =0000 0000000000000000 0000ffff 00008b00 DPL=0 TSS64-busy
GDT=     00000000bf9de000 00000047
IDT=     00000000bf4d2018 00000fff
CR0=80010033 CR2=0000000000000000 CR3=00000000bfc01000 CR4=00000668
DR0=0000000000000000 DR1=0000000000000000 DR2=0000000000000000 DR3=0000000000000000 
DR6=00000000ffff0ff0 DR7=0000000000000400
CCS=0000000000000081 CCD=fffffffffffffffe CCO=EFLAGS
EFER=0000000000000d00
Servicing hardware INT=0x20
   162: v=20 e=0000 i=0 cpl=0 IP=0038:00000000bfec36da pc=00000000bfec36da SP=0030:00000000bfec28f0 env->regs[R_EAX]=00000000be8d4918
RAX=00000000be8d4918 RBX=00000000be8d4920 RCX=0000000000000010 RDX=00000000beb79b30
RSI=00000000beb79b30 RDI=00000000becc3118 RBP=00000000becc3118 RSP=00000000bfec28f0
R8 =0000000000000000 R9 =00000000becb1b18 R10=0000000000000000 R11=0000000000000000
R12=00000000bfee87a0 R13=00000000bfee1cc0 R14=00000000bfee1e49 R15=00000000becc3118
RIP=00000000bfec36da RFL=00000246 [---Z-P-] CPL=0 II=0 A20=1 SMM=0 HLT=0
ES =0030 0000000000000000 ffffffff 00cf9300 DPL=0 DS   [-WA]
CS =0038 0000000000000000 ffffffff 00af9a00 DPL=0 CS64 [-R-]
SS =0030 0000000000000000 ffffffff 00cf9300 DPL=0 DS   [-WA]
DS =0030 0000000000000000 ffffffff 00cf9300 DPL=0 DS   [-WA]
FS =0030 0000000000000000 ffffffff 00cf9300 DPL=0 DS   [-WA]
GS =0030 0000000000000000 ffffffff 00cf9300 DPL=0 DS   [-WA]
LDT=0000 0000000000000000 0000ffff 00008200 DPL=0 LDT
TR =0000 0000000000000000 0000ffff 00008b00 DPL=0 TSS64-busy
GDT=     00000000bf9de000 00000047
IDT=     00000000bf4d2018 00000fff
CR0=80010033 CR2=0000000000000000 CR3=00000000bfc01000 CR4=00000668
DR0=0000000000000000 DR1=0000000000000000 DR2=0000000000000000 DR3=0000000000000000 
DR6=00000000ffff0ff0 DR7=0000000000000400
CCS=0000000000000044 CCD=0000000000000000 CCO=EFLAGS
EFER=0000000000000d00
Servicing hardware INT=0x20
   163: v=20 e=0000 i=0 cpl=0 IP=0038:00000000bfec36da pc=00000000bfec36da SP=0030:00000000bfec28b0 env->regs[R_EAX]=00000000be8e8a18
RAX=00000000be8e8a18 RBX=00000000be8e8a20 RCX=0000000000000010 RDX=00000000bfee8660
RSI=00000000bfec2ab8 RDI=00000000bed82698 RBP=00000000bed82698 RSP=00000000bfec28b0
R8 =00000000bfec29d8 R9 =00000000bf8eef98 R10=00000000bfee1e49 R11=0000000000000000
R12=00000000bfee87a0 R13=00000000bfee1cc0 R14=00000000bfee1e49 R15=0000000000000000
RIP=00000000bfec36da RFL=00000246 [---Z-P-] CPL=0 II=0 A20=1 SMM=0 HLT=0
ES =0030 0000000000000000 ffffffff 00cf9300 DPL=0 DS   [-WA]
CS =0038 0000000000000000 ffffffff 00af9a00 DPL=0 CS64 [-R-]
SS =0030 0000000000000000 ffffffff 00cf9300 DPL=0 DS   [-WA]
DS =0030 0000000000000000 ffffffff 00cf9300 DPL=0 DS   [-WA]
FS =0030 0000000000000000 ffffffff 00cf9300 DPL=0 DS   [-WA]
GS =0030 0000000000000000 ffffffff 00cf9300 DPL=0 DS   [-WA]
LDT=0000 0000000000000000 0000ffff 00008200 DPL=0 LDT
TR =0000 0000000000000000 0000ffff 00008b00 DPL=0 TSS64-busy
GDT=     00000000bf9de000 00000047
IDT=     00000000bf4d2018 00000fff
CR0=80010033 CR2=0000000000000000 CR3=00000000bfc01000 CR4=00000668
DR0=0000000000000000 DR1=0000000000000000 DR2=0000000000000000 DR3=0000000000000000 
DR6=00000000ffff0ff0 DR7=0000000000000400
CCS=0000000000000044 CCD=0000000000000000 CCO=EFLAGS
EFER=0000000000000d00
Servicing hardware INT=0x20
   164: v=20 e=0000 i=0 cpl=0 IP=0038:00000000bfed5c02 pc=00000000bfed5c02 SP=0030:00000000bfec2830 env->regs[R_EAX]=4d1ab44318a031ab
RAX=4d1ab44318a031ab RBX=00000000bfee8660 RCX=00000000bfee8660 RDX=00000000bfee8660
RSI=00000000bed88630 RDI=00000000becf9d98 RBP=11d4d5e1107a772c RSP=00000000bfec2830
R8 =719f1e26090cc0a5 R9 =00000000bf8eef98 R10=00000000bfee1e49 R11=0000000000000000
R12=00000000becf9a18 R13=00000000bfee8660 R14=00000000bfee1cc0 R15=00000000bfee1e49
RIP=00000000bfed5c02 RFL=00000202 [-------] CPL=0 II=0 A20=1 SMM=0 HLT=0
ES =0030 0000000000000000 ffffffff 00cf9300 DPL=0 DS   [-WA]
CS =0038 0000000000000000 ffffffff 00af9a00 DPL=0 CS64 [-R-]
SS =0030 0000000000000000 ffffffff 00cf9300 DPL=0 DS   [-WA]
DS =0030 0000000000000000 ffffffff 00cf9300 DPL=0 DS   [-WA]
FS =0030 0000000000000000 ffffffff 00cf9300 DPL=0 DS   [-WA]
GS =0030 0000000000000000 ffffffff 00cf9300 DPL=0 DS   [-WA]
LDT=0000 0000000000000000 0000ffff 00008200 DPL=0 LDT
TR =0000 0000000000000000 0000ffff 00008b00 DPL=0 TSS64-busy
GDT=     00000000bf9de000 00000047
IDT=     00000000bf4d2018 00000fff
CR0=80010033 CR2=0000000000000000 CR3=00000000bfc01000 CR4=00000668
DR0=0000000000000000 DR1=0000000000000000 DR2=0000000000000000 DR3=0000000000000000 
DR6=00000000ffff0ff0 DR7=0000000000000400
CCS=0000000000000000 CCD=00000000bfec2820 CCO=EFLAGS
EFER=0000000000000d00
Servicing hardware INT=0x20
   165: v=20 e=0000 i=0 cpl=0 IP=0038:00000000bfec36da pc=00000000bfec36da SP=0030:00000000bfec2930 env->regs[R_EAX]=00000000be8e7218
RAX=00000000be8e7218 RBX=00000000be8e7220 RCX=0000000000000010 RDX=00000000bfee8640
RSI=0000000000000000 RDI=00000000bec23898 RBP=00000000bec23898 RSP=00000000bfec2930
R8 =00000000bfec2ab0 R9 =00000000bf8eef98 R10=00000000bfee9600 R11=0000000000000000
R12=00000000bfee87a0 R13=00000000bfee1cc0 R14=00000000bfee1e49 R15=0000000000000000
RIP=00000000bfec36da RFL=00000246 [---Z-P-] CPL=0 II=0 A20=1 SMM=0 HLT=0
ES =0030 0000000000000000 ffffffff 00cf9300 DPL=0 DS   [-WA]
CS =0038 0000000000000000 ffffffff 00af9a00 DPL=0 CS64 [-R-]
SS =0030 0000000000000000 ffffffff 00cf9300 DPL=0 DS   [-WA]
DS =0030 0000000000000000 ffffffff 00cf9300 DPL=0 DS   [-WA]
FS =0030 0000000000000000 ffffffff 00cf9300 DPL=0 DS   [-WA]
GS =0030 0000000000000000 ffffffff 00cf9300 DPL=0 DS   [-WA]
LDT=0000 0000000000000000 0000ffff 00008200 DPL=0 LDT
TR =0000 0000000000000000 0000ffff 00008b00 DPL=0 TSS64-busy
GDT=     00000000bf9de000 00000047
IDT=     00000000bf4d2018 00000fff
CR0=80010033 CR2=0000000000000000 CR3=00000000bfc01000 CR4=00000668
DR0=0000000000000000 DR1=0000000000000000 DR2=0000000000000000 DR3=0000000000000000 
DR6=00000000ffff0ff0 DR7=0000000000000400
CCS=0000000000000044 CCD=0000000000000000 CCO=EFLAGS
EFER=0000000000000d00
Servicing hardware INT=0x20
   166: v=20 e=0000 i=0 cpl=0 IP=0038:00000000bfec36da pc=00000000bfec36da SP=0030:00000000bfec2930 env->regs[R_EAX]=00000000be8e6398
RAX=00000000be8e6398 RBX=00000000be8e63a0 RCX=0000000000000010 RDX=00000000bfee8640
RSI=0000000000000000 RDI=00000000bed82698 RBP=00000000bed82698 RSP=00000000bfec2930
R8 =00000000bfec2ab0 R9 =00000000bf8eef98 R10=00000000bfee9600 R11=0000000000000000
R12=00000000bfee87a0 R13=00000000bfee1cc0 R14=00000000bfee1e49 R15=0000000000000000
RIP=00000000bfec36da RFL=00000246 [---Z-P-] CPL=0 II=0 A20=1 SMM=0 HLT=0
ES =0030 0000000000000000 ffffffff 00cf9300 DPL=0 DS   [-WA]
CS =0038 0000000000000000 ffffffff 00af9a00 DPL=0 CS64 [-R-]
SS =0030 0000000000000000 ffffffff 00cf9300 DPL=0 DS   [-WA]
DS =0030 0000000000000000 ffffffff 00cf9300 DPL=0 DS   [-WA]
FS =0030 0000000000000000 ffffffff 00cf9300 DPL=0 DS   [-WA]
GS =0030 0000000000000000 ffffffff 00cf9300 DPL=0 DS   [-WA]
LDT=0000 0000000000000000 0000ffff 00008200 DPL=0 LDT
TR =0000 0000000000000000 0000ffff 00008b00 DPL=0 TSS64-busy
GDT=     00000000bf9de000 00000047
IDT=     00000000bf4d2018 00000fff
CR0=80010033 CR2=0000000000000000 CR3=00000000bfc01000 CR4=00000668
DR0=0000000000000000 DR1=0000000000000000 DR2=0000000000000000 DR3=0000000000000000 
DR6=00000000ffff0ff0 DR7=0000000000000400
CCS=0000000000000044 CCD=0000000000000000 CCO=EFLAGS
EFER=0000000000000d00
Servicing hardware INT=0x20
   167: v=20 e=0000 i=0 cpl=0 IP=0038:00000000bf089266 pc=00000000bf089266 SP=0030:00000000bfec28d8 env->regs[R_EAX]=00000000bf09ce20
RAX=00000000bf09ce20 RBX=0000000000000004 RCX=00000000bf09ce20 RDX=00000000be3cd298
RSI=00000000bfec2ab8 RDI=0000000000000001 RBP=00000000bfee3ec5 RSP=00000000bfec28d8
R8 =00000000be3cd018 R9 =0000000000000000 R10=00000000bfee1e49 R11=0000000000000030
R12=00000000bfeeaba0 R13=00000000be3cd298 R14=0000000000000000 R15=00000000be3cd018
RIP=00000000bf089266 RFL=00000202 [-------] CPL=0 II=0 A20=1 SMM=0 HLT=0
ES =0030 0000000000000000 ffffffff 00cf9300 DPL=0 DS   [-WA]
CS =0038 0000000000000000 ffffffff 00af9a00 DPL=0 CS64 [-R-]
SS =0030 0000000000000000 ffffffff 00cf9300 DPL=0 DS   [-WA]
DS =0030 0000000000000000 ffffffff 00cf9300 DPL=0 DS   [-WA]
FS =0030 0000000000000000 ffffffff 00cf9300 DPL=0 DS   [-WA]
GS =0030 0000000000000000 ffffffff 00cf9300 DPL=0 DS   [-WA]
LDT=0000 0000000000000000 0000ffff 00008200 DPL=0 LDT
TR =0000 0000000000000000 0000ffff 00008b00 DPL=0 TSS64-busy
GDT=     00000000bf9de000 00000047
IDT=     00000000bf4d2018 00000fff
CR0=80010033 CR2=0000000000000000 CR3=00000000bfc01000 CR4=00000668
DR0=0000000000000000 DR1=0000000000000000 DR2=0000000000000000 DR3=0000000000000000 
DR6=00000000ffff0ff0 DR7=0000000000000400
CCS=0000000000000000 CCD=00000000bfec28e0 CCO=EFLAGS
EFER=0000000000000d00
Servicing hardware INT=0x20
   168: v=20 e=0000 i=0 cpl=0 IP=0038:00000000bfec3647 pc=00000000bfec3647 SP=0030:00000000bfec2518 env->regs[R_EAX]=0000000000000004
RAX=0000000000000004 RBX=0000000000000001 RCX=0000000000000010 RDX=00000000bfee8660
RSI=00000000bfec26f8 RDI=00000000bed08998 RBP=00000000bed08998 RSP=00000000bfec2518
R8 =00000000bfec2618 R9 =00000000bf8eef98 R10=00000000bfee1e49 R11=0000000000000000
R12=00000000bf8eef98 R13=00000000bed08998 R14=00000000bfec2618 R15=0000000000000000
RIP=00000000bfec3647 RFL=00000202 [-------] CPL=0 II=0 A20=1 SMM=0 HLT=0
ES =0030 0000000000000000 ffffffff 00cf9300 DPL=0 DS   [-WA]
CS =0038 0000000000000000 ffffffff 00af9a00 DPL=0 CS64 [-R-]
SS =0030 0000000000000000 ffffffff 00cf9300 DPL=0 DS   [-WA]
DS =0030 0000000000000000 ffffffff 00cf9300 DPL=0 DS   [-WA]
FS =0030 0000000000000000 ffffffff 00cf9300 DPL=0 DS   [-WA]
GS =0030 0000000000000000 ffffffff 00cf9300 DPL=0 DS   [-WA]
LDT=0000 0000000000000000 0000ffff 00008200 DPL=0 LDT
TR =0000 0000000000000000 0000ffff 00008b00 DPL=0 TSS64-busy
GDT=     00000000bf9de000 00000047
IDT=     00000000bf4d2018 00000fff
CR0=80010033 CR2=0000000000000000 CR3=00000000bfc01000 CR4=00000668
DR0=0000000000000000 DR1=0000000000000000 DR2=0000000000000000 DR3=0000000000000000 
DR6=00000000ffff0ff0 DR7=0000000000000400
CCS=0000000000000000 CCD=00000000bfec2510 CCO=EFLAGS
EFER=0000000000000d00
Servicing hardware INT=0x20
   169: v=20 e=0000 i=0 cpl=0 IP=0038:00000000bfed5c1a pc=00000000bfed5c1a SP=0030:00000000bfec2860 env->regs[R_EAX]=719f1e26090cc0a5
RAX=719f1e26090cc0a5 RBX=00000000bfee8660 RCX=00000000bfee8668 RDX=00000000bfee8660
RSI=4dc13f279000389a RDI=4d1ab44318a031ab RBP=11d446cc665e3ff6 RSP=00000000bfec2860
R8 =719f1e26090cc0a5 R9 =0000000000000208 R10=00000000bfee1e49 R11=0000000000000000
R12=00000000bf8e6fa0 R13=00000000bfee8660 R14=00000000bf8e6f98 R15=00000000bfee1e49
RIP=00000000bfed5c1a RFL=00000206 [-----P-] CPL=0 II=0 A20=1 SMM=0 HLT=0
ES =0030 0000000000000000 ffffffff 00cf9300 DPL=0 DS   [-WA]
CS =0038 0000000000000000 ffffffff 00af9a00 DPL=0 CS64 [-R-]
SS =0030 0000000000000000 ffffffff 00cf9300 DPL=0 DS   [-WA]
DS =0030 0000000000000000 ffffffff 00cf9300 DPL=0 DS   [-WA]
FS =0030 0000000000000000 ffffffff 00cf9300 DPL=0 DS   [-WA]
GS =0030 0000000000000000 ffffffff 00cf9300 DPL=0 DS   [-WA]
LDT=0000 0000000000000000 0000ffff 00008200 DPL=0 LDT
TR =0000 0000000000000000 0000ffff 00008b00 DPL=0 TSS64-busy
GDT=     00000000bf9de000 00000047
IDT=     00000000bf4d2018 00000fff
CR0=80010033 CR2=0000000000000000 CR3=00000000bfc01000 CR4=00000668
DR0=0000000000000000 DR1=0000000000000000 DR2=0000000000000000 DR3=0000000000000000 
DR6=00000000ffff0ff0 DR7=0000000000000400
CCS=0000000000000004 CCD=00000000bfec2850 CCO=EFLAGS
EFER=0000000000000d00
Servicing hardware INT=0x20
   170: v=20 e=0000 i=0 cpl=0 IP=0038:00000000beca2896 pc=00000000beca2896 SP=0030:00000000bfec20c0 env->regs[R_EAX]=0000000000833853
RAX=0000000000833853 RBX=0000000000000000 RCX=000000000000b008 RDX=000000000000b008
RSI=00000000bfec2258 RDI=00000000ffffff00 RBP=00000000ffffffa0 RSP=00000000bfec20c0
R8 =000000000083376f R9 =0000000000000177 R10=0000000000000000 R11=0000000000000000
R12=000000000000b008 R13=00000000000493e1 R14=00000000bfec2244 R15=00000000be8a2390
RIP=00000000beca2896 RFL=00000293 [--S-A-C] CPL=0 II=0 A20=1 SMM=0 HLT=0
ES =0030 0000000000000000 ffffffff 00cf9300 DPL=0 DS   [-WA]
CS =0038 0000000000000000 ffffffff 00af9a00 DPL=0 CS64 [-R-]
SS =0030 0000000000000000 ffffffff 00cf9300 DPL=0 DS   [-WA]
DS =0030 0000000000000000 ffffffff 00cf9300 DPL=0 DS   [-WA]
FS =0030 0000000000000000 ffffffff 00cf9300 DPL=0 DS   [-WA]
GS =0030 0000000000000000 ffffffff 00cf9300 DPL=0 DS   [-WA]
LDT=0000 0000000000000000 0000ffff 00008200 DPL=0 LDT
TR =0000 0000000000000000 0000ffff 00008b00 DPL=0 TSS64-busy
GDT=     00000000bf9de000 00000047
IDT=     00000000bf4d2018 00000fff
CR0=80010033 CR2=0000000000000000 CR3=00000000bfc01000 CR4=00000668
DR0=0000000000000000 DR1=0000000000000000 DR2=0000000000000000 DR3=0000000000000000 
DR6=00000000ffff0ff0 DR7=0000000000000400
CCS=0000000000000091 CCD=fffffffffffffffe CCO=EFLAGS
EFER=0000000000000d00
Servicing hardware INT=0x20
   171: v=20 e=0000 i=0 cpl=0 IP=0038:00000000beca2896 pc=00000000beca2896 SP=0030:00000000bfec2210 env->regs[R_EAX]=000000000083c30e
RAX=000000000083c30e RBX=0000000000000000 RCX=000000000000b008 RDX=000000000000b008
RSI=000000000004baf0 RDI=0000000000000000 RBP=00000000be3c0000 RSP=00000000bfec2210
R8 =000000000083c244 R9 =00000000000003f6 R10=0000000000000000 R11=0000000000000000
R12=000000000000b008 R13=0000000000000000 R14=00000000be8a23d4 R15=0000000000000011
RIP=00000000beca2896 RFL=00000293 [--S-A-C] CPL=0 II=0 A20=1 SMM=0 HLT=0
ES =0030 0000000000000000 ffffffff 00cf9300 DPL=0 DS   [-WA]
CS =0038 0000000000000000 ffffffff 00af9a00 DPL=0 CS64 [-R-]
SS =0030 0000000000000000 ffffffff 00cf9300 DPL=0 DS   [-WA]
DS =0030 0000000000000000 ffffffff 00cf9300 DPL=0 DS   [-WA]
FS =0030 0000000000000000 ffffffff 00cf9300 DPL=0 DS   [-WA]
GS =0030 0000000000000000 ffffffff 00cf9300 DPL=0 DS   [-WA]
LDT=0000 0000000000000000 0000ffff 00008200 DPL=0 LDT
TR =0000 0000000000000000 0000ffff 00008b00 DPL=0 TSS64-busy
GDT=     00000000bf9de000 00000047
IDT=     00000000bf4d2018 00000fff
CR0=80010033 CR2=0000000000000000 CR3=00000000bfc01000 CR4=00000668
DR0=0000000000000000 DR1=0000000000000000 DR2=0000000000000000 DR3=0000000000000000 
DR6=00000000ffff0ff0 DR7=0000000000000400
CCS=0000000000000091 CCD=fffffffffffffffe CCO=EFLAGS
EFER=0000000000000d00
Servicing hardware INT=0x20
   172: v=20 e=0000 i=0 cpl=0 IP=0038:00000000bf4ca300 pc=00000000bf4ca300 SP=0030:00000000bfec2108 env->regs[R_EAX]=0000000000000001
RAX=0000000000000001 RBX=00000000bfec221f RCX=00000000000001f3 RDX=00000000000001f3
RSI=0000000000000000 RDI=0000000000000001 RBP=0000000000000001 RSP=00000000bfec2108
R8 =00000000bfec221f R9 =00000000000001f3 R10=0000000000000000 R11=0000000000000000
R12=00000000000001f3 R13=0000000000000001 R14=00000000bf4cc2a8 R15=0000000000000011
RIP=00000000bf4ca300 RFL=00000293 [--S-A-C] CPL=0 II=0 A20=1 SMM=0 HLT=0
ES =0030 0000000000000000 ffffffff 00cf9300 DPL=0 DS   [-WA]
CS =0038 0000000000000000 ffffffff 00af9a00 DPL=0 CS64 [-R-]
SS =0030 0000000000000000 ffffffff 00cf9300 DPL=0 DS   [-WA]
DS =0030 0000000000000000 ffffffff 00cf9300 DPL=0 DS   [-WA]
FS =0030 0000000000000000 ffffffff 00cf9300 DPL=0 DS   [-WA]
GS =0030 0000000000000000 ffffffff 00cf9300 DPL=0 DS   [-WA]
LDT=0000 0000000000000000 0000ffff 00008200 DPL=0 LDT
TR =0000 0000000000000000 0000ffff 00008b00 DPL=0 TSS64-busy
GDT=     00000000bf9de000 00000047
IDT=     00000000bf4d2018 00000fff
CR0=80010033 CR2=0000000000000000 CR3=00000000bfc01000 CR4=00000668
DR0=0000000000000000 DR1=0000000000000000 DR2=0000000000000000 DR3=0000000000000000 
DR6=00000000ffff0ff0 DR7=0000000000000400
CCS=0000000000000091 CCD=fffffffffffffffe CCO=EFLAGS
EFER=0000000000000d00
Servicing hardware INT=0x20
   173: v=20 e=0000 i=0 cpl=0 IP=0038:00000000beca2896 pc=00000000beca2896 SP=0030:00000000bfec2070 env->regs[R_EAX]=000000000084dad1
RAX=000000000084dad1 RBX=0000000000000000 RCX=000000000000b008 RDX=000000000000b008
RSI=000000000004baf0 RDI=0000000000000000 RBP=00000000be3c0000 RSP=00000000bfec2070
R8 =000000000084d9ce R9 =00000000000003f6 R10=0000000000000000 R11=0000000000000000
R12=000000000000b008 R13=0000000000000000 R14=00000000be8a23d4 R15=0000000000000011
RIP=00000000beca2896 RFL=00000293 [--S-A-C] CPL=0 II=0 A20=1 SMM=0 HLT=0
ES =0030 0000000000000000 ffffffff 00cf9300 DPL=0 DS   [-WA]
CS =0038 0000000000000000 ffffffff 00af9a00 DPL=0 CS64 [-R-]
SS =0030 0000000000000000 ffffffff 00cf9300 DPL=0 DS   [-WA]
DS =0030 0000000000000000 ffffffff 00cf9300 DPL=0 DS   [-WA]
FS =0030 0000000000000000 ffffffff 00cf9300 DPL=0 DS   [-WA]
GS =0030 0000000000000000 ffffffff 00cf9300 DPL=0 DS   [-WA]
LDT=0000 0000000000000000 0000ffff 00008200 DPL=0 LDT
TR =0000 0000000000000000 0000ffff 00008b00 DPL=0 TSS64-busy
GDT=     00000000bf9de000 00000047
IDT=     00000000bf4d2018 00000fff
CR0=80010033 CR2=0000000000000000 CR3=00000000bfc01000 CR4=00000668
DR0=0000000000000000 DR1=0000000000000000 DR2=0000000000000000 DR3=0000000000000000 
DR6=00000000ffff0ff0 DR7=0000000000000400
CCS=0000000000000091 CCD=fffffffffffffffe CCO=EFLAGS
EFER=0000000000000d00
Servicing hardware INT=0x20
   174: v=20 e=0000 i=0 cpl=0 IP=0038:00000000beca2896 pc=00000000beca2896 SP=0030:00000000bfec2070 env->regs[R_EAX]=000000000085671f
RAX=000000000085671f RBX=0000000000000000 RCX=000000000000b008 RDX=000000000000b008
RSI=000000000004baf0 RDI=0000000000000000 RBP=00000000be3c0000 RSP=00000000bfec2070
R8 =000000000085661e R9 =00000000000003f6 R10=0000000000000000 R11=0000000000000000
R12=000000000000b008 R13=0000000000000000 R14=00000000be8a23d4 R15=0000000000000011
RIP=00000000beca2896 RFL=00000293 [--S-A-C] CPL=0 II=0 A20=1 SMM=0 HLT=0
ES =0030 0000000000000000 ffffffff 00cf9300 DPL=0 DS   [-WA]
CS =0038 0000000000000000 ffffffff 00af9a00 DPL=0 CS64 [-R-]
SS =0030 0000000000000000 ffffffff 00cf9300 DPL=0 DS   [-WA]
DS =0030 0000000000000000 ffffffff 00cf9300 DPL=0 DS   [-WA]
FS =0030 0000000000000000 ffffffff 00cf9300 DPL=0 DS   [-WA]
GS =0030 0000000000000000 ffffffff 00cf9300 DPL=0 DS   [-WA]
LDT=0000 0000000000000000 0000ffff 00008200 DPL=0 LDT
TR =0000 0000000000000000 0000ffff 00008b00 DPL=0 TSS64-busy
GDT=     00000000bf9de000 00000047
IDT=     00000000bf4d2018 00000fff
CR0=80010033 CR2=0000000000000000 CR3=00000000bfc01000 CR4=00000668
DR0=0000000000000000 DR1=0000000000000000 DR2=0000000000000000 DR3=0000000000000000 
DR6=00000000ffff0ff0 DR7=0000000000000400
CCS=0000000000000091 CCD=fffffffffffffffe CCO=EFLAGS
EFER=0000000000000d00
Servicing hardware INT=0x20
   175: v=20 e=0000 i=0 cpl=0 IP=0038:00000000beca28e6 pc=00000000beca28e6 SP=0030:00000000bfec2290 env->regs[R_EAX]=000000000000322a
RAX=000000000000322a RBX=00000000008623d6 RCX=000000000000b008 RDX=000000000000b008
RSI=000000000004baf0 RDI=0000000000000000 RBP=00000000be3c0000 RSP=00000000bfec2290
R8 =000000000085f1ac R9 =00000000000003f6 R10=0000000000000000 R11=0000000000000000
R12=0000000000002710 R13=0000000000000000 R14=00000000be8a23d4 R15=0000000000000011
RIP=00000000beca28e6 RFL=00000202 [-------] CPL=0 II=0 A20=1 SMM=0 HLT=0
ES =0030 0000000000000000 ffffffff 00cf9300 DPL=0 DS   [-WA]
CS =0038 0000000000000000 ffffffff 00af9a00 DPL=0 CS64 [-R-]
SS =0030 0000000000000000 ffffffff 00cf9300 DPL=0 DS   [-WA]
DS =0030 0000000000000000 ffffffff 00cf9300 DPL=0 DS   [-WA]
FS =0030 0000000000000000 ffffffff 00cf9300 DPL=0 DS   [-WA]
GS =0030 0000000000000000 ffffffff 00cf9300 DPL=0 DS   [-WA]
LDT=0000 0000000000000000 0000ffff 00008200 DPL=0 LDT
TR =0000 0000000000000000 0000ffff 00008b00 DPL=0 TSS64-busy
GDT=     00000000bf9de000 00000047
IDT=     00000000bf4d2018 00000fff
CR0=80010033 CR2=0000000000000000 CR3=00000000bfc01000 CR4=00000668
DR0=0000000000000000 DR1=0000000000000000 DR2=0000000000000000 DR3=0000000000000000 
DR6=00000000ffff0ff0 DR7=0000000000000400
CCS=0000000000000000 CCD=000000000000322a CCO=EFLAGS
EFER=0000000000000d00
Servicing hardware INT=0x20
   176: v=20 e=0000 i=0 cpl=0 IP=0038:00000000bfec36b1 pc=00000000bfec36b1 SP=0030:00000000bfec2990 env->regs[R_EAX]=00000000be8d6e18
RAX=00000000be8d6e18 RBX=00000000be8d7da0 RCX=0000000000000010 RDX=00000000be3cd298
RSI=00000000bfec2ab8 RDI=00000000bec23898 RBP=00000000bec23898 RSP=00000000bfec2990
R8 =00000000be3cd018 R9 =0000000000000000 R10=00000000bfee1e49 R11=0000000000000000
R12=00000000bfee87a0 R13=00000000bfee1cc0 R14=00000000bfee1e49 R15=00000000be3cd018
RIP=00000000bfec36b1 RFL=00000287 [--S--PC] CPL=0 II=0 A20=1 SMM=0 HLT=0
ES =0030 0000000000000000 ffffffff 00cf9300 DPL=0 DS   [-WA]
CS =0038 0000000000000000 ffffffff 00af9a00 DPL=0 CS64 [-R-]
SS =0030 0000000000000000 ffffffff 00cf9300 DPL=0 DS   [-WA]
DS =0030 0000000000000000 ffffffff 00cf9300 DPL=0 DS   [-WA]
FS =0030 0000000000000000 ffffffff 00cf9300 DPL=0 DS   [-WA]
GS =0030 0000000000000000 ffffffff 00cf9300 DPL=0 DS   [-WA]
LDT=0000 0000000000000000 0000ffff 00008200 DPL=0 LDT
TR =0000 0000000000000000 0000ffff 00008b00 DPL=0 TSS64-busy
GDT=     00000000bf9de000 00000047
IDT=     00000000bf4d2018 00000fff
CR0=80010033 CR2=0000000000000000 CR3=00000000bfc01000 CR4=00000668
DR0=0000000000000000 DR1=0000000000000000 DR2=0000000000000000 DR3=0000000000000000 
DR6=00000000ffff0ff0 DR7=0000000000000400
CCS=0000000000000085 CCD=fffffffffe9ef600 CCO=EFLAGS
EFER=0000000000000d00
Servicing hardware INT=0x20
   177: v=20 e=0000 i=0 cpl=0 IP=0038:00000000bfec36df pc=00000000bfec36df SP=0030:00000000bfec27c0 env->regs[R_EAX]=00000000be908898
RAX=00000000be908898 RBX=00000000be9088a0 RCX=0000000000000010 RDX=00000000bec8d3d0
RSI=0000000000000000 RDI=00000000bed06398 RBP=00000000bed06398 RSP=00000000bfec27c0
R8 =00000000bfec28a0 R9 =00000000bed06398 R10=00000000bfee1e49 R11=0000000000000000
R12=00000000bfee87a0 R13=00000000bfee1cc0 R14=00000000bfee1e49 R15=00000000bebae318
RIP=00000000bfec36df RFL=00000287 [--S--PC] CPL=0 II=0 A20=1 SMM=0 HLT=0
ES =0030 0000000000000000 ffffffff 00cf9300 DPL=0 DS   [-WA]
CS =0038 0000000000000000 ffffffff 00af9a00 DPL=0 CS64 [-R-]
SS =0030 0000000000000000 ffffffff 00cf9300 DPL=0 DS   [-WA]
DS =0030 0000000000000000 ffffffff 00cf9300 DPL=0 DS   [-WA]
FS =0030 0000000000000000 ffffffff 00cf9300 DPL=0 DS   [-WA]
GS =0030 0000000000000000 ffffffff 00cf9300 DPL=0 DS   [-WA]
LDT=0000 0000000000000000 0000ffff 00008200 DPL=0 LDT
TR =0000 0000000000000000 0000ffff 00008b00 DPL=0 TSS64-busy
GDT=     00000000bf9de000 00000047
IDT=     00000000bf4d2018 00000fff
CR0=80010033 CR2=0000000000000000 CR3=00000000bfc01000 CR4=00000668
DR0=0000000000000000 DR1=0000000000000000 DR2=0000000000000000 DR3=0000000000000000 
DR6=00000000ffff0ff0 DR7=0000000000000400
CCS=0000000000000085 CCD=ffffffffffc02500 CCO=EFLAGS
EFER=0000000000000d00
Servicing hardware INT=0x20
   178: v=20 e=0000 i=0 cpl=0 IP=0038:00000000bfec3e98 pc=00000000bfec3e98 SP=0030:00000000bfec26c0 env->regs[R_EAX]=0000000000000000
RAX=0000000000000000 RBX=0000000000000208 RCX=0000000000000010 RDX=0000000000000010
RSI=0000000000000000 RDI=000000000000000f RBP=0000000000000004 RSP=00000000bfec26c0
R8 =00000000bfec2808 R9 =0000000000000208 R10=00000000bfee1e49 R11=0000000000000000
R12=0000000000000208 R13=0000000000000000 R14=0000000000000000 R15=000000000000000b
RIP=00000000bfec3e98 RFL=00000246 [---Z-P-] CPL=0 II=0 A20=1 SMM=0 HLT=0
ES =0030 0000000000000000 ffffffff 00cf9300 DPL=0 DS   [-WA]
CS =0038 0000000000000000 ffffffff 00af9a00 DPL=0 CS64 [-R-]
SS =0030 0000000000000000 ffffffff 00cf9300 DPL=0 DS   [-WA]
DS =0030 0000000000000000 ffffffff 00cf9300 DPL=0 DS   [-WA]
FS =0030 0000000000000000 ffffffff 00cf9300 DPL=0 DS   [-WA]
GS =0030 0000000000000000 ffffffff 00cf9300 DPL=0 DS   [-WA]
LDT=0000 0000000000000000 0000ffff 00008200 DPL=0 LDT
TR =0000 0000000000000000 0000ffff 00008b00 DPL=0 TSS64-busy
GDT=     00000000bf9de000 00000047
IDT=     00000000bf4d2018 00000fff
CR0=80010033 CR2=0000000000000000 CR3=00000000bfc01000 CR4=00000668
DR0=0000000000000000 DR1=0000000000000000 DR2=0000000000000000 DR3=0000000000000000 
DR6=00000000ffff0ff0 DR7=0000000000000400
CCS=0000000000000044 CCD=0000000000000001 CCO=EFLAGS
EFER=0000000000000d00
Servicing hardware INT=0x20
   179: v=20 e=0000 i=0 cpl=0 IP=0038:00000000bfec36da pc=00000000bfec36da SP=0030:00000000bfec25a0 env->regs[R_EAX]=00000000bed09318
RAX=00000000bed09318 RBX=00000000bed09320 RCX=0000000000000010 RDX=00000000bfee8660
RSI=00000000bfee8660 RDI=00000000bed82218 RBP=00000000bed82218 RSP=00000000bfec25a0
R8 =00000000bfec2708 R9 =00000000bf8eef98 R10=00000000bfee1e49 R11=0000000000000000
R12=00000000bfee87a0 R13=00000000bfee1cc0 R14=00000000bfee1e49 R15=0000000000000000
RIP=00000000bfec36da RFL=00000246 [---Z-P-] CPL=0 II=0 A20=1 SMM=0 HLT=0
ES =0030 0000000000000000 ffffffff 00cf9300 DPL=0 DS   [-WA]
CS =0038 0000000000000000 ffffffff 00af9a00 DPL=0 CS64 [-R-]
SS =0030 0000000000000000 ffffffff 00cf9300 DPL=0 DS   [-WA]
DS =0030 0000000000000000 ffffffff 00cf9300 DPL=0 DS   [-WA]
FS =0030 0000000000000000 ffffffff 00cf9300 DPL=0 DS   [-WA]
GS =0030 0000000000000000 ffffffff 00cf9300 DPL=0 DS   [-WA]
LDT=0000 0000000000000000 0000ffff 00008200 DPL=0 LDT
TR =0000 0000000000000000 0000ffff 00008b00 DPL=0 TSS64-busy
GDT=     00000000bf9de000 00000047
IDT=     00000000bf4d2018 00000fff
CR0=80010033 CR2=0000000000000000 CR3=00000000bfc01000 CR4=00000668
DR0=0000000000000000 DR1=0000000000000000 DR2=0000000000000000 DR3=0000000000000000 
DR6=00000000ffff0ff0 DR7=0000000000000400
CCS=0000000000000044 CCD=0000000000000000 CCO=EFLAGS
EFER=0000000000000d00
Servicing hardware INT=0x20
   180: v=20 e=0000 i=0 cpl=0 IP=0038:00000000bfec36da pc=00000000bfec36da SP=0030:00000000bfec2570 env->regs[R_EAX]=00000000bed07218
RAX=00000000bed07218 RBX=00000000bed07220 RCX=0000000000000010 RDX=00000000bfee8640
RSI=0000000000000000 RDI=00000000bed08d18 RBP=00000000bed08d18 RSP=00000000bfec2570
R8 =00000000bfec26f0 R9 =00000000bf8eef98 R10=00000000bfee9600 R11=0000000000000000
R12=00000000bfee87a0 R13=00000000bfee1cc0 R14=00000000bfee1e49 R15=0000000000000000
RIP=00000000bfec36da RFL=00000246 [---Z-P-] CPL=0 II=0 A20=1 SMM=0 HLT=0
ES =0030 0000000000000000 ffffffff 00cf9300 DPL=0 DS   [-WA]
CS =0038 0000000000000000 ffffffff 00af9a00 DPL=0 CS64 [-R-]
SS =0030 0000000000000000 ffffffff 00cf9300 DPL=0 DS   [-WA]
DS =0030 0000000000000000 ffffffff 00cf9300 DPL=0 DS   [-WA]
FS =0030 0000000000000000 ffffffff 00cf9300 DPL=0 DS   [-WA]
GS =0030 0000000000000000 ffffffff 00cf9300 DPL=0 DS   [-WA]
LDT=0000 0000000000000000 0000ffff 00008200 DPL=0 LDT
TR =0000 0000000000000000 0000ffff 00008b00 DPL=0 TSS64-busy
GDT=     00000000bf9de000 00000047
IDT=     00000000bf4d2018 00000fff
CR0=80010033 CR2=0000000000000000 CR3=00000000bfc01000 CR4=00000668
DR0=0000000000000000 DR1=0000000000000000 DR2=0000000000000000 DR3=0000000000000000 
DR6=00000000ffff0ff0 DR7=0000000000000400
CCS=0000000000000044 CCD=0000000000000000 CCO=EFLAGS
EFER=0000000000000d00
Servicing hardware INT=0x20
   181: v=20 e=0000 i=0 cpl=0 IP=0038:00000000bf089266 pc=00000000bf089266 SP=0030:00000000bfec2528 env->regs[R_EAX]=00000000bf09ce20
RAX=00000000bf09ce20 RBX=0000000000000004 RCX=00000000bf09ce20 RDX=00000000bed721a0
RSI=00000000bed52ba0 RDI=0000000000000001 RBP=00000000bfee3ec5 RSP=00000000bfec2528
R8 =719f1e26090cc0a5 R9 =0000000000000000 R10=00000000bfee1e49 R11=0000000000000000
R12=00000000bfeeaba0 R13=00000000bed88418 R14=00000000bfec2708 R15=0000000000000000
RIP=00000000bf089266 RFL=00000206 [-----P-] CPL=0 II=0 A20=1 SMM=0 HLT=0
ES =0030 0000000000000000 ffffffff 00cf9300 DPL=0 DS   [-WA]
CS =0038 0000000000000000 ffffffff 00af9a00 DPL=0 CS64 [-R-]
SS =0030 0000000000000000 ffffffff 00cf9300 DPL=0 DS   [-WA]
DS =0030 0000000000000000 ffffffff 00cf9300 DPL=0 DS   [-WA]
FS =0030 0000000000000000 ffffffff 00cf9300 DPL=0 DS   [-WA]
GS =0030 0000000000000000 ffffffff 00cf9300 DPL=0 DS   [-WA]
LDT=0000 0000000000000000 0000ffff 00008200 DPL=0 LDT
TR =0000 0000000000000000 0000ffff 00008b00 DPL=0 TSS64-busy
GDT=     00000000bf9de000 00000047
IDT=     00000000bf4d2018 00000fff
CR0=80010033 CR2=0000000000000000 CR3=00000000bfc01000 CR4=00000668
DR0=0000000000000000 DR1=0000000000000000 DR2=0000000000000000 DR3=0000000000000000 
DR6=00000000ffff0ff0 DR7=0000000000000400
CCS=0000000000000004 CCD=00000000bfec2530 CCO=EFLAGS
EFER=0000000000000d00
Servicing hardware INT=0x20
   182: v=20 e=0000 i=0 cpl=0 IP=0038:00000000beb7a335 pc=00000000beb7a335 SP=0030:00000000bfec2610 env->regs[R_EAX]=8000000000000003
RAX=8000000000000003 RBX=00000000beb85ee0 RCX=00000000bf09ce20 RDX=0000000000000010
RSI=0000000000000000 RDI=00000000bfee8601 RBP=0000000000000040 RSP=00000000bfec2610
R8 =54729ad33dd0e381 R9 =00000000becb3918 R10=00000000bfee9600 R11=0000000000000000
R12=00000000be8e2498 R13=00000000be3cd018 R14=00000000beb85ee0 R15=0000000000000000
RIP=00000000beb7a335 RFL=00000202 [-------] CPL=0 II=0 A20=1 SMM=0 HLT=0
ES =0030 0000000000000000 ffffffff 00cf9300 DPL=0 DS   [-WA]
CS =0038 0000000000000000 ffffffff 00af9a00 DPL=0 CS64 [-R-]
SS =0030 0000000000000000 ffffffff 00cf9300 DPL=0 DS   [-WA]
DS =0030 0000000000000000 ffffffff 00cf9300 DPL=0 DS   [-WA]
FS =0030 0000000000000000 ffffffff 00cf9300 DPL=0 DS   [-WA]
GS =0030 0000000000000000 ffffffff 00cf9300 DPL=0 DS   [-WA]
LDT=0000 0000000000000000 0000ffff 00008200 DPL=0 LDT
TR =0000 0000000000000000 0000ffff 00008b00 DPL=0 TSS64-busy
GDT=     00000000bf9de000 00000047
IDT=     00000000bf4d2018 00000fff
CR0=80010033 CR2=0000000000000000 CR3=00000000bfc01000 CR4=00000668
DR0=0000000000000000 DR1=0000000000000000 DR2=0000000000000000 DR3=0000000000000000 
DR6=00000000ffff0ff0 DR7=0000000000000400
CCS=0000000000000000 CCD=00000000bfec25c8 CCO=EFLAGS
EFER=0000000000000d00
Servicing hardware INT=0x20
   183: v=20 e=0000 i=0 cpl=0 IP=0038:00000000bfec55bf pc=00000000bfec55bf SP=0030:00000000bfec2638 env->regs[R_EAX]=8000000000000003
RAX=8000000000000003 RBX=0000000000000010 RCX=00000000becf8608 RDX=0000000000000010
RSI=00000000becf8600 RDI=00000000be8e6098 RBP=0000000000000000 RSP=00000000bfec2638
R8 =4dc13f279000469a R9 =00000000bed82e98 R10=0000000000000000 R11=0000000000000000
R12=00000000bed82e98 R13=00000000be8e6098 R14=00000000bfec2708 R15=00000000be8e6098
RIP=00000000bfec55bf RFL=00000216 [----AP-] CPL=0 II=0 A20=1 SMM=0 HLT=0
ES =0030 0000000000000000 ffffffff 00cf9300 DPL=0 DS   [-WA]
CS =0038 0000000000000000 ffffffff 00af9a00 DPL=0 CS64 [-R-]
SS =0030 0000000000000000 ffffffff 00cf9300 DPL=0 DS   [-WA]
DS =0030 0000000000000000 ffffffff 00cf9300 DPL=0 DS   [-WA]
FS =0030 0000000000000000 ffffffff 00cf9300 DPL=0 DS   [-WA]
GS =0030 0000000000000000 ffffffff 00cf9300 DPL=0 DS   [-WA]
LDT=0000 0000000000000000 0000ffff 00008200 DPL=0 LDT
TR =0000 0000000000000000 0000ffff 00008b00 DPL=0 TSS64-busy
GDT=     00000000bf9de000 00000047
IDT=     00000000bf4d2018 00000fff
CR0=80010033 CR2=0000000000000000 CR3=00000000bfc01000 CR4=00000668
DR0=0000000000000000 DR1=0000000000000000 DR2=0000000000000000 DR3=0000000000000000 
DR6=00000000ffff0ff0 DR7=0000000000000400
CCS=0000000000000014 CCD=000000000000000c CCO=EFLAGS
EFER=0000000000000d00
Servicing hardware INT=0x20
   184: v=20 e=0000 i=0 cpl=0 IP=0038:00000000bfec36da pc=00000000bfec36da SP=0030:00000000bfec2550 env->regs[R_EAX]=00000000be8f9718
RAX=00000000be8f9718 RBX=00000000be8f9720 RCX=0000000000000010 RDX=00000000becfeb10
RSI=0000000000000000 RDI=00000000bed1be18 RBP=00000000bed1be18 RSP=00000000bfec2550
R8 =00000000bfec2638 R9 =00000000bed1be18 R10=0000000000000000 R11=0000000000000000
R12=00000000bfee87a0 R13=00000000bfee1cc0 R14=00000000bfee1e49 R15=00000000be8d4918
RIP=00000000bfec36da RFL=00000246 [---Z-P-] CPL=0 II=0 A20=1 SMM=0 HLT=0
ES =0030 0000000000000000 ffffffff 00cf9300 DPL=0 DS   [-WA]
CS =0038 0000000000000000 ffffffff 00af9a00 DPL=0 CS64 [-R-]
SS =0030 0000000000000000 ffffffff 00cf9300 DPL=0 DS   [-WA]
DS =0030 0000000000000000 ffffffff 00cf9300 DPL=0 DS   [-WA]
FS =0030 0000000000000000 ffffffff 00cf9300 DPL=0 DS   [-WA]
GS =0030 0000000000000000 ffffffff 00cf9300 DPL=0 DS   [-WA]
LDT=0000 0000000000000000 0000ffff 00008200 DPL=0 LDT
TR =0000 0000000000000000 0000ffff 00008b00 DPL=0 TSS64-busy
GDT=     00000000bf9de000 00000047
IDT=     00000000bf4d2018 00000fff
CR0=80010033 CR2=0000000000000000 CR3=00000000bfc01000 CR4=00000668
DR0=0000000000000000 DR1=0000000000000000 DR2=0000000000000000 DR3=0000000000000000 
DR6=00000000ffff0ff0 DR7=0000000000000400
CCS=0000000000000044 CCD=0000000000000000 CCO=EFLAGS
EFER=0000000000000d00
Servicing hardware INT=0x20
   185: v=20 e=0000 i=0 cpl=0 IP=0038:00000000bf089266 pc=00000000bf089266 SP=0030:00000000bfec23a8 env->regs[R_EAX]=00000000bf09ce20
RAX=00000000bf09ce20 RBX=0000000000000004 RCX=00000000bf09ce20 RDX=00000000bf4f3618
RSI=00000000bf4f3618 RDI=0000000000000001 RBP=00000000bfee3ec5 RSP=00000000bfec23a8
R8 =000000000000001a R9 =00000000bf8e98f0 R10=0000000000000000 R11=0000000000000000
R12=00000000bfeeaba0 R13=00000000beb98a60 R14=0000000000000001 R15=00000000bf4dac00
RIP=00000000bf089266 RFL=00000202 [-------] CPL=0 II=0 A20=1 SMM=0 HLT=0
ES =0030 0000000000000000 ffffffff 00cf9300 DPL=0 DS   [-WA]
CS =0038 0000000000000000 ffffffff 00af9a00 DPL=0 CS64 [-R-]
SS =0030 0000000000000000 ffffffff 00cf9300 DPL=0 DS   [-WA]
DS =0030 0000000000000000 ffffffff 00cf9300 DPL=0 DS   [-WA]
FS =0030 0000000000000000 ffffffff 00cf9300 DPL=0 DS   [-WA]
GS =0030 0000000000000000 ffffffff 00cf9300 DPL=0 DS   [-WA]
LDT=0000 0000000000000000 0000ffff 00008200 DPL=0 LDT
TR =0000 0000000000000000 0000ffff 00008b00 DPL=0 TSS64-busy
GDT=     00000000bf9de000 00000047
IDT=     00000000bf4d2018 00000fff
CR0=80010033 CR2=0000000000000000 CR3=00000000bfc01000 CR4=00000668
DR0=0000000000000000 DR1=0000000000000000 DR2=0000000000000000 DR3=0000000000000000 
DR6=00000000ffff0ff0 DR7=0000000000000400
CCS=0000000000000000 CCD=00000000bfec23b0 CCO=EFLAGS
EFER=0000000000000d00
Servicing hardware INT=0x20
   186: v=20 e=0000 i=0 cpl=0 IP=0038:00000000bfec3b86 pc=00000000bfec3b86 SP=0030:00000000bfec2550 env->regs[R_EAX]=00000000bed0a318
RAX=00000000bed0a318 RBX=0000000000000000 RCX=00000000bfec2568 RDX=0000000000001732
RSI=00000000bfec2568 RDI=00000000bfec2570 RBP=00000000bfec2608 RSP=00000000bfec2550
R8 =719f1e26090cc0a5 R9 =0000000000000208 R10=00000000bfee9600 R11=0000000000000000
R12=0000000000000002 R13=0000000000000098 R14=00000000be3cd330 R15=00000000bfec355d
RIP=00000000bfec3b86 RFL=00000297 [--S-APC] CPL=0 II=0 A20=1 SMM=0 HLT=0
ES =0030 0000000000000000 ffffffff 00cf9300 DPL=0 DS   [-WA]
CS =0038 0000000000000000 ffffffff 00af9a00 DPL=0 CS64 [-R-]
SS =0030 0000000000000000 ffffffff 00cf9300 DPL=0 DS   [-WA]
DS =0030 0000000000000000 ffffffff 00cf9300 DPL=0 DS   [-WA]
FS =0030 0000000000000000 ffffffff 00cf9300 DPL=0 DS   [-WA]
GS =0030 0000000000000000 ffffffff 00cf9300 DPL=0 DS   [-WA]
LDT=0000 0000000000000000 0000ffff 00008200 DPL=0 LDT
TR =0000 0000000000000000 0000ffff 00008b00 DPL=0 TSS64-busy
GDT=     00000000bf9de000 00000047
IDT=     00000000bf4d2018 00000fff
CR0=80010033 CR2=0000000000000000 CR3=00000000bfc01000 CR4=00000668
DR0=0000000000000000 DR1=0000000000000000 DR2=0000000000000000 DR3=0000000000000000 
DR6=00000000ffff0ff0 DR7=0000000000000400
CCS=0000000000000095 CCD=ffffffffffffffff CCO=EFLAGS
EFER=0000000000000d00
Servicing hardware INT=0x20
   187: v=20 e=0000 i=0 cpl=0 IP=0038:00000000bfec36da pc=00000000bfec36da SP=0030:00000000bfec2570 env->regs[R_EAX]=00000000becb3498
RAX=00000000becb3498 RBX=00000000becb34a0 RCX=0000000000000010 RDX=00000000bfee8640
RSI=0000000000000000 RDI=00000000becc2398 RBP=00000000becc2398 RSP=00000000bfec2570
R8 =00000000bfec26f0 R9 =00000000bf8eef98 R10=00000000bfee9600 R11=0000000000000000
R12=00000000bfee87a0 R13=00000000bfee1cc0 R14=00000000bfee1e49 R15=0000000000000000
RIP=00000000bfec36da RFL=00000246 [---Z-P-] CPL=0 II=0 A20=1 SMM=0 HLT=0
ES =0030 0000000000000000 ffffffff 00cf9300 DPL=0 DS   [-WA]
CS =0038 0000000000000000 ffffffff 00af9a00 DPL=0 CS64 [-R-]
SS =0030 0000000000000000 ffffffff 00cf9300 DPL=0 DS   [-WA]
DS =0030 0000000000000000 ffffffff 00cf9300 DPL=0 DS   [-WA]
FS =0030 0000000000000000 ffffffff 00cf9300 DPL=0 DS   [-WA]
GS =0030 0000000000000000 ffffffff 00cf9300 DPL=0 DS   [-WA]
LDT=0000 0000000000000000 0000ffff 00008200 DPL=0 LDT
TR =0000 0000000000000000 0000ffff 00008b00 DPL=0 TSS64-busy
GDT=     00000000bf9de000 00000047
IDT=     00000000bf4d2018 00000fff
CR0=80010033 CR2=0000000000000000 CR3=00000000bfc01000 CR4=00000668
DR0=0000000000000000 DR1=0000000000000000 DR2=0000000000000000 DR3=0000000000000000 
DR6=00000000ffff0ff0 DR7=0000000000000400
CCS=0000000000000044 CCD=0000000000000000 CCO=EFLAGS
EFER=0000000000000d00
Servicing hardware INT=0x20
   188: v=20 e=0000 i=0 cpl=0 IP=0038:00000000bfec36da pc=00000000bfec36da SP=0030:00000000bfec2530 env->regs[R_EAX]=00000000be862a18
RAX=00000000be862a18 RBX=00000000be862a20 RCX=0000000000000010 RDX=00000000bfee8640
RSI=00000000bfee8640 RDI=00000000becb2898 RBP=00000000becb2898 RSP=00000000bfec2530
R8 =00000000bfec26f0 R9 =00000000bf8eef98 R10=00000000bfee9600 R11=0000000000000000
R12=00000000bfee87a0 R13=00000000bfee1cc0 R14=00000000bfee1e49 R15=0000000000000000
RIP=00000000bfec36da RFL=00000246 [---Z-P-] CPL=0 II=0 A20=1 SMM=0 HLT=0
ES =0030 0000000000000000 ffffffff 00cf9300 DPL=0 DS   [-WA]
CS =0038 0000000000000000 ffffffff 00af9a00 DPL=0 CS64 [-R-]
SS =0030 0000000000000000 ffffffff 00cf9300 DPL=0 DS   [-WA]
DS =0030 0000000000000000 ffffffff 00cf9300 DPL=0 DS   [-WA]
FS =0030 0000000000000000 ffffffff 00cf9300 DPL=0 DS   [-WA]
GS =0030 0000000000000000 ffffffff 00cf9300 DPL=0 DS   [-WA]
LDT=0000 0000000000000000 0000ffff 00008200 DPL=0 LDT
TR =0000 0000000000000000 0000ffff 00008b00 DPL=0 TSS64-busy
GDT=     00000000bf9de000 00000047
IDT=     00000000bf4d2018 00000fff
CR0=80010033 CR2=0000000000000000 CR3=00000000bfc01000 CR4=00000668
DR0=0000000000000000 DR1=0000000000000000 DR2=0000000000000000 DR3=0000000000000000 
DR6=00000000ffff0ff0 DR7=0000000000000400
CCS=0000000000000044 CCD=0000000000000000 CCO=EFLAGS
EFER=0000000000000d00
Servicing hardware INT=0x20
   189: v=20 e=0000 i=0 cpl=0 IP=0038:00000000bfec36df pc=00000000bfec36df SP=0030:00000000bfec28c0 env->regs[R_EAX]=00000000be90eb18
RAX=00000000be90eb18 RBX=00000000be90eb20 RCX=0000000000000010 RDX=00000000bed206f0
RSI=0000000000000000 RDI=00000000bebdff98 RBP=00000000bebdff98 RSP=00000000bfec28c0
R8 =00000000bfec29a8 R9 =00000000bed2a698 R10=00000000bfee1e49 R11=0000000000000030
R12=00000000bfee87a0 R13=00000000bfee1cc0 R14=00000000bfee1e49 R15=00000000bebdff98
RIP=00000000bfec36df RFL=00000283 [--S---C] CPL=0 II=0 A20=1 SMM=0 HLT=0
ES =0030 0000000000000000 ffffffff 00cf9300 DPL=0 DS   [-WA]
CS =0038 0000000000000000 ffffffff 00af9a00 DPL=0 CS64 [-R-]
SS =0030 0000000000000000 ffffffff 00cf9300 DPL=0 DS   [-WA]
DS =0030 0000000000000000 ffffffff 00cf9300 DPL=0 DS   [-WA]
FS =0030 0000000000000000 ffffffff 00cf9300 DPL=0 DS   [-WA]
GS =0030 0000000000000000 ffffffff 00cf9300 DPL=0 DS   [-WA]
LDT=0000 0000000000000000 0000ffff 00008200 DPL=0 LDT
TR =0000 0000000000000000 0000ffff 00008b00 DPL=0 TSS64-busy
GDT=     00000000bf9de000 00000047
IDT=     00000000bf4d2018 00000fff
CR0=80010033 CR2=0000000000000000 CR3=00000000bfc01000 CR4=00000668
DR0=0000000000000000 DR1=0000000000000000 DR2=0000000000000000 DR3=0000000000000000 
DR6=00000000ffff0ff0 DR7=0000000000000400
CCS=0000000000000081 CCD=ffffffffffd2eb80 CCO=EFLAGS
EFER=0000000000000d00
Servicing hardware INT=0x20
   190: v=20 e=0000 i=0 cpl=0 IP=0038:00000000bfec48d6 pc=00000000bfec48d6 SP=0030:00000000bfec2900 env->regs[R_EAX]=8000000000000003
RAX=8000000000000003 RBX=00000000bfee8610 RCX=00000000becf8508 RDX=0000000000000010
RSI=00000000becf8500 RDI=00000000bfee8610 RBP=0000000000000000 RSP=00000000bfec2900
R8 =432a990459f2159b R9 =00000000bed82218 R10=00000000bfee1e49 R11=0000000000000030
R12=00000000bed82218 R13=00000000bebdf918 R14=00000000bfec29d8 R15=00000000bebdf918
RIP=00000000bfec48d6 RFL=00000246 [---Z-P-] CPL=0 II=0 A20=1 SMM=0 HLT=0
ES =0030 0000000000000000 ffffffff 00cf9300 DPL=0 DS   [-WA]
CS =0038 0000000000000000 ffffffff 00af9a00 DPL=0 CS64 [-R-]
SS =0030 0000000000000000 ffffffff 00cf9300 DPL=0 DS   [-WA]
DS =0030 0000000000000000 ffffffff 00cf9300 DPL=0 DS   [-WA]
FS =0030 0000000000000000 ffffffff 00cf9300 DPL=0 DS   [-WA]
GS =0030 0000000000000000 ffffffff 00cf9300 DPL=0 DS   [-WA]
LDT=0000 0000000000000000 0000ffff 00008200 DPL=0 LDT
TR =0000 0000000000000000 0000ffff 00008b00 DPL=0 TSS64-busy
GDT=     00000000bf9de000 00000047
IDT=     00000000bf4d2018 00000fff
CR0=80010033 CR2=0000000000000000 CR3=00000000bfc01000 CR4=00000668
DR0=0000000000000000 DR1=0000000000000000 DR2=0000000000000000 DR3=0000000000000000 
DR6=00000000ffff0ff0 DR7=0000000000000400
CCS=0000000000000044 CCD=0000000000000000 CCO=EFLAGS
EFER=0000000000000d00
Servicing hardware INT=0x20
   191: v=20 e=0000 i=0 cpl=0 IP=0038:00000000bf089266 pc=00000000bf089266 SP=0030:00000000bfec2878 env->regs[R_EAX]=00000000bf09ce20
RAX=00000000bf09ce20 RBX=0000000000000004 RCX=00000000bf09ce20 RDX=0000000000000010
RSI=00000000bfee8640 RDI=0000000000000001 RBP=00000000bfee3ec5 RSP=00000000bfec2878
R8 =a7663792a404f891 R9 =00000000bf8eef98 R10=00000000bfee9600 R11=0000000000000000
R12=00000000bfeeaba0 R13=00000000bed48c98 R14=00000000bfec2ab0 R15=0000000000000000
RIP=00000000bf089266 RFL=00000202 [-------] CPL=0 II=0 A20=1 SMM=0 HLT=0
ES =0030 0000000000000000 ffffffff 00cf9300 DPL=0 DS   [-WA]
CS =0038 0000000000000000 ffffffff 00af9a00 DPL=0 CS64 [-R-]
SS =0030 0000000000000000 ffffffff 00cf9300 DPL=0 DS   [-WA]
DS =0030 0000000000000000 ffffffff 00cf9300 DPL=0 DS   [-WA]
FS =0030 0000000000000000 ffffffff 00cf9300 DPL=0 DS   [-WA]
GS =0030 0000000000000000 ffffffff 00cf9300 DPL=0 DS   [-WA]
LDT=0000 0000000000000000 0000ffff 00008200 DPL=0 LDT
TR =0000 0000000000000000 0000ffff 00008b00 DPL=0 TSS64-busy
GDT=     00000000bf9de000 00000047
IDT=     00000000bf4d2018 00000fff
CR0=80010033 CR2=0000000000000000 CR3=00000000bfc01000 CR4=00000668
DR0=0000000000000000 DR1=0000000000000000 DR2=0000000000000000 DR3=0000000000000000 
DR6=00000000ffff0ff0 DR7=0000000000000400
CCS=0000000000000000 CCD=00000000bfec2880 CCO=EFLAGS
EFER=0000000000000d00
Servicing hardware INT=0x20
   192: v=20 e=0000 i=0 cpl=0 IP=0038:00000000bfec36da pc=00000000bfec36da SP=0030:00000000bfec25e0 env->regs[R_EAX]=00000000be8e5698
RAX=00000000be8e5698 RBX=00000000be8e56a0 RCX=0000000000000010 RDX=00000000bfee8660
RSI=00000000bfec27e8 RDI=00000000bed82698 RBP=00000000bed82698 RSP=00000000bfec25e0
R8 =00000000bfec2708 R9 =00000000bf8eef98 R10=00000000bfee1e49 R11=0000000000000000
R12=00000000bfee87a0 R13=00000000bfee1cc0 R14=00000000bfee1e49 R15=0000000000000000
RIP=00000000bfec36da RFL=00000246 [---Z-P-] CPL=0 II=0 A20=1 SMM=0 HLT=0
ES =0030 0000000000000000 ffffffff 00cf9300 DPL=0 DS   [-WA]
CS =0038 0000000000000000 ffffffff 00af9a00 DPL=0 CS64 [-R-]
SS =0030 0000000000000000 ffffffff 00cf9300 DPL=0 DS   [-WA]
DS =0030 0000000000000000 ffffffff 00cf9300 DPL=0 DS   [-WA]
FS =0030 0000000000000000 ffffffff 00cf9300 DPL=0 DS   [-WA]
GS =0030 0000000000000000 ffffffff 00cf9300 DPL=0 DS   [-WA]
LDT=0000 0000000000000000 0000ffff 00008200 DPL=0 LDT
TR =0000 0000000000000000 0000ffff 00008b00 DPL=0 TSS64-busy
GDT=     00000000bf9de000 00000047
IDT=     00000000bf4d2018 00000fff
CR0=80010033 CR2=0000000000000000 CR3=00000000bfc01000 CR4=00000668
DR0=0000000000000000 DR1=0000000000000000 DR2=0000000000000000 DR3=0000000000000000 
DR6=00000000ffff0ff0 DR7=0000000000000400
CCS=0000000000000044 CCD=0000000000000000 CCO=EFLAGS
EFER=0000000000000d00
Servicing hardware INT=0x20
   193: v=20 e=0000 i=0 cpl=0 IP=0038:00000000bf089266 pc=00000000bf089266 SP=0030:00000000bfec2708 env->regs[R_EAX]=00000000bf09ce20
RAX=00000000bf09ce20 RBX=0000000000000004 RCX=00000000bf09ce20 RDX=0000000000000010
RSI=00000000beb06d40 RDI=0000000000000001 RBP=00000000bfee3ec5 RSP=00000000bfec2708
R8 =9a02503f3eb2ec9e R9 =00000000bec23098 R10=0000000000000000 R11=0000000000000000
R12=00000000bfeeaba0 R13=00000000bed80f18 R14=00000000bfec28a8 R15=00000000bed80f18
RIP=00000000bf089266 RFL=00000202 [-------] CPL=0 II=0 A20=1 SMM=0 HLT=0
ES =0030 0000000000000000 ffffffff 00cf9300 DPL=0 DS   [-WA]
CS =0038 0000000000000000 ffffffff 00af9a00 DPL=0 CS64 [-R-]
SS =0030 0000000000000000 ffffffff 00cf9300 DPL=0 DS   [-WA]
DS =0030 0000000000000000 ffffffff 00cf9300 DPL=0 DS   [-WA]
FS =0030 0000000000000000 ffffffff 00cf9300 DPL=0 DS   [-WA]
GS =0030 0000000000000000 ffffffff 00cf9300 DPL=0 DS   [-WA]
LDT=0000 0000000000000000 0000ffff 00008200 DPL=0 LDT
TR =0000 0000000000000000 0000ffff 00008b00 DPL=0 TSS64-busy
GDT=     00000000bf9de000 00000047
IDT=     00000000bf4d2018 00000fff
CR0=80010033 CR2=0000000000000000 CR3=00000000bfc01000 CR4=00000668
DR0=0000000000000000 DR1=0000000000000000 DR2=0000000000000000 DR3=0000000000000000 
DR6=00000000ffff0ff0 DR7=0000000000000400
CCS=0000000000000000 CCD=00000000bfec2710 CCO=EFLAGS
EFER=0000000000000d00
Servicing hardware INT=0x20
   194: v=20 e=0000 i=0 cpl=0 IP=0038:00000000bfec9119 pc=00000000bfec9119 SP=0030:00000000bfec27e0 env->regs[R_EAX]=000000000000003c
RAX=000000000000003c RBX=0000000000000041 RCX=00000000beb0cfa0 RDX=000000000000001f
RSI=000000000000003c RDI=00000000bfee8610 RBP=00000000becace98 RSP=00000000bfec27e0
R8 =719f1e26090cc0a5 R9 =0000000000000000 R10=00000000bfee1e49 R11=0000000000000000
R12=00000000bfec28d8 R13=00000000be3cd018 R14=0000000000000000 R15=00000000be3cd298
RIP=00000000bfec9119 RFL=00000203 [------C] CPL=0 II=0 A20=1 SMM=0 HLT=0
ES =0030 0000000000000000 ffffffff 00cf9300 DPL=0 DS   [-WA]
CS =0038 0000000000000000 ffffffff 00af9a00 DPL=0 CS64 [-R-]
SS =0030 0000000000000000 ffffffff 00cf9300 DPL=0 DS   [-WA]
DS =0030 0000000000000000 ffffffff 00cf9300 DPL=0 DS   [-WA]
FS =0030 0000000000000000 ffffffff 00cf9300 DPL=0 DS   [-WA]
GS =0030 0000000000000000 ffffffff 00cf9300 DPL=0 DS   [-WA]
LDT=0000 0000000000000000 0000ffff 00008200 DPL=0 LDT
TR =0000 0000000000000000 0000ffff 00008b00 DPL=0 TSS64-busy
GDT=     00000000bf9de000 00000047
IDT=     00000000bf4d2018 00000fff
CR0=80010033 CR2=0000000000000000 CR3=00000000bfc01000 CR4=00000668
DR0=0000000000000000 DR1=0000000000000000 DR2=0000000000000000 DR3=0000000000000000 
DR6=00000000ffff0ff0 DR7=0000000000000400
CCS=0000000000000001 CCD=000000000000001f CCO=EFLAGS
EFER=0000000000000d00
Servicing hardware INT=0x20
   195: v=20 e=0000 i=0 cpl=0 IP=0038:00000000bfec36da pc=00000000bfec36da SP=0030:00000000bfec2990 env->regs[R_EAX]=00000000bebdff98
RAX=00000000bebdff98 RBX=00000000bebdffa0 RCX=0000000000000010 RDX=00000000be3cd018
RSI=00000000bfec2ab8 RDI=00000000bed88418 RBP=00000000bed88418 RSP=00000000bfec2990
R8 =00000000be3cd298 R9 =0000000000000000 R10=00000000bfee1e49 R11=0000000000000000
R12=00000000bfee87a0 R13=00000000bfee1cc0 R14=00000000bfee1e49 R15=00000000be3cd298
RIP=00000000bfec36da RFL=00000246 [---Z-P-] CPL=0 II=0 A20=1 SMM=0 HLT=0
ES =0030 0000000000000000 ffffffff 00cf9300 DPL=0 DS   [-WA]
CS =0038 0000000000000000 ffffffff 00af9a00 DPL=0 CS64 [-R-]
SS =0030 0000000000000000 ffffffff 00cf9300 DPL=0 DS   [-WA]
DS =0030 0000000000000000 ffffffff 00cf9300 DPL=0 DS   [-WA]
FS =0030 0000000000000000 ffffffff 00cf9300 DPL=0 DS   [-WA]
GS =0030 0000000000000000 ffffffff 00cf9300 DPL=0 DS   [-WA]
LDT=0000 0000000000000000 0000ffff 00008200 DPL=0 LDT
TR =0000 0000000000000000 0000ffff 00008b00 DPL=0 TSS64-busy
GDT=     00000000bf9de000 00000047
IDT=     00000000bf4d2018 00000fff
CR0=80010033 CR2=0000000000000000 CR3=00000000bfc01000 CR4=00000668
DR0=0000000000000000 DR1=0000000000000000 DR2=0000000000000000 DR3=0000000000000000 
DR6=00000000ffff0ff0 DR7=0000000000000400
CCS=0000000000000044 CCD=0000000000000000 CCO=EFLAGS
EFER=0000000000000d00
Servicing hardware INT=0x20
   196: v=20 e=0000 i=0 cpl=0 IP=0038:00000000bfec3711 pc=00000000bfec3711 SP=0030:00000000bfec2800 env->regs[R_EAX]=0000000000000000
RAX=0000000000000000 RBX=0000000000000010 RCX=0000000000000010 RDX=00000000beb1b2c0
RSI=00000000beb1b2c0 RDI=00000000be8e5d98 RBP=00000000be8e5d98 RSP=00000000bfec2800
R8 =00000000bfec28f8 R9 =00000000becaee18 R10=0000000000000000 R11=0000000000000000
R12=00000000becaee18 R13=00000000beb1b2c0 R14=00000000bfec28f8 R15=00000000be8e5d98
RIP=00000000bfec3711 RFL=00000246 [---Z-P-] CPL=0 II=0 A20=1 SMM=0 HLT=0
ES =0030 0000000000000000 ffffffff 00cf9300 DPL=0 DS   [-WA]
CS =0038 0000000000000000 ffffffff 00af9a00 DPL=0 CS64 [-R-]
SS =0030 0000000000000000 ffffffff 00cf9300 DPL=0 DS   [-WA]
DS =0030 0000000000000000 ffffffff 00cf9300 DPL=0 DS   [-WA]
FS =0030 0000000000000000 ffffffff 00cf9300 DPL=0 DS   [-WA]
GS =0030 0000000000000000 ffffffff 00cf9300 DPL=0 DS   [-WA]
LDT=0000 0000000000000000 0000ffff 00008200 DPL=0 LDT
TR =0000 0000000000000000 0000ffff 00008b00 DPL=0 TSS64-busy
GDT=     00000000bf9de000 00000047
IDT=     00000000bf4d2018 00000fff
CR0=80010033 CR2=0000000000000000 CR3=00000000bfc01000 CR4=00000668
DR0=0000000000000000 DR1=0000000000000000 DR2=0000000000000000 DR3=0000000000000000 
DR6=00000000ffff0ff0 DR7=0000000000000400
CCS=0000000000000044 CCD=0000000000000000 CCO=EFLAGS
EFER=0000000000000d00
Servicing hardware INT=0x20
   197: v=20 e=0000 i=0 cpl=0 IP=0038:00000000bfec36a0 pc=00000000bfec36a0 SP=0030:00000000bfec25d0 env->regs[R_EAX]=00000000bebdfe18
RAX=00000000bebdfe18 RBX=00000000bebdffa0 RCX=0000000000000010 RDX=00000000be3cd298
RSI=00000000bfec26f8 RDI=00000000bed09c18 RBP=00000000bed09c18 RSP=00000000bfec25d0
R8 =00000000be3cd018 R9 =0000000000000000 R10=00000000bfee1e49 R11=0000000000000000
R12=00000000bfee87a0 R13=00000000bfee1cc0 R14=00000000bfee1e49 R15=00000000be3cd018
RIP=00000000bfec36a0 RFL=00000287 [--S--PC] CPL=0 II=0 A20=1 SMM=0 HLT=0
ES =0030 0000000000000000 ffffffff 00cf9300 DPL=0 DS   [-WA]
CS =0038 0000000000000000 ffffffff 00af9a00 DPL=0 CS64 [-R-]
SS =0030 0000000000000000 ffffffff 00cf9300 DPL=0 DS   [-WA]
DS =0030 0000000000000000 ffffffff 00cf9300 DPL=0 DS   [-WA]
FS =0030 0000000000000000 ffffffff 00cf9300 DPL=0 DS   [-WA]
GS =0030 0000000000000000 ffffffff 00cf9300 DPL=0 DS   [-WA]
LDT=0000 0000000000000000 0000ffff 00008200 DPL=0 LDT
TR =0000 0000000000000000 0000ffff 00008b00 DPL=0 TSS64-busy
GDT=     00000000bf9de000 00000047
IDT=     00000000bf4d2018 00000fff
CR0=80010033 CR2=0000000000000000 CR3=00000000bfc01000 CR4=00000668
DR0=0000000000000000 DR1=0000000000000000 DR2=0000000000000000 DR3=0000000000000000 
DR6=00000000ffff0ff0 DR7=0000000000000400
CCS=0000000000000085 CCD=ffffffffffed6200 CCO=EFLAGS
EFER=0000000000000d00
Servicing hardware INT=0x20
   198: v=20 e=0000 i=0 cpl=0 IP=0038:00000000bfec36da pc=00000000bfec36da SP=0030:00000000bfec27b0 env->regs[R_EAX]=00000000be8e0898
RAX=00000000be8e0898 RBX=00000000be8e08a0 RCX=0000000000000010 RDX=00000000be3cd298
RSI=00000000bfec28d8 RDI=00000000bece5e18 RBP=00000000bece5e18 RSP=00000000bfec27b0
R8 =00000000be3cd018 R9 =0000000000000000 R10=00000000bfee1e49 R11=0000000000000000
R12=00000000bfee87a0 R13=00000000bfee1cc0 R14=00000000bfee1e49 R15=00000000be3cd018
RIP=00000000bfec36da RFL=00000246 [---Z-P-] CPL=0 II=0 A20=1 SMM=0 HLT=0
ES =0030 0000000000000000 ffffffff 00cf9300 DPL=0 DS   [-WA]
CS =0038 0000000000000000 ffffffff 00af9a00 DPL=0 CS64 [-R-]
SS =0030 0000000000000000 ffffffff 00cf9300 DPL=0 DS   [-WA]
DS =0030 0000000000000000 ffffffff 00cf9300 DPL=0 DS   [-WA]
FS =0030 0000000000000000 ffffffff 00cf9300 DPL=0 DS   [-WA]
GS =0030 0000000000000000 ffffffff 00cf9300 DPL=0 DS   [-WA]
LDT=0000 0000000000000000 0000ffff 00008200 DPL=0 LDT
TR =0000 0000000000000000 0000ffff 00008b00 DPL=0 TSS64-busy
GDT=     00000000bf9de000 00000047
IDT=     00000000bf4d2018 00000fff
CR0=80010033 CR2=0000000000000000 CR3=00000000bfc01000 CR4=00000668
DR0=0000000000000000 DR1=0000000000000000 DR2=0000000000000000 DR3=0000000000000000 
DR6=00000000ffff0ff0 DR7=0000000000000400
CCS=0000000000000044 CCD=0000000000000000 CCO=EFLAGS
EFER=0000000000000d00
Servicing hardware INT=0x20
   199: v=20 e=0000 i=0 cpl=0 IP=0038:00000000bfec36da pc=00000000bfec36da SP=0030:00000000bfec25e0 env->regs[R_EAX]=00000000bece5e18
RAX=00000000bece5e18 RBX=00000000bece5e20 RCX=0000000000000010 RDX=00000000bfee8660
RSI=00000000bfec27e8 RDI=00000000bed7f318 RBP=00000000bed7f318 RSP=00000000bfec25e0
R8 =00000000bfec2708 R9 =00000000bf8eef98 R10=00000000bfee1e49 R11=0000000000000000
R12=00000000bfee87a0 R13=00000000bfee1cc0 R14=00000000bfee1e49 R15=0000000000000000
RIP=00000000bfec36da RFL=00000246 [---Z-P-] CPL=0 II=0 A20=1 SMM=0 HLT=0
ES =0030 0000000000000000 ffffffff 00cf9300 DPL=0 DS   [-WA]
CS =0038 0000000000000000 ffffffff 00af9a00 DPL=0 CS64 [-R-]
SS =0030 0000000000000000 ffffffff 00cf9300 DPL=0 DS   [-WA]
DS =0030 0000000000000000 ffffffff 00cf9300 DPL=0 DS   [-WA]
FS =0030 0000000000000000 ffffffff 00cf9300 DPL=0 DS   [-WA]
GS =0030 0000000000000000 ffffffff 00cf9300 DPL=0 DS   [-WA]
LDT=0000 0000000000000000 0000ffff 00008200 DPL=0 LDT
TR =0000 0000000000000000 0000ffff 00008b00 DPL=0 TSS64-busy
GDT=     00000000bf9de000 00000047
IDT=     00000000bf4d2018 00000fff
CR0=80010033 CR2=0000000000000000 CR3=00000000bfc01000 CR4=00000668
DR0=0000000000000000 DR1=0000000000000000 DR2=0000000000000000 DR3=0000000000000000 
DR6=00000000ffff0ff0 DR7=0000000000000400
CCS=0000000000000044 CCD=0000000000000000 CCO=EFLAGS
EFER=0000000000000d00
Servicing hardware INT=0x20
   200: v=20 e=0000 i=0 cpl=0 IP=0038:00000000bfec913a pc=00000000bfec913a SP=0030:00000000bfec26f0 env->regs[R_EAX]=0000000000000033
RAX=0000000000000033 RBX=0000000000000041 RCX=00000000beb79960 RDX=0000000000000032
RSI=0000000000000032 RDI=00000000bfee8610 RBP=00000000becb1b18 RSP=00000000bfec26f0
R8 =719f1e26090cc0a5 R9 =0000000000000000 R10=00000000bfee1e49 R11=0000000000000000
R12=00000000bfec27e8 R13=00000000be3cd298 R14=0000000000000000 R15=00000000be3cd018
RIP=00000000bfec913a RFL=00000206 [-----P-] CPL=0 II=0 A20=1 SMM=0 HLT=0
ES =0030 0000000000000000 ffffffff 00cf9300 DPL=0 DS   [-WA]
CS =0038 0000000000000000 ffffffff 00af9a00 DPL=0 CS64 [-R-]
SS =0030 0000000000000000 ffffffff 00cf9300 DPL=0 DS   [-WA]
DS =0030 0000000000000000 ffffffff 00cf9300 DPL=0 DS   [-WA]
FS =0030 0000000000000000 ffffffff 00cf9300 DPL=0 DS   [-WA]
GS =0030 0000000000000000 ffffffff 00cf9300 DPL=0 DS   [-WA]
LDT=0000 0000000000000000 0000ffff 00008200 DPL=0 LDT
TR =0000 0000000000000000 0000ffff 00008b00 DPL=0 TSS64-busy
GDT=     00000000bf9de000 00000047
IDT=     00000000bf4d2018 00000fff
CR0=80010033 CR2=0000000000000000 CR3=00000000bfc01000 CR4=00000668
DR0=0000000000000000 DR1=0000000000000000 DR2=0000000000000000 DR3=0000000000000000 
DR6=00000000ffff0ff0 DR7=0000000000000400
CCS=0000000000000004 CCD=0000000000000033 CCO=EFLAGS
EFER=0000000000000d00
Servicing hardware INT=0x20
   201: v=20 e=0000 i=0 cpl=0 IP=0038:00000000bfec36da pc=00000000bfec36da SP=0030:00000000bfec27d0 env->regs[R_EAX]=00000000be89ae98
RAX=00000000be89ae98 RBX=00000000be89aea0 RCX=0000000000000010 RDX=00000000bed206f0
RSI=0000000000000000 RDI=00000000bed2a698 RBP=00000000bed2a698 RSP=00000000bfec27d0
R8 =00000000bfec28b8 R9 =00000000bed2a698 R10=0000000000000000 R11=0000000000000000
R12=00000000bfee87a0 R13=00000000bfee1cc0 R14=00000000bfee1e49 R15=00000000be915918
RIP=00000000bfec36da RFL=00000246 [---Z-P-] CPL=0 II=0 A20=1 SMM=0 HLT=0
ES =0030 0000000000000000 ffffffff 00cf9300 DPL=0 DS   [-WA]
CS =0038 0000000000000000 ffffffff 00af9a00 DPL=0 CS64 [-R-]
SS =0030 0000000000000000 ffffffff 00cf9300 DPL=0 DS   [-WA]
DS =0030 0000000000000000 ffffffff 00cf9300 DPL=0 DS   [-WA]
FS =0030 0000000000000000 ffffffff 00cf9300 DPL=0 DS   [-WA]
GS =0030 0000000000000000 ffffffff 00cf9300 DPL=0 DS   [-WA]
LDT=0000 0000000000000000 0000ffff 00008200 DPL=0 LDT
TR =0000 0000000000000000 0000ffff 00008b00 DPL=0 TSS64-busy
GDT=     00000000bf9de000 00000047
IDT=     00000000bf4d2018 00000fff
CR0=80010033 CR2=0000000000000000 CR3=00000000bfc01000 CR4=00000668
DR0=0000000000000000 DR1=0000000000000000 DR2=0000000000000000 DR3=0000000000000000 
DR6=00000000ffff0ff0 DR7=0000000000000400
CCS=0000000000000044 CCD=0000000000000000 CCO=EFLAGS
EFER=0000000000000d00
Servicing hardware INT=0x20
   202: v=20 e=0000 i=0 cpl=0 IP=0038:00000000bfec36da pc=00000000bfec36da SP=0030:00000000bfec25e0 env->regs[R_EAX]=00000000becaf018
RAX=00000000becaf018 RBX=00000000becaf020 RCX=0000000000000010 RDX=00000000bfee8660
RSI=00000000bfec27e8 RDI=00000000becb3918 RBP=00000000becb3918 RSP=00000000bfec25e0
R8 =00000000bfec2708 R9 =00000000bf8eef98 R10=00000000bfee1e49 R11=0000000000000000
R12=00000000bfee87a0 R13=00000000bfee1cc0 R14=00000000bfee1e49 R15=0000000000000000
RIP=00000000bfec36da RFL=00000246 [---Z-P-] CPL=0 II=0 A20=1 SMM=0 HLT=0
ES =0030 0000000000000000 ffffffff 00cf9300 DPL=0 DS   [-WA]
CS =0038 0000000000000000 ffffffff 00af9a00 DPL=0 CS64 [-R-]
SS =0030 0000000000000000 ffffffff 00cf9300 DPL=0 DS   [-WA]
DS =0030 0000000000000000 ffffffff 00cf9300 DPL=0 DS   [-WA]
FS =0030 0000000000000000 ffffffff 00cf9300 DPL=0 DS   [-WA]
GS =0030 0000000000000000 ffffffff 00cf9300 DPL=0 DS   [-WA]
LDT=0000 0000000000000000 0000ffff 00008200 DPL=0 LDT
TR =0000 0000000000000000 0000ffff 00008b00 DPL=0 TSS64-busy
GDT=     00000000bf9de000 00000047
IDT=     00000000bf4d2018 00000fff
CR0=80010033 CR2=0000000000000000 CR3=00000000bfc01000 CR4=00000668
DR0=0000000000000000 DR1=0000000000000000 DR2=0000000000000000 DR3=0000000000000000 
DR6=00000000ffff0ff0 DR7=0000000000000400
CCS=0000000000000044 CCD=0000000000000000 CCO=EFLAGS
EFER=0000000000000d00
Servicing hardware INT=0x20
   203: v=20 e=0000 i=0 cpl=0 IP=0038:00000000bfec5915 pc=00000000bfec5915 SP=0030:00000000bfec26c0 env->regs[R_EAX]=00000000be3cd018
RAX=00000000be3cd018 RBX=00000000bfec27d0 RCX=00000000bfed4a31 RDX=8000000000000005
RSI=00000000bfec2658 RDI=00000000bfec2660 RBP=0000000000000002 RSP=00000000bfec26c0
R8 =0000000000000004 R9 =0000000000000208 R10=00000000bfee1e49 R11=0000000000000000
R12=00000000bfee8660 R13=0000000000000000 R14=00000000bfec27d8 R15=00000000bfec26f8
RIP=00000000bfec5915 RFL=00000202 [-------] CPL=0 II=0 A20=1 SMM=0 HLT=0
ES =0030 0000000000000000 ffffffff 00cf9300 DPL=0 DS   [-WA]
CS =0038 0000000000000000 ffffffff 00af9a00 DPL=0 CS64 [-R-]
SS =0030 0000000000000000 ffffffff 00cf9300 DPL=0 DS   [-WA]
DS =0030 0000000000000000 ffffffff 00cf9300 DPL=0 DS   [-WA]
FS =0030 0000000000000000 ffffffff 00cf9300 DPL=0 DS   [-WA]
GS =0030 0000000000000000 ffffffff 00cf9300 DPL=0 DS   [-WA]
LDT=0000 0000000000000000 0000ffff 00008200 DPL=0 LDT
TR =0000 0000000000000000 0000ffff 00008b00 DPL=0 TSS64-busy
GDT=     00000000bf9de000 00000047
IDT=     00000000bf4d2018 00000fff
CR0=80010033 CR2=0000000000000000 CR3=00000000bfc01000 CR4=00000668
DR0=0000000000000000 DR1=0000000000000000 DR2=0000000000000000 DR3=0000000000000000 
DR6=00000000ffff0ff0 DR7=0000000000000400
CCS=0000000000000000 CCD=00000000bfec2698 CCO=EFLAGS
EFER=0000000000000d00
Servicing hardware INT=0x20
   204: v=20 e=0000 i=0 cpl=0 IP=0038:00000000bfec36a0 pc=00000000bfec36a0 SP=0030:00000000bfec27b0 env->regs[R_EAX]=00000000be8fda18
RAX=00000000be8fda18 RBX=00000000be9006a0 RCX=0000000000000010 RDX=00000000be3cd018
RSI=00000000bfec28d8 RDI=00000000bed08d18 RBP=00000000bed08d18 RSP=00000000bfec27b0
R8 =00000000be3cd298 R9 =0000000000000000 R10=00000000bfee1e49 R11=0000000000000000
R12=00000000bfee87a0 R13=00000000bfee1cc0 R14=00000000bfee1e49 R15=00000000be3cd298
RIP=00000000bfec36a0 RFL=00000287 [--S--PC] CPL=0 II=0 A20=1 SMM=0 HLT=0
ES =0030 0000000000000000 ffffffff 00cf9300 DPL=0 DS   [-WA]
CS =0038 0000000000000000 ffffffff 00af9a00 DPL=0 CS64 [-R-]
SS =0030 0000000000000000 ffffffff 00cf9300 DPL=0 DS   [-WA]
DS =0030 0000000000000000 ffffffff 00cf9300 DPL=0 DS   [-WA]
FS =0030 0000000000000000 ffffffff 00cf9300 DPL=0 DS   [-WA]
GS =0030 0000000000000000 ffffffff 00cf9300 DPL=0 DS   [-WA]
LDT=0000 0000000000000000 0000ffff 00008200 DPL=0 LDT
TR =0000 0000000000000000 0000ffff 00008b00 DPL=0 TSS64-busy
GDT=     00000000bf9de000 00000047
IDT=     00000000bf4d2018 00000fff
CR0=80010033 CR2=0000000000000000 CR3=00000000bfc01000 CR4=00000668
DR0=0000000000000000 DR1=0000000000000000 DR2=0000000000000000 DR3=0000000000000000 
DR6=00000000ffff0ff0 DR7=0000000000000400
CCS=0000000000000085 CCD=ffffffffffbf4d00 CCO=EFLAGS
EFER=0000000000000d00
Servicing hardware INT=0x20
   205: v=20 e=0000 i=0 cpl=0 IP=0038:00000000bfec36da pc=00000000bfec36da SP=0030:00000000bfec2840 env->regs[R_EAX]=00000000bed09318
RAX=00000000bed09318 RBX=00000000bed09320 RCX=0000000000000010 RDX=00000000bfee8640
RSI=0000000000000000 RDI=00000000bed81b18 RBP=00000000bed81b18 RSP=00000000bfec2840
R8 =00000000bfec29c0 R9 =00000000bf8eef98 R10=00000000bfee1e49 R11=0000000000000000
R12=00000000bfee87a0 R13=00000000bfee1cc0 R14=00000000bfee1e49 R15=0000000000000000
RIP=00000000bfec36da RFL=00000246 [---Z-P-] CPL=0 II=0 A20=1 SMM=0 HLT=0
ES =0030 0000000000000000 ffffffff 00cf9300 DPL=0 DS   [-WA]
CS =0038 0000000000000000 ffffffff 00af9a00 DPL=0 CS64 [-R-]
SS =0030 0000000000000000 ffffffff 00cf9300 DPL=0 DS   [-WA]
DS =0030 0000000000000000 ffffffff 00cf9300 DPL=0 DS   [-WA]
FS =0030 0000000000000000 ffffffff 00cf9300 DPL=0 DS   [-WA]
GS =0030 0000000000000000 ffffffff 00cf9300 DPL=0 DS   [-WA]
LDT=0000 0000000000000000 0000ffff 00008200 DPL=0 LDT
TR =0000 0000000000000000 0000ffff 00008b00 DPL=0 TSS64-busy
GDT=     00000000bf9de000 00000047
IDT=     00000000bf4d2018 00000fff
CR0=80010033 CR2=0000000000000000 CR3=00000000bfc01000 CR4=00000668
DR0=0000000000000000 DR1=0000000000000000 DR2=0000000000000000 DR3=0000000000000000 
DR6=00000000ffff0ff0 DR7=0000000000000400
CCS=0000000000000044 CCD=0000000000000000 CCO=EFLAGS
EFER=0000000000000d00
Servicing hardware INT=0x20
   206: v=20 e=0000 i=0 cpl=0 IP=0038:00000000bfec3647 pc=00000000bfec3647 SP=0030:00000000bfec2858 env->regs[R_EAX]=0000000000000004
RAX=0000000000000004 RBX=0000000000000004 RCX=0000000000000010 RDX=00000000bebab2c0
RSI=0000000000000000 RDI=00000000be8e6518 RBP=000000000000002b RSP=00000000bfec2858
R8 =0000000000000000 R9 =00000000becb4118 R10=0000000000000000 R11=0000000000000000
R12=00000000becb4118 R13=00000000be8e6518 R14=0000000000000000 R15=00000000be8e6518
RIP=00000000bfec3647 RFL=00000206 [-----P-] CPL=0 II=0 A20=1 SMM=0 HLT=0
ES =0030 0000000000000000 ffffffff 00cf9300 DPL=0 DS   [-WA]
CS =0038 0000000000000000 ffffffff 00af9a00 DPL=0 CS64 [-R-]
SS =0030 0000000000000000 ffffffff 00cf9300 DPL=0 DS   [-WA]
DS =0030 0000000000000000 ffffffff 00cf9300 DPL=0 DS   [-WA]
FS =0030 0000000000000000 ffffffff 00cf9300 DPL=0 DS   [-WA]
GS =0030 0000000000000000 ffffffff 00cf9300 DPL=0 DS   [-WA]
LDT=0000 0000000000000000 0000ffff 00008200 DPL=0 LDT
TR =0000 0000000000000000 0000ffff 00008b00 DPL=0 TSS64-busy
GDT=     00000000bf9de000 00000047
IDT=     00000000bf4d2018 00000fff
CR0=80010033 CR2=0000000000000000 CR3=00000000bfc01000 CR4=00000668
DR0=0000000000000000 DR1=0000000000000000 DR2=0000000000000000 DR3=0000000000000000 
DR6=00000000ffff0ff0 DR7=0000000000000400
CCS=0000000000000004 CCD=00000000bfec2850 CCO=EFLAGS
EFER=0000000000000d00
Servicing hardware INT=0x20
   207: v=20 e=0000 i=0 cpl=0 IP=0038:00000000bf089266 pc=00000000bf089266 SP=0030:00000000bfec2668 env->regs[R_EAX]=00000000bf09ce20
RAX=00000000bf09ce20 RBX=0000000000000004 RCX=00000000bf09ce20 RDX=0000000000000010
RSI=00000000bec5af50 RDI=0000000000000001 RBP=00000000bfee3ec5 RSP=00000000bfec2668
R8 =744386ba7a3ac39f R9 =00000000bece4998 R10=0000000000000000 R11=0000000000000000
R12=00000000bfeeaba0 R13=00000000be8e7e18 R14=00000000bfec2808 R15=00000000be8e7e18
RIP=00000000bf089266 RFL=00000202 [-------] CPL=0 II=0 A20=1 SMM=0 HLT=0
ES =0030 0000000000000000 ffffffff 00cf9300 DPL=0 DS   [-WA]
CS =0038 0000000000000000 ffffffff 00af9a00 DPL=0 CS64 [-R-]
SS =0030 0000000000000000 ffffffff 00cf9300 DPL=0 DS   [-WA]
DS =0030 0000000000000000 ffffffff 00cf9300 DPL=0 DS   [-WA]
FS =0030 0000000000000000 ffffffff 00cf9300 DPL=0 DS   [-WA]
GS =0030 0000000000000000 ffffffff 00cf9300 DPL=0 DS   [-WA]
LDT=0000 0000000000000000 0000ffff 00008200 DPL=0 LDT
TR =0000 0000000000000000 0000ffff 00008b00 DPL=0 TSS64-busy
GDT=     00000000bf9de000 00000047
IDT=     00000000bf4d2018 00000fff
CR0=80010033 CR2=0000000000000000 CR3=00000000bfc01000 CR4=00000668
DR0=0000000000000000 DR1=0000000000000000 DR2=0000000000000000 DR3=0000000000000000 
DR6=00000000ffff0ff0 DR7=0000000000000400
CCS=0000000000000000 CCD=00000000bfec2670 CCO=EFLAGS
EFER=0000000000000d00
Servicing hardware INT=0x20
   208: v=20 e=0000 i=0 cpl=0 IP=0038:00000000bf089266 pc=00000000bf089266 SP=0030:00000000bfec2598 env->regs[R_EAX]=00000000bf09ce20
RAX=00000000bf09ce20 RBX=0000000000000004 RCX=00000000bf09ce20 RDX=0000000000000010
RSI=00000000bec36c90 RDI=0000000000000001 RBP=00000000bfee3ec5 RSP=00000000bfec2598
R8 =e6e9d80563af83b3 R9 =00000000becc2398 R10=0000000000000000 R11=0000000000000000
R12=00000000bfeeaba0 R13=00000000be8e0498 R14=0000000000000000 R15=00000000be8e0498
RIP=00000000bf089266 RFL=00000206 [-----P-] CPL=0 II=0 A20=1 SMM=0 HLT=0
ES =0030 0000000000000000 ffffffff 00cf9300 DPL=0 DS   [-WA]
CS =0038 0000000000000000 ffffffff 00af9a00 DPL=0 CS64 [-R-]
SS =0030 0000000000000000 ffffffff 00cf9300 DPL=0 DS   [-WA]
DS =0030 0000000000000000 ffffffff 00cf9300 DPL=0 DS   [-WA]
FS =0030 0000000000000000 ffffffff 00cf9300 DPL=0 DS   [-WA]
GS =0030 0000000000000000 ffffffff 00cf9300 DPL=0 DS   [-WA]
LDT=0000 0000000000000000 0000ffff 00008200 DPL=0 LDT
TR =0000 0000000000000000 0000ffff 00008b00 DPL=0 TSS64-busy
GDT=     00000000bf9de000 00000047
IDT=     00000000bf4d2018 00000fff
CR0=80010033 CR2=0000000000000000 CR3=00000000bfc01000 CR4=00000668
DR0=0000000000000000 DR1=0000000000000000 DR2=0000000000000000 DR3=0000000000000000 
DR6=00000000ffff0ff0 DR7=0000000000000400
CCS=0000000000000004 CCD=00000000bfec25a0 CCO=EFLAGS
EFER=0000000000000d00
Servicing hardware INT=0x20
   209: v=20 e=0000 i=0 cpl=0 IP=0038:00000000bfec36da pc=00000000bfec36da SP=0030:00000000bfec27b0 env->regs[R_EAX]=00000000be8d6898
RAX=00000000be8d6898 RBX=00000000be8d68a0 RCX=0000000000000010 RDX=00000000be3cd018
RSI=00000000bfec28d8 RDI=00000000bed07218 RBP=00000000bed07218 RSP=00000000bfec27b0
R8 =00000000be3cd298 R9 =0000000000000000 R10=00000000bfee1e49 R11=0000000000000000
R12=00000000bfee87a0 R13=00000000bfee1cc0 R14=00000000bfee1e49 R15=00000000be3cd298
RIP=00000000bfec36da RFL=00000246 [---Z-P-] CPL=0 II=0 A20=1 SMM=0 HLT=0
ES =0030 0000000000000000 ffffffff 00cf9300 DPL=0 DS   [-WA]
CS =0038 0000000000000000 ffffffff 00af9a00 DPL=0 CS64 [-R-]
SS =0030 0000000000000000 ffffffff 00cf9300 DPL=0 DS   [-WA]
DS =0030 0000000000000000 ffffffff 00cf9300 DPL=0 DS   [-WA]
FS =0030 0000000000000000 ffffffff 00cf9300 DPL=0 DS   [-WA]
GS =0030 0000000000000000 ffffffff 00cf9300 DPL=0 DS   [-WA]
LDT=0000 0000000000000000 0000ffff 00008200 DPL=0 LDT
TR =0000 0000000000000000 0000ffff 00008b00 DPL=0 TSS64-busy
GDT=     00000000bf9de000 00000047
IDT=     00000000bf4d2018 00000fff
CR0=80010033 CR2=0000000000000000 CR3=00000000bfc01000 CR4=00000668
DR0=0000000000000000 DR1=0000000000000000 DR2=0000000000000000 DR3=0000000000000000 
DR6=00000000ffff0ff0 DR7=0000000000000400
CCS=0000000000000044 CCD=0000000000000000 CCO=EFLAGS
EFER=0000000000000d00
Servicing hardware INT=0x20
   210: v=20 e=0000 i=0 cpl=0 IP=0038:00000000bfed5c02 pc=00000000bfed5c02 SP=0030:00000000bfec2680 env->regs[R_EAX]=4d1ab44318a031ab
RAX=4d1ab44318a031ab RBX=00000000bfee8660 RCX=00000000bfee8660 RDX=00000000bfee8660
RSI=00000000bf4ee2b0 RDI=00000000bfee8660 RBP=41c80e7686212936 RSP=00000000bfec2680
R8 =719f1e26090cc0a5 R9 =00000000bfec28b0 R10=00000000bfee9600 R11=0000000000000000
R12=00000000bf4ee2a0 R13=00000000bfee8660 R14=00000000bf4ee298 R15=00000000bfee1e49
RIP=00000000bfed5c02 RFL=00000202 [-------] CPL=0 II=0 A20=1 SMM=0 HLT=0
ES =0030 0000000000000000 ffffffff 00cf9300 DPL=0 DS   [-WA]
CS =0038 0000000000000000 ffffffff 00af9a00 DPL=0 CS64 [-R-]
SS =0030 0000000000000000 ffffffff 00cf9300 DPL=0 DS   [-WA]
DS =0030 0000000000000000 ffffffff 00cf9300 DPL=0 DS   [-WA]
FS =0030 0000000000000000 ffffffff 00cf9300 DPL=0 DS   [-WA]
GS =0030 0000000000000000 ffffffff 00cf9300 DPL=0 DS   [-WA]
LDT=0000 0000000000000000 0000ffff 00008200 DPL=0 LDT
TR =0000 0000000000000000 0000ffff 00008b00 DPL=0 TSS64-busy
GDT=     00000000bf9de000 00000047
IDT=     00000000bf4d2018 00000fff
CR0=80010033 CR2=0000000000000000 CR3=00000000bfc01000 CR4=00000668
DR0=0000000000000000 DR1=0000000000000000 DR2=0000000000000000 DR3=0000000000000000 
DR6=00000000ffff0ff0 DR7=0000000000000400
CCS=0000000000000000 CCD=00000000bfec2670 CCO=EFLAGS
EFER=0000000000000d00
Servicing hardware INT=0x20
   211: v=20 e=0000 i=0 cpl=0 IP=0038:00000000bfed5c02 pc=00000000bfed5c02 SP=0030:00000000bfec2680 env->regs[R_EAX]=4d1ab44318a031ab
RAX=4d1ab44318a031ab RBX=00000000bfee8660 RCX=00000000bfee8660 RDX=00000000bfee8660
RSI=00000000bf50c630 RDI=00000000bfee8660 RBP=4fec3e33bc62157e RSP=00000000bfec2680
R8 =719f1e26090cc0a5 R9 =0000000000000208 R10=00000000bfee9600 R11=0000000000000000
R12=00000000bf50c620 R13=00000000bfee8660 R14=00000000bf50c618 R15=00000000bfee1e49
RIP=00000000bfed5c02 RFL=00000202 [-------] CPL=0 II=0 A20=1 SMM=0 HLT=0
ES =0030 0000000000000000 ffffffff 00cf9300 DPL=0 DS   [-WA]
CS =0038 0000000000000000 ffffffff 00af9a00 DPL=0 CS64 [-R-]
SS =0030 0000000000000000 ffffffff 00cf9300 DPL=0 DS   [-WA]
DS =0030 0000000000000000 ffffffff 00cf9300 DPL=0 DS   [-WA]
FS =0030 0000000000000000 ffffffff 00cf9300 DPL=0 DS   [-WA]
GS =0030 0000000000000000 ffffffff 00cf9300 DPL=0 DS   [-WA]
LDT=0000 0000000000000000 0000ffff 00008200 DPL=0 LDT
TR =0000 0000000000000000 0000ffff 00008b00 DPL=0 TSS64-busy
GDT=     00000000bf9de000 00000047
IDT=     00000000bf4d2018 00000fff
CR0=80010033 CR2=0000000000000000 CR3=00000000bfc01000 CR4=00000668
DR0=0000000000000000 DR1=0000000000000000 DR2=0000000000000000 DR3=0000000000000000 
DR6=00000000ffff0ff0 DR7=0000000000000400
CCS=0000000000000000 CCD=00000000bfec2670 CCO=EFLAGS
EFER=0000000000000d00
Servicing hardware INT=0x20
   212: v=20 e=0000 i=0 cpl=0 IP=0038:00000000bfec3684 pc=00000000bfec3684 SP=0030:00000000bfec2800 env->regs[R_EAX]=0000000000000000
RAX=0000000000000000 RBX=0000000000000010 RCX=0000000000000010 RDX=00000000becf0180
RSI=0000000000000000 RDI=00000000be8e6918 RBP=00000000be8e6918 RSP=00000000bfec2800
R8 =00000000bfec28f0 R9 =00000000bed7f318 R10=0000000000000000 R11=0000000000000000
R12=00000000bed7f318 R13=00000000be8e6918 R14=00000000bfec28f0 R15=00000000be8e6918
RIP=00000000bfec3684 RFL=00000246 [---Z-P-] CPL=0 II=0 A20=1 SMM=0 HLT=0
ES =0030 0000000000000000 ffffffff 00cf9300 DPL=0 DS   [-WA]
CS =0038 0000000000000000 ffffffff 00af9a00 DPL=0 CS64 [-R-]
SS =0030 0000000000000000 ffffffff 00cf9300 DPL=0 DS   [-WA]
DS =0030 0000000000000000 ffffffff 00cf9300 DPL=0 DS   [-WA]
FS =0030 0000000000000000 ffffffff 00cf9300 DPL=0 DS   [-WA]
GS =0030 0000000000000000 ffffffff 00cf9300 DPL=0 DS   [-WA]
LDT=0000 0000000000000000 0000ffff 00008200 DPL=0 LDT
TR =0000 0000000000000000 0000ffff 00008b00 DPL=0 TSS64-busy
GDT=     00000000bf9de000 00000047
IDT=     00000000bf4d2018 00000fff
CR0=80010033 CR2=0000000000000000 CR3=00000000bfc01000 CR4=00000668
DR0=0000000000000000 DR1=0000000000000000 DR2=0000000000000000 DR3=0000000000000000 
DR6=00000000ffff0ff0 DR7=0000000000000400
CCS=0000000000000044 CCD=0000000000000000 CCO=EFLAGS
EFER=0000000000000d00
Servicing hardware INT=0x20
   213: v=20 e=0000 i=0 cpl=0 IP=0038:00000000bfec36da pc=00000000bfec36da SP=0030:00000000bfec27e0 env->regs[R_EAX]=00000000be8e8a18
RAX=00000000be8e8a18 RBX=00000000be8e8a20 RCX=0000000000000010 RDX=00000000becd0220
RSI=00000000bfec28e0 RDI=00000000bed0a318 RBP=00000000bed0a318 RSP=00000000bfec27e0
R8 =00000000bfec28d8 R9 =00000000bed0a318 R10=00000000bfee9600 R11=0000000000000000
R12=00000000bfee87a0 R13=00000000bfee1cc0 R14=00000000bfee1e49 R15=00000000be8e0498
RIP=00000000bfec36da RFL=00000246 [---Z-P-] CPL=0 II=0 A20=1 SMM=0 HLT=0
ES =0030 0000000000000000 ffffffff 00cf9300 DPL=0 DS   [-WA]
CS =0038 0000000000000000 ffffffff 00af9a00 DPL=0 CS64 [-R-]
SS =0030 0000000000000000 ffffffff 00cf9300 DPL=0 DS   [-WA]
DS =0030 0000000000000000 ffffffff 00cf9300 DPL=0 DS   [-WA]
FS =0030 0000000000000000 ffffffff 00cf9300 DPL=0 DS   [-WA]
GS =0030 0000000000000000 ffffffff 00cf9300 DPL=0 DS   [-WA]
LDT=0000 0000000000000000 0000ffff 00008200 DPL=0 LDT
TR =0000 0000000000000000 0000ffff 00008b00 DPL=0 TSS64-busy
GDT=     00000000bf9de000 00000047
IDT=     00000000bf4d2018 00000fff
CR0=80010033 CR2=0000000000000000 CR3=00000000bfc01000 CR4=00000668
DR0=0000000000000000 DR1=0000000000000000 DR2=0000000000000000 DR3=0000000000000000 
DR6=00000000ffff0ff0 DR7=0000000000000400
CCS=0000000000000044 CCD=0000000000000000 CCO=EFLAGS
EFER=0000000000000d00
Servicing hardware INT=0x20
   214: v=20 e=0000 i=0 cpl=0 IP=0038:00000000bfecce2b pc=00000000bfecce2b SP=0030:00000000bfec2718 env->regs[R_EAX]=8000000000000002
RAX=8000000000000002 RBX=00000000bfee8610 RCX=0000000000000010 RDX=00000000beb38fc0
RSI=0000000000000006 RDI=00000000bfee8610 RBP=0000000000000034 RSP=00000000bfec2718
R8 =0000000000000000 R9 =00000000becb0218 R10=0000000000000000 R11=0000000000000000
R12=00000000becb0218 R13=00000000be8fc018 R14=0000000000000000 R15=00000000be8fc018
RIP=00000000bfecce2b RFL=00000202 [-------] CPL=0 II=0 A20=1 SMM=0 HLT=0
ES =0030 0000000000000000 ffffffff 00cf9300 DPL=0 DS   [-WA]
CS =0038 0000000000000000 ffffffff 00af9a00 DPL=0 CS64 [-R-]
SS =0030 0000000000000000 ffffffff 00cf9300 DPL=0 DS   [-WA]
DS =0030 0000000000000000 ffffffff 00cf9300 DPL=0 DS   [-WA]
FS =0030 0000000000000000 ffffffff 00cf9300 DPL=0 DS   [-WA]
GS =0030 0000000000000000 ffffffff 00cf9300 DPL=0 DS   [-WA]
LDT=0000 0000000000000000 0000ffff 00008200 DPL=0 LDT
TR =0000 0000000000000000 0000ffff 00008b00 DPL=0 TSS64-busy
GDT=     00000000bf9de000 00000047
IDT=     00000000bf4d2018 00000fff
CR0=80010033 CR2=0000000000000000 CR3=00000000bfc01000 CR4=00000668
DR0=0000000000000000 DR1=0000000000000000 DR2=0000000000000000 DR3=0000000000000000 
DR6=00000000ffff0ff0 DR7=0000000000000400
CCS=0000000000000000 CCD=00000000bfec2720 CCO=EFLAGS
EFER=0000000000000d00
Servicing hardware INT=0x20
   215: v=20 e=0000 i=0 cpl=0 IP=0038:00000000bfed5bf7 pc=00000000bfed5bf7 SP=0030:00000000bfec2680 env->regs[R_EAX]=49f14617a46423e3
RAX=49f14617a46423e3 RBX=00000000bfee8660 RCX=00000000bf8ed8b0 RDX=00000000bfee8660
RSI=00000000bf8ed8b0 RDI=00000000bfee8660 RBP=00000000bfee1cc0 RSP=00000000bfec2680
R8 =719f1e26090cc0a5 R9 =00000000bfec28b0 R10=00000000bfee9600 R11=0000000000000000
R12=00000000bf8ed8a0 R13=00000000bfee8660 R14=00000000bf8ed898 R15=00000000bfee1e49
RIP=00000000bfed5bf7 RFL=00000202 [-------] CPL=0 II=0 A20=1 SMM=0 HLT=0
ES =0030 0000000000000000 ffffffff 00cf9300 DPL=0 DS   [-WA]
CS =0038 0000000000000000 ffffffff 00af9a00 DPL=0 CS64 [-R-]
SS =0030 0000000000000000 ffffffff 00cf9300 DPL=0 DS   [-WA]
DS =0030 0000000000000000 ffffffff 00cf9300 DPL=0 DS   [-WA]
FS =0030 0000000000000000 ffffffff 00cf9300 DPL=0 DS   [-WA]
GS =0030 0000000000000000 ffffffff 00cf9300 DPL=0 DS   [-WA]
LDT=0000 0000000000000000 0000ffff 00008200 DPL=0 LDT
TR =0000 0000000000000000 0000ffff 00008b00 DPL=0 TSS64-busy
GDT=     00000000bf9de000 00000047
IDT=     00000000bf4d2018 00000fff
CR0=80010033 CR2=0000000000000000 CR3=00000000bfc01000 CR4=00000668
DR0=0000000000000000 DR1=0000000000000000 DR2=0000000000000000 DR3=0000000000000000 
DR6=00000000ffff0ff0 DR7=0000000000000400
CCS=0000000000000000 CCD=00000000bfec2670 CCO=EFLAGS
EFER=0000000000000d00
Servicing hardware INT=0x20
   216: v=20 e=0000 i=0 cpl=0 IP=0038:00000000bfec36da pc=00000000bfec36da SP=0030:00000000bfec2750 env->regs[R_EAX]=00000000bece6818
RAX=00000000bece6818 RBX=00000000bece6820 RCX=0000000000000010 RDX=00000000bfee8640
RSI=0000000000000000 RDI=00000000bed88c18 RBP=00000000bed88c18 RSP=00000000bfec2750
R8 =00000000bfec28d0 R9 =00000000bf8eef98 R10=00000000bfee9600 R11=0000000000000000
R12=00000000bfee87a0 R13=00000000bfee1cc0 R14=00000000bfee1e49 R15=0000000000000000
RIP=00000000bfec36da RFL=00000246 [---Z-P-] CPL=0 II=0 A20=1 SMM=0 HLT=0
ES =0030 0000000000000000 ffffffff 00cf9300 DPL=0 DS   [-WA]
CS =0038 0000000000000000 ffffffff 00af9a00 DPL=0 CS64 [-R-]
SS =0030 0000000000000000 ffffffff 00cf9300 DPL=0 DS   [-WA]
DS =0030 0000000000000000 ffffffff 00cf9300 DPL=0 DS   [-WA]
FS =0030 0000000000000000 ffffffff 00cf9300 DPL=0 DS   [-WA]
GS =0030 0000000000000000 ffffffff 00cf9300 DPL=0 DS   [-WA]
LDT=0000 0000000000000000 0000ffff 00008200 DPL=0 LDT
TR =0000 0000000000000000 0000ffff 00008b00 DPL=0 TSS64-busy
GDT=     00000000bf9de000 00000047
IDT=     00000000bf4d2018 00000fff
CR0=80010033 CR2=0000000000000000 CR3=00000000bfc01000 CR4=00000668
DR0=0000000000000000 DR1=0000000000000000 DR2=0000000000000000 DR3=0000000000000000 
DR6=00000000ffff0ff0 DR7=0000000000000400
CCS=0000000000000044 CCD=0000000000000000 CCO=EFLAGS
EFER=0000000000000d00
Servicing hardware INT=0x20
   217: v=20 e=0000 i=0 cpl=0 IP=0038:00000000bfec36da pc=00000000bfec36da SP=0030:00000000bfec27c0 env->regs[R_EAX]=00000000be8e4718
RAX=00000000be8e4718 RBX=00000000be8e4720 RCX=0000000000000010 RDX=00000000bfee8660
RSI=00000000bfec29c8 RDI=00000000bed2a698 RBP=00000000bed2a698 RSP=00000000bfec27c0
R8 =00000000bfec28e8 R9 =00000000bf8eef98 R10=00000000bfee1e49 R11=0000000000000000
R12=00000000bfee87a0 R13=00000000bfee1cc0 R14=00000000bfee1e49 R15=0000000000000000
RIP=00000000bfec36da RFL=00000246 [---Z-P-] CPL=0 II=0 A20=1 SMM=0 HLT=0
ES =0030 0000000000000000 ffffffff 00cf9300 DPL=0 DS   [-WA]
CS =0038 0000000000000000 ffffffff 00af9a00 DPL=0 CS64 [-R-]
SS =0030 0000000000000000 ffffffff 00cf9300 DPL=0 DS   [-WA]
DS =0030 0000000000000000 ffffffff 00cf9300 DPL=0 DS   [-WA]
FS =0030 0000000000000000 ffffffff 00cf9300 DPL=0 DS   [-WA]
GS =0030 0000000000000000 ffffffff 00cf9300 DPL=0 DS   [-WA]
LDT=0000 0000000000000000 0000ffff 00008200 DPL=0 LDT
TR =0000 0000000000000000 0000ffff 00008b00 DPL=0 TSS64-busy
GDT=     00000000bf9de000 00000047
IDT=     00000000bf4d2018 00000fff
CR0=80010033 CR2=0000000000000000 CR3=00000000bfc01000 CR4=00000668
DR0=0000000000000000 DR1=0000000000000000 DR2=0000000000000000 DR3=0000000000000000 
DR6=00000000ffff0ff0 DR7=0000000000000400
CCS=0000000000000044 CCD=0000000000000000 CCO=EFLAGS
EFER=0000000000000d00
Servicing hardware INT=0x20
   218: v=20 e=0000 i=0 cpl=0 IP=0038:00000000bfec36da pc=00000000bfec36da SP=0030:00000000bfec27b0 env->regs[R_EAX]=00000000becc2398
RAX=00000000becc2398 RBX=00000000becc23a0 RCX=0000000000000010 RDX=00000000be3cd018
RSI=00000000bfec28d8 RDI=00000000bed48398 RBP=00000000bed48398 RSP=00000000bfec27b0
R8 =00000000be3cd298 R9 =0000000000000000 R10=00000000bfee1e49 R11=0000000000000000
R12=00000000bfee87a0 R13=00000000bfee1cc0 R14=00000000bfee1e49 R15=00000000be3cd298
RIP=00000000bfec36da RFL=00000246 [---Z-P-] CPL=0 II=0 A20=1 SMM=0 HLT=0
ES =0030 0000000000000000 ffffffff 00cf9300 DPL=0 DS   [-WA]
CS =0038 0000000000000000 ffffffff 00af9a00 DPL=0 CS64 [-R-]
SS =0030 0000000000000000 ffffffff 00cf9300 DPL=0 DS   [-WA]
DS =0030 0000000000000000 ffffffff 00cf9300 DPL=0 DS   [-WA]
FS =0030 0000000000000000 ffffffff 00cf9300 DPL=0 DS   [-WA]
GS =0030 0000000000000000 ffffffff 00cf9300 DPL=0 DS   [-WA]
LDT=0000 0000000000000000 0000ffff 00008200 DPL=0 LDT
TR =0000 0000000000000000 0000ffff 00008b00 DPL=0 TSS64-busy
GDT=     00000000bf9de000 00000047
IDT=     00000000bf4d2018 00000fff
CR0=80010033 CR2=0000000000000000 CR3=00000000bfc01000 CR4=00000668
DR0=0000000000000000 DR1=0000000000000000 DR2=0000000000000000 DR3=0000000000000000 
DR6=00000000ffff0ff0 DR7=0000000000000400
CCS=0000000000000044 CCD=0000000000000000 CCO=EFLAGS
EFER=0000000000000d00
Servicing hardware INT=0x20
   219: v=20 e=0000 i=0 cpl=0 IP=0038:00000000bfec36da pc=00000000bfec36da SP=0030:00000000bfec2780 env->regs[R_EAX]=00000000be8e4718
RAX=00000000be8e4718 RBX=00000000be8e4720 RCX=0000000000000010 RDX=00000000bfee8660
RSI=00000000bfee8660 RDI=00000000bece5e18 RBP=00000000bece5e18 RSP=00000000bfec2780
R8 =00000000bfec28e8 R9 =00000000bf8eef98 R10=00000000bfee1e49 R11=0000000000000000
R12=00000000bfee87a0 R13=00000000bfee1cc0 R14=00000000bfee1e49 R15=0000000000000000
RIP=00000000bfec36da RFL=00000246 [---Z-P-] CPL=0 II=0 A20=1 SMM=0 HLT=0
ES =0030 0000000000000000 ffffffff 00cf9300 DPL=0 DS   [-WA]
CS =0038 0000000000000000 ffffffff 00af9a00 DPL=0 CS64 [-R-]
SS =0030 0000000000000000 ffffffff 00cf9300 DPL=0 DS   [-WA]
DS =0030 0000000000000000 ffffffff 00cf9300 DPL=0 DS   [-WA]
FS =0030 0000000000000000 ffffffff 00cf9300 DPL=0 DS   [-WA]
GS =0030 0000000000000000 ffffffff 00cf9300 DPL=0 DS   [-WA]
LDT=0000 0000000000000000 0000ffff 00008200 DPL=0 LDT
TR =0000 0000000000000000 0000ffff 00008b00 DPL=0 TSS64-busy
GDT=     00000000bf9de000 00000047
IDT=     00000000bf4d2018 00000fff
CR0=80010033 CR2=0000000000000000 CR3=00000000bfc01000 CR4=00000668
DR0=0000000000000000 DR1=0000000000000000 DR2=0000000000000000 DR3=0000000000000000 
DR6=00000000ffff0ff0 DR7=0000000000000400
CCS=0000000000000044 CCD=0000000000000000 CCO=EFLAGS
EFER=0000000000000d00
Servicing hardware INT=0x20
   220: v=20 e=0000 i=0 cpl=0 IP=0038:00000000bfec951f pc=00000000bfec951f SP=0030:00000000bfec2840 env->regs[R_EAX]=0000000000000041
RAX=0000000000000041 RBX=00000000be8e4e98 RCX=00000000bebab020 RDX=000000000000002c
RSI=000000000000002c RDI=00000000bfee8610 RBP=0000000000000000 RSP=00000000bfec2840
R8 =719f1e26090cc0a5 R9 =0000000000000000 R10=00000000bfee1e49 R11=0000000000000000
R12=0000000000000000 R13=00000000be3cd018 R14=0000000000000041 R15=00000000be3cd298
RIP=00000000bfec951f RFL=00000202 [-------] CPL=0 II=0 A20=1 SMM=0 HLT=0
ES =0030 0000000000000000 ffffffff 00cf9300 DPL=0 DS   [-WA]
CS =0038 0000000000000000 ffffffff 00af9a00 DPL=0 CS64 [-R-]
SS =0030 0000000000000000 ffffffff 00cf9300 DPL=0 DS   [-WA]
DS =0030 0000000000000000 ffffffff 00cf9300 DPL=0 DS   [-WA]
FS =0030 0000000000000000 ffffffff 00cf9300 DPL=0 DS   [-WA]
GS =0030 0000000000000000 ffffffff 00cf9300 DPL=0 DS   [-WA]
LDT=0000 0000000000000000 0000ffff 00008200 DPL=0 LDT
TR =0000 0000000000000000 0000ffff 00008b00 DPL=0 TSS64-busy
GDT=     00000000bf9de000 00000047
IDT=     00000000bf4d2018 00000fff
CR0=80010033 CR2=0000000000000000 CR3=00000000bfc01000 CR4=00000668
DR0=0000000000000000 DR1=0000000000000000 DR2=0000000000000000 DR3=0000000000000000 
DR6=00000000ffff0ff0 DR7=0000000000000400
CCS=0000000000000000 CCD=00000000bfec2808 CCO=EFLAGS
EFER=0000000000000d00
Servicing hardware INT=0x20
   221: v=20 e=0000 i=0 cpl=0 IP=0038:00000000bfec36da pc=00000000bfec36da SP=0030:00000000bfec2930 env->regs[R_EAX]=00000000bebb1e98
RAX=00000000bebb1e98 RBX=00000000bebb1ea0 RCX=0000000000000010 RDX=00000000bfee8640
RSI=0000000000000000 RDI=00000000bed1cc18 RBP=00000000bed1cc18 RSP=00000000bfec2930
R8 =00000000bfec2ab0 R9 =00000000bf8eef98 R10=00000000bfee9600 R11=0000000000000000
R12=00000000bfee87a0 R13=00000000bfee1cc0 R14=00000000bfee1e49 R15=0000000000000000
RIP=00000000bfec36da RFL=00000246 [---Z-P-] CPL=0 II=0 A20=1 SMM=0 HLT=0
ES =0030 0000000000000000 ffffffff 00cf9300 DPL=0 DS   [-WA]
CS =0038 0000000000000000 ffffffff 00af9a00 DPL=0 CS64 [-R-]
SS =0030 0000000000000000 ffffffff 00cf9300 DPL=0 DS   [-WA]
DS =0030 0000000000000000 ffffffff 00cf9300 DPL=0 DS   [-WA]
FS =0030 0000000000000000 ffffffff 00cf9300 DPL=0 DS   [-WA]
GS =0030 0000000000000000 ffffffff 00cf9300 DPL=0 DS   [-WA]
LDT=0000 0000000000000000 0000ffff 00008200 DPL=0 LDT
TR =0000 0000000000000000 0000ffff 00008b00 DPL=0 TSS64-busy
GDT=     00000000bf9de000 00000047
IDT=     00000000bf4d2018 00000fff
CR0=80010033 CR2=0000000000000000 CR3=00000000bfc01000 CR4=00000668
DR0=0000000000000000 DR1=0000000000000000 DR2=0000000000000000 DR3=0000000000000000 
DR6=00000000ffff0ff0 DR7=0000000000000400
CCS=0000000000000044 CCD=0000000000000000 CCO=EFLAGS
EFER=0000000000000d00
Servicing hardware INT=0x20
   222: v=20 e=0000 i=0 cpl=0 IP=0038:00000000bfec911e pc=00000000bfec911e SP=0030:00000000bfec29c0 env->regs[R_EAX]=0000000000000038
RAX=0000000000000038 RBX=0000000000000041 RCX=00000000beb59200 RDX=0000000000000036
RSI=0000000000000038 RDI=00000000bfee8610 RBP=00000000becaf018 RSP=00000000bfec29c0
R8 =719f1e26090cc0a5 R9 =0000000000000000 R10=00000000bfee1e49 R11=0000000000000000
R12=00000000bfec2ab8 R13=00000000be3cd018 R14=0000000000000000 R15=00000000be3cd298
RIP=00000000bfec911e RFL=00000293 [--S-A-C] CPL=0 II=0 A20=1 SMM=0 HLT=0
ES =0030 0000000000000000 ffffffff 00cf9300 DPL=0 DS   [-WA]
CS =0038 0000000000000000 ffffffff 00af9a00 DPL=0 CS64 [-R-]
SS =0030 0000000000000000 ffffffff 00cf9300 DPL=0 DS   [-WA]
DS =0030 0000000000000000 ffffffff 00cf9300 DPL=0 DS   [-WA]
FS =0030 0000000000000000 ffffffff 00cf9300 DPL=0 DS   [-WA]
GS =0030 0000000000000000 ffffffff 00cf9300 DPL=0 DS   [-WA]
LDT=0000 0000000000000000 0000ffff 00008200 DPL=0 LDT
TR =0000 0000000000000000 0000ffff 00008b00 DPL=0 TSS64-busy
GDT=     00000000bf9de000 00000047
IDT=     00000000bf4d2018 00000fff
CR0=80010033 CR2=0000000000000000 CR3=00000000bfc01000 CR4=00000668
DR0=0000000000000000 DR1=0000000000000000 DR2=0000000000000000 DR3=0000000000000000 
DR6=00000000ffff0ff0 DR7=0000000000000400
CCS=0000000000000091 CCD=fffffffffffffffe CCO=EFLAGS
EFER=0000000000000d00
Servicing hardware INT=0x20
   223: v=20 e=0000 i=0 cpl=0 IP=0038:00000000bfec36da pc=00000000bfec36da SP=0030:00000000bfec28c0 env->regs[R_EAX]=00000000be8e6398
RAX=00000000be8e6398 RBX=00000000be8e63a0 RCX=0000000000000010 RDX=00000000becab9e0
RSI=0000000000000000 RDI=00000000bed08d18 RBP=00000000bed08d18 RSP=00000000bfec28c0
R8 =00000000bfec29a8 R9 =00000000bed08d18 R10=00000000bfee1e49 R11=0000000000000000
R12=00000000bfee87a0 R13=00000000bfee1cc0 R14=00000000bfee1e49 R15=00000000be8e5d98
RIP=00000000bfec36da RFL=00000246 [---Z-P-] CPL=0 II=0 A20=1 SMM=0 HLT=0
ES =0030 0000000000000000 ffffffff 00cf9300 DPL=0 DS   [-WA]
CS =0038 0000000000000000 ffffffff 00af9a00 DPL=0 CS64 [-R-]
SS =0030 0000000000000000 ffffffff 00cf9300 DPL=0 DS   [-WA]
DS =0030 0000000000000000 ffffffff 00cf9300 DPL=0 DS   [-WA]
FS =0030 0000000000000000 ffffffff 00cf9300 DPL=0 DS   [-WA]
GS =0030 0000000000000000 ffffffff 00cf9300 DPL=0 DS   [-WA]
LDT=0000 0000000000000000 0000ffff 00008200 DPL=0 LDT
TR =0000 0000000000000000 0000ffff 00008b00 DPL=0 TSS64-busy
GDT=     00000000bf9de000 00000047
IDT=     00000000bf4d2018 00000fff
CR0=80010033 CR2=0000000000000000 CR3=00000000bfc01000 CR4=00000668
DR0=0000000000000000 DR1=0000000000000000 DR2=0000000000000000 DR3=0000000000000000 
DR6=00000000ffff0ff0 DR7=0000000000000400
CCS=0000000000000044 CCD=0000000000000000 CCO=EFLAGS
EFER=0000000000000d00
Servicing hardware INT=0x20
   224: v=20 e=0000 i=0 cpl=0 IP=0038:00000000bfec36a0 pc=00000000bfec36a0 SP=0030:00000000bfec28f0 env->regs[R_EAX]=00000000beac4298
RAX=00000000beac4298 RBX=00000000bebae320 RCX=0000000000000010 RDX=00000000beb48600
RSI=8000000000000014 RDI=00000000becaea18 RBP=00000000becaea18 RSP=00000000bfec28f0
R8 =00000000bfec29e0 R9 =00000000becaea18 R10=0000000000000000 R11=0000000000000000
R12=00000000bfee87a0 R13=00000000bfee1cc0 R14=00000000bfee1e49 R15=00000000be8e3a18
RIP=00000000bfec36a0 RFL=00000283 [--S---C] CPL=0 II=0 A20=1 SMM=0 HLT=0
ES =0030 0000000000000000 ffffffff 00cf9300 DPL=0 DS   [-WA]
CS =0038 0000000000000000 ffffffff 00af9a00 DPL=0 CS64 [-R-]
SS =0030 0000000000000000 ffffffff 00cf9300 DPL=0 DS   [-WA]
DS =0030 0000000000000000 ffffffff 00cf9300 DPL=0 DS   [-WA]
FS =0030 0000000000000000 ffffffff 00cf9300 DPL=0 DS   [-WA]
GS =0030 0000000000000000 ffffffff 00cf9300 DPL=0 DS   [-WA]
LDT=0000 0000000000000000 0000ffff 00008200 DPL=0 LDT
TR =0000 0000000000000000 0000ffff 00008b00 DPL=0 TSS64-busy
GDT=     00000000bf9de000 00000047
IDT=     00000000bf4d2018 00000fff
CR0=80010033 CR2=0000000000000000 CR3=00000000bfc01000 CR4=00000668
DR0=0000000000000000 DR1=0000000000000000 DR2=0000000000000000 DR3=0000000000000000 
DR6=00000000ffff0ff0 DR7=0000000000000400
CCS=0000000000000081 CCD=ffffffffffe15880 CCO=EFLAGS
EFER=0000000000000d00
Servicing hardware INT=0x20
   225: v=20 e=0000 i=0 cpl=0 IP=0038:00000000bfed5c02 pc=00000000bfed5c02 SP=0030:00000000bfec28b0 env->regs[R_EAX]=4181da36b1ee129e
RAX=4181da36b1ee129e RBX=00000000bfee8640 RCX=00000000bfee8640 RDX=00000000bfee8640
RSI=00000000bed87430 RDI=00000000bed81b18 RBP=4f70e8d96a7a5cff RSP=00000000bfec28b0
R8 =00000000bfec2ab0 R9 =00000000bf8eef98 R10=00000000bfee1e49 R11=0000000000000000
R12=00000000bed81e98 R13=00000000bfee8640 R14=00000000bfee1cc0 R15=00000000bfee1e49
RIP=00000000bfed5c02 RFL=00000206 [-----P-] CPL=0 II=0 A20=1 SMM=0 HLT=0
ES =0030 0000000000000000 ffffffff 00cf9300 DPL=0 DS   [-WA]
CS =0038 0000000000000000 ffffffff 00af9a00 DPL=0 CS64 [-R-]
SS =0030 0000000000000000 ffffffff 00cf9300 DPL=0 DS   [-WA]
DS =0030 0000000000000000 ffffffff 00cf9300 DPL=0 DS   [-WA]
FS =0030 0000000000000000 ffffffff 00cf9300 DPL=0 DS   [-WA]
GS =0030 0000000000000000 ffffffff 00cf9300 DPL=0 DS   [-WA]
LDT=0000 0000000000000000 0000ffff 00008200 DPL=0 LDT
TR =0000 0000000000000000 0000ffff 00008b00 DPL=0 TSS64-busy
GDT=     00000000bf9de000 00000047
IDT=     00000000bf4d2018 00000fff
CR0=80010033 CR2=0000000000000000 CR3=00000000bfc01000 CR4=00000668
DR0=0000000000000000 DR1=0000000000000000 DR2=0000000000000000 DR3=0000000000000000 
DR6=00000000ffff0ff0 DR7=0000000000000400
CCS=0000000000000004 CCD=00000000bfec28a0 CCO=EFLAGS
EFER=0000000000000d00
Servicing hardware INT=0x20
   226: v=20 e=0000 i=0 cpl=0 IP=0038:00000000bfec55bf pc=00000000bfec55bf SP=0030:00000000bfec2868 env->regs[R_EAX]=8000000000000003
RAX=8000000000000003 RBX=0000000000000001 RCX=00000000bfee8648 RDX=0000000000000010
RSI=00000000bfee8640 RDI=00000000becac098 RBP=0000000000000000 RSP=00000000bfec2868
R8 =a7663792a404f891 R9 =00000000bf8eef98 R10=00000000bfee9600 R11=0000000000000000
R12=00000000bf8eef98 R13=00000000becac098 R14=00000000bfec29c0 R15=0000000000000000
RIP=00000000bfec55bf RFL=00000293 [--S-A-C] CPL=0 II=0 A20=1 SMM=0 HLT=0
ES =0030 0000000000000000 ffffffff 00cf9300 DPL=0 DS   [-WA]
CS =0038 0000000000000000 ffffffff 00af9a00 DPL=0 CS64 [-R-]
SS =0030 0000000000000000 ffffffff 00cf9300 DPL=0 DS   [-WA]
DS =0030 0000000000000000 ffffffff 00cf9300 DPL=0 DS   [-WA]
FS =0030 0000000000000000 ffffffff 00cf9300 DPL=0 DS   [-WA]
GS =0030 0000000000000000 ffffffff 00cf9300 DPL=0 DS   [-WA]
LDT=0000 0000000000000000 0000ffff 00008200 DPL=0 LDT
TR =0000 0000000000000000 0000ffff 00008b00 DPL=0 TSS64-busy
GDT=     00000000bf9de000 00000047
IDT=     00000000bf4d2018 00000fff
CR0=80010033 CR2=0000000000000000 CR3=00000000bfc01000 CR4=00000668
DR0=0000000000000000 DR1=0000000000000000 DR2=0000000000000000 DR3=0000000000000000 
DR6=00000000ffff0ff0 DR7=0000000000000400
CCS=0000000000000091 CCD=fffffffffffffffd CCO=EFLAGS
EFER=0000000000000d00
Servicing hardware INT=0x20
   227: v=20 e=0000 i=0 cpl=0 IP=0038:00000000bfed5c02 pc=00000000bfed5c02 SP=0030:00000000bfec2740 env->regs[R_EAX]=4d1ab44318a031ab
RAX=4d1ab44318a031ab RBX=00000000bfee8660 RCX=00000000bfee8660 RDX=00000000bfee8660
RSI=00000000bed87430 RDI=00000000bed06398 RBP=4f70e8d96a7a5cff RSP=00000000bfec2740
R8 =00000000bfec28e8 R9 =00000000bf8eef98 R10=00000000bfee1e49 R11=0000000000000000
R12=00000000becf9018 R13=00000000bfee8660 R14=00000000bfee1cc0 R15=00000000bfee1e49
RIP=00000000bfed5c02 RFL=00000206 [-----P-] CPL=0 II=0 A20=1 SMM=0 HLT=0
ES =0030 0000000000000000 ffffffff 00cf9300 DPL=0 DS   [-WA]
CS =0038 0000000000000000 ffffffff 00af9a00 DPL=0 CS64 [-R-]
SS =0030 0000000000000000 ffffffff 00cf9300 DPL=0 DS   [-WA]
DS =0030 0000000000000000 ffffffff 00cf9300 DPL=0 DS   [-WA]
FS =0030 0000000000000000 ffffffff 00cf9300 DPL=0 DS   [-WA]
GS =0030 0000000000000000 ffffffff 00cf9300 DPL=0 DS   [-WA]
LDT=0000 0000000000000000 0000ffff 00008200 DPL=0 LDT
TR =0000 0000000000000000 0000ffff 00008b00 DPL=0 TSS64-busy
GDT=     00000000bf9de000 00000047
IDT=     00000000bf4d2018 00000fff
CR0=80010033 CR2=0000000000000000 CR3=00000000bfc01000 CR4=00000668
DR0=0000000000000000 DR1=0000000000000000 DR2=0000000000000000 DR3=0000000000000000 
DR6=00000000ffff0ff0 DR7=0000000000000400
CCS=0000000000000004 CCD=00000000bfec2730 CCO=EFLAGS
EFER=0000000000000d00
Servicing hardware INT=0x20
   228: v=20 e=0000 i=0 cpl=0 IP=0038:00000000bfed5bf7 pc=00000000bfed5bf7 SP=0030:00000000bfec2700 env->regs[R_EAX]=11d26d3f09576e91
RAX=11d26d3f09576e91 RBX=00000000bec7f300 RCX=00000000bf8e59b0 RDX=00000000bec7f300
RSI=00000000bf8e59b0 RDI=00000000bebae318 RBP=00000000bebae330 RSP=00000000bfec2700
R8 =3b7269c9a0004f8e R9 =00000000bece6d18 R10=00000000bfee1e49 R11=0000000000000000
R12=00000000bebac398 R13=00000000bec7f300 R14=00000000bfee1cc0 R15=00000000bfee1e49
RIP=00000000bfed5bf7 RFL=00000206 [-----P-] CPL=0 II=0 A20=1 SMM=0 HLT=0
ES =0030 0000000000000000 ffffffff 00cf9300 DPL=0 DS   [-WA]
CS =0038 0000000000000000 ffffffff 00af9a00 DPL=0 CS64 [-R-]
SS =0030 0000000000000000 ffffffff 00cf9300 DPL=0 DS   [-WA]
DS =0030 0000000000000000 ffffffff 00cf9300 DPL=0 DS   [-WA]
FS =0030 0000000000000000 ffffffff 00cf9300 DPL=0 DS   [-WA]
GS =0030 0000000000000000 ffffffff 00cf9300 DPL=0 DS   [-WA]
LDT=0000 0000000000000000 0000ffff 00008200 DPL=0 LDT
TR =0000 0000000000000000 0000ffff 00008b00 DPL=0 TSS64-busy
GDT=     00000000bf9de000 00000047
IDT=     00000000bf4d2018 00000fff
CR0=80010033 CR2=0000000000000000 CR3=00000000bfc01000 CR4=00000668
DR0=0000000000000000 DR1=0000000000000000 DR2=0000000000000000 DR3=0000000000000000 
DR6=00000000ffff0ff0 DR7=0000000000000400
CCS=0000000000000004 CCD=00000000bfec26f0 CCO=EFLAGS
EFER=0000000000000d00
Servicing hardware INT=0x20
   229: v=20 e=0000 i=0 cpl=0 IP=0038:00000000bfed5c0e pc=00000000bfed5c0e SP=0030:00000000bfec2630 env->regs[R_EAX]=4dc13f279000469a
RAX=4dc13f279000469a RBX=00000000bfee8640 RCX=00000000bed88638 RDX=00000000bfee8640
RSI=00000000bed88630 RDI=4181da36b1ee129e RBP=11d4d5e1107a772c RSP=00000000bfec2630
R8 =a7663792a404f891 R9 =00000000bf8eef98 R10=00000000bfee9600 R11=0000000000000000
R12=00000000becaf198 R13=00000000bfee8640 R14=00000000bfee1cc0 R15=00000000bfee1e49
RIP=00000000bfed5c0e RFL=00000202 [-------] CPL=0 II=0 A20=1 SMM=0 HLT=0
ES =0030 0000000000000000 ffffffff 00cf9300 DPL=0 DS   [-WA]
CS =0038 0000000000000000 ffffffff 00af9a00 DPL=0 CS64 [-R-]
SS =0030 0000000000000000 ffffffff 00cf9300 DPL=0 DS   [-WA]
DS =0030 0000000000000000 ffffffff 00cf9300 DPL=0 DS   [-WA]
FS =0030 0000000000000000 ffffffff 00cf9300 DPL=0 DS   [-WA]
GS =0030 0000000000000000 ffffffff 00cf9300 DPL=0 DS   [-WA]
LDT=0000 0000000000000000 0000ffff 00008200 DPL=0 LDT
TR =0000 0000000000000000 0000ffff 00008b00 DPL=0 TSS64-busy
GDT=     00000000bf9de000 00000047
IDT=     00000000bf4d2018 00000fff
CR0=80010033 CR2=0000000000000000 CR3=00000000bfc01000 CR4=00000668
DR0=0000000000000000 DR1=0000000000000000 DR2=0000000000000000 DR3=0000000000000000 
DR6=00000000ffff0ff0 DR7=0000000000000400
CCS=0000000000000000 CCD=00000000bfec2620 CCO=EFLAGS
EFER=0000000000000d00
Servicing hardware INT=0x20
   230: v=20 e=0000 i=0 cpl=0 IP=0038:00000000bfed5c1a pc=00000000bfed5c1a SP=0030:00000000bfec2360 env->regs[R_EAX]=a7663792a404f891
RAX=a7663792a404f891 RBX=00000000bfee8640 RCX=00000000bfee8648 RDX=00000000bfee8640
RSI=719f1e26090cc0a5 RDI=4181da36b1ee129e RBP=4d1ab44318a031ab RSP=00000000bfec2360
R8 =a7663792a404f891 R9 =00000000bf8eef98 R10=00000000bfee9600 R11=0000000000000000
R12=00000000bed1c618 R13=00000000bfee8640 R14=00000000bfee1cc0 R15=00000000bfee1e49
RIP=00000000bfed5c1a RFL=00000206 [-----P-] CPL=0 II=0 A20=1 SMM=0 HLT=0
ES =0030 0000000000000000 ffffffff 00cf9300 DPL=0 DS   [-WA]
CS =0038 0000000000000000 ffffffff 00af9a00 DPL=0 CS64 [-R-]
SS =0030 0000000000000000 ffffffff 00cf9300 DPL=0 DS   [-WA]
DS =0030 0000000000000000 ffffffff 00cf9300 DPL=0 DS   [-WA]
FS =0030 0000000000000000 ffffffff 00cf9300 DPL=0 DS   [-WA]
GS =0030 0000000000000000 ffffffff 00cf9300 DPL=0 DS   [-WA]
LDT=0000 0000000000000000 0000ffff 00008200 DPL=0 LDT
TR =0000 0000000000000000 0000ffff 00008b00 DPL=0 TSS64-busy
GDT=     00000000bf9de000 00000047
IDT=     00000000bf4d2018 00000fff
CR0=80010033 CR2=0000000000000000 CR3=00000000bfc01000 CR4=00000668
DR0=0000000000000000 DR1=0000000000000000 DR2=0000000000000000 DR3=0000000000000000 
DR6=00000000ffff0ff0 DR7=0000000000000400
CCS=0000000000000004 CCD=00000000bfec2350 CCO=EFLAGS
EFER=0000000000000d00
Servicing hardware INT=0x20
   231: v=20 e=0000 i=0 cpl=0 IP=0038:00000000bfec36da pc=00000000bfec36da SP=0030:00000000bfec2530 env->regs[R_EAX]=00000000be8e5698
RAX=00000000be8e5698 RBX=00000000be8e56a0 RCX=0000000000000010 RDX=00000000be3cd298
RSI=00000000bfec2658 RDI=00000000bed1be18 RBP=00000000bed1be18 RSP=00000000bfec2530
R8 =00000000be3cd618 R9 =0000000000000000 R10=00000000bfee1e49 R11=0000000000000000
R12=00000000bfee87a0 R13=00000000bfee1cc0 R14=00000000bfee1e49 R15=00000000be3cd618
RIP=00000000bfec36da RFL=00000246 [---Z-P-] CPL=0 II=0 A20=1 SMM=0 HLT=0
ES =0030 0000000000000000 ffffffff 00cf9300 DPL=0 DS   [-WA]
CS =0038 0000000000000000 ffffffff 00af9a00 DPL=0 CS64 [-R-]
SS =0030 0000000000000000 ffffffff 00cf9300 DPL=0 DS   [-WA]
DS =0030 0000000000000000 ffffffff 00cf9300 DPL=0 DS   [-WA]
FS =0030 0000000000000000 ffffffff 00cf9300 DPL=0 DS   [-WA]
GS =0030 0000000000000000 ffffffff 00cf9300 DPL=0 DS   [-WA]
LDT=0000 0000000000000000 0000ffff 00008200 DPL=0 LDT
TR =0000 0000000000000000 0000ffff 00008b00 DPL=0 TSS64-busy
GDT=     00000000bf9de000 00000047
IDT=     00000000bf4d2018 00000fff
CR0=80010033 CR2=0000000000000000 CR3=00000000bfc01000 CR4=00000668
DR0=0000000000000000 DR1=0000000000000000 DR2=0000000000000000 DR3=0000000000000000 
DR6=00000000ffff0ff0 DR7=0000000000000400
CCS=0000000000000044 CCD=0000000000000000 CCO=EFLAGS
EFER=0000000000000d00
Servicing hardware INT=0x20
   232: v=20 e=0000 i=0 cpl=0 IP=0038:00000000bfec36da pc=00000000bfec36da SP=0030:00000000bfec2530 env->regs[R_EAX]=00000000becc2398
RAX=00000000becc2398 RBX=00000000becc23a0 RCX=0000000000000010 RDX=00000000be3cd298
RSI=00000000bfec2658 RDI=00000000bed88c18 RBP=00000000bed88c18 RSP=00000000bfec2530
R8 =00000000be3cd618 R9 =0000000000000000 R10=00000000bfee9600 R11=0000000000000000
R12=00000000bfee87a0 R13=00000000bfee1cc0 R14=00000000bfee1e49 R15=00000000be3cd618
RIP=00000000bfec36da RFL=00000246 [---Z-P-] CPL=0 II=0 A20=1 SMM=0 HLT=0
ES =0030 0000000000000000 ffffffff 00cf9300 DPL=0 DS   [-WA]
CS =0038 0000000000000000 ffffffff 00af9a00 DPL=0 CS64 [-R-]
SS =0030 0000000000000000 ffffffff 00cf9300 DPL=0 DS   [-WA]
DS =0030 0000000000000000 ffffffff 00cf9300 DPL=0 DS   [-WA]
FS =0030 0000000000000000 ffffffff 00cf9300 DPL=0 DS   [-WA]
GS =0030 0000000000000000 ffffffff 00cf9300 DPL=0 DS   [-WA]
LDT=0000 0000000000000000 0000ffff 00008200 DPL=0 LDT
TR =0000 0000000000000000 0000ffff 00008b00 DPL=0 TSS64-busy
GDT=     00000000bf9de000 00000047
IDT=     00000000bf4d2018 00000fff
CR0=80010033 CR2=0000000000000000 CR3=00000000bfc01000 CR4=00000668
DR0=0000000000000000 DR1=0000000000000000 DR2=0000000000000000 DR3=0000000000000000 
DR6=00000000ffff0ff0 DR7=0000000000000400
CCS=0000000000000044 CCD=0000000000000000 CCO=EFLAGS
EFER=0000000000000d00
Servicing hardware INT=0x20
   233: v=20 e=0000 i=0 cpl=0 IP=0038:00000000bfec36da pc=00000000bfec36da SP=0030:00000000bfec2540 env->regs[R_EAX]=00000000becc2398
RAX=00000000becc2398 RBX=00000000becc23a0 RCX=0000000000000010 RDX=00000000bfee8660
RSI=00000000bfec2748 RDI=00000000bed82398 RBP=00000000bed82398 RSP=00000000bfec2540
R8 =00000000bfec2668 R9 =00000000bf8eef98 R10=00000000bfee1e49 R11=0000000000000000
R12=00000000bfee87a0 R13=00000000bfee1cc0 R14=00000000bfee1e49 R15=0000000000000000
RIP=00000000bfec36da RFL=00000246 [---Z-P-] CPL=0 II=0 A20=1 SMM=0 HLT=0
ES =0030 0000000000000000 ffffffff 00cf9300 DPL=0 DS   [-WA]
CS =0038 0000000000000000 ffffffff 00af9a00 DPL=0 CS64 [-R-]
SS =0030 0000000000000000 ffffffff 00cf9300 DPL=0 DS   [-WA]
DS =0030 0000000000000000 ffffffff 00cf9300 DPL=0 DS   [-WA]
FS =0030 0000000000000000 ffffffff 00cf9300 DPL=0 DS   [-WA]
GS =0030 0000000000000000 ffffffff 00cf9300 DPL=0 DS   [-WA]
LDT=0000 0000000000000000 0000ffff 00008200 DPL=0 LDT
TR =0000 0000000000000000 0000ffff 00008b00 DPL=0 TSS64-busy
GDT=     00000000bf9de000 00000047
IDT=     00000000bf4d2018 00000fff
CR0=80010033 CR2=0000000000000000 CR3=00000000bfc01000 CR4=00000668
DR0=0000000000000000 DR1=0000000000000000 DR2=0000000000000000 DR3=0000000000000000 
DR6=00000000ffff0ff0 DR7=0000000000000400
CCS=0000000000000044 CCD=0000000000000000 CCO=EFLAGS
EFER=0000000000000d00
Servicing hardware INT=0x20
   234: v=20 e=0000 i=0 cpl=0 IP=0038:00000000bfec36da pc=00000000bfec36da SP=0030:00000000bfec2710 env->regs[R_EAX]=00000000be904918
RAX=00000000be904918 RBX=00000000be904920 RCX=0000000000000010 RDX=00000000be3cd298
RSI=00000000bfec2838 RDI=00000000becc3118 RBP=00000000becc3118 RSP=00000000bfec2710
R8 =00000000be3cd618 R9 =0000000000000000 R10=00000000bfee1e49 R11=0000000000000000
R12=00000000bfee87a0 R13=00000000bfee1cc0 R14=00000000bfee1e49 R15=00000000be3cd618
RIP=00000000bfec36da RFL=00000246 [---Z-P-] CPL=0 II=0 A20=1 SMM=0 HLT=0
ES =0030 0000000000000000 ffffffff 00cf9300 DPL=0 DS   [-WA]
CS =0038 0000000000000000 ffffffff 00af9a00 DPL=0 CS64 [-R-]
SS =0030 0000000000000000 ffffffff 00cf9300 DPL=0 DS   [-WA]
DS =0030 0000000000000000 ffffffff 00cf9300 DPL=0 DS   [-WA]
FS =0030 0000000000000000 ffffffff 00cf9300 DPL=0 DS   [-WA]
GS =0030 0000000000000000 ffffffff 00cf9300 DPL=0 DS   [-WA]
LDT=0000 0000000000000000 0000ffff 00008200 DPL=0 LDT
TR =0000 0000000000000000 0000ffff 00008b00 DPL=0 TSS64-busy
GDT=     00000000bf9de000 00000047
IDT=     00000000bf4d2018 00000fff
CR0=80010033 CR2=0000000000000000 CR3=00000000bfc01000 CR4=00000668
DR0=0000000000000000 DR1=0000000000000000 DR2=0000000000000000 DR3=0000000000000000 
DR6=00000000ffff0ff0 DR7=0000000000000400
CCS=0000000000000044 CCD=0000000000000000 CCO=EFLAGS
EFER=0000000000000d00
Servicing hardware INT=0x20
   235: v=20 e=0000 i=0 cpl=0 IP=0038:00000000bfec36b1 pc=00000000bfec36b1 SP=0030:00000000bfec2450 env->regs[R_EAX]=00000000becace98
RAX=00000000becace98 RBX=00000000becaea20 RCX=0000000000000010 RDX=00000000bfee8660
RSI=00000000bfec2658 RDI=00000000bed07218 RBP=00000000bed07218 RSP=00000000bfec2450
R8 =00000000bfec2578 R9 =00000000bf8eef98 R10=00000000bfee1e49 R11=0000000000000000
R12=00000000bfee87a0 R13=00000000bfee1cc0 R14=00000000bfee1e49 R15=0000000000000000
RIP=00000000bfec36b1 RFL=00000283 [--S---C] CPL=0 II=0 A20=1 SMM=0 HLT=0
ES =0030 0000000000000000 ffffffff 00cf9300 DPL=0 DS   [-WA]
CS =0038 0000000000000000 ffffffff 00af9a00 DPL=0 CS64 [-R-]
SS =0030 0000000000000000 ffffffff 00cf9300 DPL=0 DS   [-WA]
DS =0030 0000000000000000 ffffffff 00cf9300 DPL=0 DS   [-WA]
FS =0030 0000000000000000 ffffffff 00cf9300 DPL=0 DS   [-WA]
GS =0030 0000000000000000 ffffffff 00cf9300 DPL=0 DS   [-WA]
LDT=0000 0000000000000000 0000ffff 00008200 DPL=0 LDT
TR =0000 0000000000000000 0000ffff 00008b00 DPL=0 TSS64-busy
GDT=     00000000bf9de000 00000047
IDT=     00000000bf4d2018 00000fff
CR0=80010033 CR2=0000000000000000 CR3=00000000bfc01000 CR4=00000668
DR0=0000000000000000 DR1=0000000000000000 DR2=0000000000000000 DR3=0000000000000000 
DR6=00000000ffff0ff0 DR7=0000000000000400
CCS=0000000000000081 CCD=fffffffffedc6280 CCO=EFLAGS
EFER=0000000000000d00
Servicing hardware INT=0x20
   236: v=20 e=0000 i=0 cpl=0 IP=0038:00000000bfec36da pc=00000000bfec36da SP=0030:00000000bfec2440 env->regs[R_EAX]=00000000bece4b98
RAX=00000000bece4b98 RBX=00000000bece4ba0 RCX=0000000000000010 RDX=00000000be3cd298
RSI=00000000bfec2568 RDI=00000000bed82698 RBP=00000000bed82698 RSP=00000000bfec2440
R8 =00000000be3cd618 R9 =0000000000000000 R10=00000000bfee1e49 R11=0000000000000000
R12=00000000bfee87a0 R13=00000000bfee1cc0 R14=00000000bfee1e49 R15=00000000be3cd618
RIP=00000000bfec36da RFL=00000246 [---Z-P-] CPL=0 II=0 A20=1 SMM=0 HLT=0
ES =0030 0000000000000000 ffffffff 00cf9300 DPL=0 DS   [-WA]
CS =0038 0000000000000000 ffffffff 00af9a00 DPL=0 CS64 [-R-]
SS =0030 0000000000000000 ffffffff 00cf9300 DPL=0 DS   [-WA]
DS =0030 0000000000000000 ffffffff 00cf9300 DPL=0 DS   [-WA]
FS =0030 0000000000000000 ffffffff 00cf9300 DPL=0 DS   [-WA]
GS =0030 0000000000000000 ffffffff 00cf9300 DPL=0 DS   [-WA]
LDT=0000 0000000000000000 0000ffff 00008200 DPL=0 LDT
TR =0000 0000000000000000 0000ffff 00008b00 DPL=0 TSS64-busy
GDT=     00000000bf9de000 00000047
IDT=     00000000bf4d2018 00000fff
CR0=80010033 CR2=0000000000000000 CR3=00000000bfc01000 CR4=00000668
DR0=0000000000000000 DR1=0000000000000000 DR2=0000000000000000 DR3=0000000000000000 
DR6=00000000ffff0ff0 DR7=0000000000000400
CCS=0000000000000044 CCD=0000000000000000 CCO=EFLAGS
EFER=0000000000000d00
Servicing hardware INT=0x20
   237: v=20 e=0000 i=0 cpl=0 IP=0038:00000000bfec905f pc=00000000bfec905f SP=0030:00000000bfec2650 env->regs[R_EAX]=0000000000000000
RAX=0000000000000000 RBX=0000000000000041 RCX=0000000000000010 RDX=00000000be3cd298
RSI=00000000bfec2748 RDI=00000000bed06398 RBP=00000000bed06398 RSP=00000000bfec2650
R8 =00000000be3cd618 R9 =0000000000000000 R10=00000000bfee1e49 R11=0000000000000000
R12=00000000bfec2748 R13=00000000be3cd298 R14=0000000000000041 R15=00000000be3cd618
RIP=00000000bfec905f RFL=00000246 [---Z-P-] CPL=0 II=0 A20=1 SMM=0 HLT=0
ES =0030 0000000000000000 ffffffff 00cf9300 DPL=0 DS   [-WA]
CS =0038 0000000000000000 ffffffff 00af9a00 DPL=0 CS64 [-R-]
SS =0030 0000000000000000 ffffffff 00cf9300 DPL=0 DS   [-WA]
DS =0030 0000000000000000 ffffffff 00cf9300 DPL=0 DS   [-WA]
FS =0030 0000000000000000 ffffffff 00cf9300 DPL=0 DS   [-WA]
GS =0030 0000000000000000 ffffffff 00cf9300 DPL=0 DS   [-WA]
LDT=0000 0000000000000000 0000ffff 00008200 DPL=0 LDT
TR =0000 0000000000000000 0000ffff 00008b00 DPL=0 TSS64-busy
GDT=     00000000bf9de000 00000047
IDT=     00000000bf4d2018 00000fff
CR0=80010033 CR2=0000000000000000 CR3=00000000bfc01000 CR4=00000668
DR0=0000000000000000 DR1=0000000000000000 DR2=0000000000000000 DR3=0000000000000000 
DR6=00000000ffff0ff0 DR7=0000000000000400
CCS=0000000000000044 CCD=0000000000000000 CCO=EFLAGS
EFER=0000000000000d00
Servicing hardware INT=0x20
   238: v=20 e=0000 i=0 cpl=0 IP=0038:00000000bfec36b1 pc=00000000bfec36b1 SP=0030:00000000bfec2670 env->regs[R_EAX]=00000000be908898
RAX=00000000be908898 RBX=00000000be9093a0 RCX=0000000000000010 RDX=00000000bfee8640
RSI=00000000bfee8640 RDI=00000000becb5098 RBP=00000000becb5098 RSP=00000000bfec2670
R8 =00000000bfec2830 R9 =00000000bf8eef98 R10=00000000bfee1e49 R11=0000000000000000
R12=00000000bfee87a0 R13=00000000bfee1cc0 R14=00000000bfee1e49 R15=0000000000000000
RIP=00000000bfec36b1 RFL=00000287 [--S--PC] CPL=0 II=0 A20=1 SMM=0 HLT=0
ES =0030 0000000000000000 ffffffff 00cf9300 DPL=0 DS   [-WA]
CS =0038 0000000000000000 ffffffff 00af9a00 DPL=0 CS64 [-R-]
SS =0030 0000000000000000 ffffffff 00cf9300 DPL=0 DS   [-WA]
DS =0030 0000000000000000 ffffffff 00cf9300 DPL=0 DS   [-WA]
FS =0030 0000000000000000 ffffffff 00cf9300 DPL=0 DS   [-WA]
GS =0030 0000000000000000 ffffffff 00cf9300 DPL=0 DS   [-WA]
LDT=0000 0000000000000000 0000ffff 00008200 DPL=0 LDT
TR =0000 0000000000000000 0000ffff 00008b00 DPL=0 TSS64-busy
GDT=     00000000bf9de000 00000047
IDT=     00000000bf4d2018 00000fff
CR0=80010033 CR2=0000000000000000 CR3=00000000bfc01000 CR4=00000668
DR0=0000000000000000 DR1=0000000000000000 DR2=0000000000000000 DR3=0000000000000000 
DR6=00000000ffff0ff0 DR7=0000000000000400
CCS=0000000000000085 CCD=fffffffffea20c00 CCO=EFLAGS
EFER=0000000000000d00
Servicing hardware INT=0x20
   239: v=20 e=0000 i=0 cpl=0 IP=0038:00000000bfec9595 pc=00000000bfec9595 SP=0030:00000000bfec27a0 env->regs[R_EAX]=000000000000002f
RAX=000000000000002f RBX=00000000bed7f018 RCX=0000000000000017 RDX=000000000000000a
RSI=0000000000000040 RDI=00000000bfee8610 RBP=0000000000000009 RSP=00000000bfec27a0
R8 =0000000000000041 R9 =00000000bed05080 R10=0000000000000010 R11=0000000000000000
R12=0000000000000000 R13=00000000be3cd298 R14=0000000000000041 R15=00000000be3cd618
RIP=00000000bfec9595 RFL=00000287 [--S--PC] CPL=0 II=0 A20=1 SMM=0 HLT=0
ES =0030 0000000000000000 ffffffff 00cf9300 DPL=0 DS   [-WA]
CS =0038 0000000000000000 ffffffff 00af9a00 DPL=0 CS64 [-R-]
SS =0030 0000000000000000 ffffffff 00cf9300 DPL=0 DS   [-WA]
DS =0030 0000000000000000 ffffffff 00cf9300 DPL=0 DS   [-WA]
FS =0030 0000000000000000 ffffffff 00cf9300 DPL=0 DS   [-WA]
GS =0030 0000000000000000 ffffffff 00cf9300 DPL=0 DS   [-WA]
LDT=0000 0000000000000000 0000ffff 00008200 DPL=0 LDT
TR =0000 0000000000000000 0000ffff 00008b00 DPL=0 TSS64-busy
GDT=     00000000bf9de000 00000047
IDT=     00000000bf4d2018 00000fff
CR0=80010033 CR2=0000000000000000 CR3=00000000bfc01000 CR4=00000668
DR0=0000000000000000 DR1=0000000000000000 DR2=0000000000000000 DR3=0000000000000000 
DR6=00000000ffff0ff0 DR7=0000000000000400
CCS=0000000000000085 CCD=fffffffffffffff0 CCO=EFLAGS
EFER=0000000000000d00
Servicing hardware INT=0x20
   240: v=20 e=0000 i=0 cpl=0 IP=0038:00000000bed5f670 pc=00000000bed5f670 SP=0030:00000000bfec2a98 env->regs[R_EAX]=00000000be3cd598
RAX=00000000be3cd598 RBX=0000000000000001 RCX=00000000bf09ce20 RDX=00000000be885ab8
RSI=0000000000000008 RDI=00000000be89ae98 RBP=00000000bfec2b10 RSP=00000000bfec2a98
R8 =0000000000000004 R9 =0000000000000030 R10=00000000bfee1e49 R11=0000000000000000
R12=0000000000000000 R13=00000000bed6e4c0 R14=0000000000000000 R15=0000000000000001
RIP=00000000bed5f670 RFL=00000202 [-------] CPL=0 II=0 A20=1 SMM=0 HLT=0
ES =0030 0000000000000000 ffffffff 00cf9300 DPL=0 DS   [-WA]
CS =0038 0000000000000000 ffffffff 00af9a00 DPL=0 CS64 [-R-]
SS =0030 0000000000000000 ffffffff 00cf9300 DPL=0 DS   [-WA]
DS =0030 0000000000000000 ffffffff 00cf9300 DPL=0 DS   [-WA]
FS =0030 0000000000000000 ffffffff 00cf9300 DPL=0 DS   [-WA]
GS =0030 0000000000000000 ffffffff 00cf9300 DPL=0 DS   [-WA]
LDT=0000 0000000000000000 0000ffff 00008200 DPL=0 LDT
TR =0000 0000000000000000 0000ffff 00008b00 DPL=0 TSS64-busy
GDT=     00000000bf9de000 00000047
IDT=     00000000bf4d2018 00000fff
CR0=80010033 CR2=0000000000000000 CR3=00000000bfc01000 CR4=00000668
DR0=0000000000000000 DR1=0000000000000000 DR2=0000000000000000 DR3=0000000000000000 
DR6=00000000ffff0ff0 DR7=0000000000000400
CCS=0000000000000000 CCD=0000000000000001 CCO=EFLAGS
EFER=0000000000000d00
Servicing hardware INT=0x20
   241: v=20 e=0000 i=0 cpl=0 IP=0038:00000000bfac5a32 pc=00000000bfac5a32 SP=0030:00000000bfec2840 env->regs[R_EAX]=0000000000000008
RAX=0000000000000008 RBX=00000000bfec2a46 RCX=00000000bfacf986 RDX=0000000000000024
RSI=00000000bfec2a52 RDI=00000000bfec2a50 RBP=0000000000000000 RSP=00000000bfec2840
R8 =00000000bfacd095 R9 =0000000000000000 R10=0000000000000001 R11=0000000000000001
R12=00000000bfad0800 R13=0000000000000004 R14=00000000bed6e7c0 R15=00000000bfad0800
RIP=00000000bfac5a32 RFL=00000202 [-------] CPL=0 II=0 A20=1 SMM=0 HLT=0
ES =0030 0000000000000000 ffffffff 00cf9300 DPL=0 DS   [-WA]
CS =0038 0000000000000000 ffffffff 00af9a00 DPL=0 CS64 [-R-]
SS =0030 0000000000000000 ffffffff 00cf9300 DPL=0 DS   [-WA]
DS =0030 0000000000000000 ffffffff 00cf9300 DPL=0 DS   [-WA]
FS =0030 0000000000000000 ffffffff 00cf9300 DPL=0 DS   [-WA]
GS =0030 0000000000000000 ffffffff 00cf9300 DPL=0 DS   [-WA]
LDT=0000 0000000000000000 0000ffff 00008200 DPL=0 LDT
TR =0000 0000000000000000 0000ffff 00008b00 DPL=0 TSS64-busy
GDT=     00000000bf9de000 00000047
IDT=     00000000bf4d2018 00000fff
CR0=80010033 CR2=0000000000000000 CR3=00000000bfc01000 CR4=00000668
DR0=0000000000000000 DR1=0000000000000000 DR2=0000000000000000 DR3=0000000000000000 
DR6=00000000ffff0ff0 DR7=0000000000000400
CCS=0000000000000000 CCD=00000000bfec2820 CCO=EFLAGS
EFER=0000000000000d00
Servicing hardware INT=0x20
   242: v=20 e=0000 i=0 cpl=0 IP=0038:00000000bfae8c5a pc=00000000bfae8c5a SP=0030:00000000bfec2700 env->regs[R_EAX]=0000000000000000
RAX=0000000000000000 RBX=00000000ffe08dba RCX=0000000000000101 RDX=ffffffffffffffff
RSI=000000000000003d RDI=00000000ffe08dba RBP=000000000000003d RSP=00000000bfec2700
R8 =0000000000000dba R9 =00000000bfec27c8 R10=00000000ffe08dbb R11=0000000000000001
R12=00000000ffe08dba R13=0000000000000001 R14=00000000bfec27c8 R15=0000000000000008
RIP=00000000bfae8c5a RFL=00000246 [---Z-P-] CPL=0 II=0 A20=1 SMM=0 HLT=0
ES =0030 0000000000000000 ffffffff 00cf9300 DPL=0 DS   [-WA]
CS =0038 0000000000000000 ffffffff 00af9a00 DPL=0 CS64 [-R-]
SS =0030 0000000000000000 ffffffff 00cf9300 DPL=0 DS   [-WA]
DS =0030 0000000000000000 ffffffff 00cf9300 DPL=0 DS   [-WA]
FS =0030 0000000000000000 ffffffff 00cf9300 DPL=0 DS   [-WA]
GS =0030 0000000000000000 ffffffff 00cf9300 DPL=0 DS   [-WA]
LDT=0000 0000000000000000 0000ffff 00008200 DPL=0 LDT
TR =0000 0000000000000000 0000ffff 00008b00 DPL=0 TSS64-busy
GDT=     00000000bf9de000 00000047
IDT=     00000000bf4d2018 00000fff
CR0=80010033 CR2=0000000000000000 CR3=00000000bfc01000 CR4=00000668
DR0=0000000000000000 DR1=0000000000000000 DR2=0000000000000000 DR3=0000000000000000 
DR6=00000000ffff0ff0 DR7=0000000000000400
CCS=0000000000000044 CCD=0000000000000000 CCO=EFLAGS
EFER=0000000000000d00
Servicing hardware INT=0x20
   243: v=20 e=0000 i=0 cpl=0 IP=0038:00000000bfac4db7 pc=00000000bfac4db7 SP=0030:00000000bfec2820 env->regs[R_EAX]=00000000bf9adf01
RAX=00000000bf9adf01 RBX=0000000000000000 RCX=00000000bf9adca8 RDX=00000000bf9adf58
RSI=00000000bf9bb018 RDI=00000000bf9adf58 RBP=000000000000003c RSP=00000000bfec2820
R8 =0000000000000001 R9 =0000000000000001 R10=00000000ffe08f33 R11=0000000000000001
R12=00000000bed6c736 R13=0000000000000001 R14=0000000000000001 R15=00000000bfec28f8
RIP=00000000bfac4db7 RFL=00000246 [---Z-P-] CPL=0 II=0 A20=1 SMM=0 HLT=0
ES =0030 0000000000000000 ffffffff 00cf9300 DPL=0 DS   [-WA]
CS =0038 0000000000000000 ffffffff 00af9a00 DPL=0 CS64 [-R-]
SS =0030 0000000000000000 ffffffff 00cf9300 DPL=0 DS   [-WA]
DS =0030 0000000000000000 ffffffff 00cf9300 DPL=0 DS   [-WA]
FS =0030 0000000000000000 ffffffff 00cf9300 DPL=0 DS   [-WA]
GS =0030 0000000000000000 ffffffff 00cf9300 DPL=0 DS   [-WA]
LDT=0000 0000000000000000 0000ffff 00008200 DPL=0 LDT
TR =0000 0000000000000000 0000ffff 00008b00 DPL=0 TSS64-busy
GDT=     00000000bf9de000 00000047
IDT=     00000000bf4d2018 00000fff
CR0=80010033 CR2=0000000000000000 CR3=00000000bfc01000 CR4=00000668
DR0=0000000000000000 DR1=0000000000000000 DR2=0000000000000000 DR3=0000000000000000 
DR6=00000000ffff0ff0 DR7=0000000000000400
CCS=0000000000000044 CCD=0000000000000000 CCO=EFLAGS
EFER=0000000000000d00
Servicing hardware INT=0x20
   244: v=20 e=0000 i=0 cpl=0 IP=0038:00000000bfae8c5a pc=00000000bfae8c5a SP=0030:00000000bfec2710 env->regs[R_EAX]=0000000000000000
RAX=0000000000000000 RBX=00000000ffe0a2ba RCX=0000000000000101 RDX=ffffffffffffffff
RSI=0000000000000010 RDI=00000000ffe0a2ba RBP=0000000000000010 RSP=00000000bfec2710
R8 =00000000000002ba R9 =00000000bfec27d8 R10=00000000ffe0a2bb R11=0000000000000001
R12=00000000ffe0a2ba R13=0000000000000000 R14=00000000bfec27d8 R15=000000000000000a
RIP=00000000bfae8c5a RFL=00000246 [---Z-P-] CPL=0 II=0 A20=1 SMM=0 HLT=0
ES =0030 0000000000000000 ffffffff 00cf9300 DPL=0 DS   [-WA]
CS =0038 0000000000000000 ffffffff 00af9a00 DPL=0 CS64 [-R-]
SS =0030 0000000000000000 ffffffff 00cf9300 DPL=0 DS   [-WA]
DS =0030 0000000000000000 ffffffff 00cf9300 DPL=0 DS   [-WA]
FS =0030 0000000000000000 ffffffff 00cf9300 DPL=0 DS   [-WA]
GS =0030 0000000000000000 ffffffff 00cf9300 DPL=0 DS   [-WA]
LDT=0000 0000000000000000 0000ffff 00008200 DPL=0 LDT
TR =0000 0000000000000000 0000ffff 00008b00 DPL=0 TSS64-busy
GDT=     00000000bf9de000 00000047
IDT=     00000000bf4d2018 00000fff
CR0=80010033 CR2=0000000000000000 CR3=00000000bfc01000 CR4=00000668
DR0=0000000000000000 DR1=0000000000000000 DR2=0000000000000000 DR3=0000000000000000 
DR6=00000000ffff0ff0 DR7=0000000000000400
CCS=0000000000000044 CCD=0000000000000000 CCO=EFLAGS
EFER=0000000000000d00
Servicing hardware INT=0x20
   245: v=20 e=0000 i=0 cpl=0 IP=0038:00000000bfac8f00 pc=00000000bfac8f00 SP=0030:00000000bfec2830 env->regs[R_EAX]=0000000000000000
RAX=0000000000000000 RBX=00000000bfec2930 RCX=0000000000000000 RDX=00000000bf9bb018
RSI=00000000bf9be07c RDI=00000000bf9ad018 RBP=000000000000000c RSP=00000000bfec2830
R8 =00000000000000ff R9 =0000000000000000 R10=00000000bf9cd198 R11=0000000000000001
R12=00000000bfec2878 R13=0000000000000000 R14=00000000bf9bb018 R15=00000000bface501
RIP=00000000bfac8f00 RFL=00000206 [-----P-] CPL=0 II=0 A20=1 SMM=0 HLT=0
ES =0030 0000000000000000 ffffffff 00cf9300 DPL=0 DS   [-WA]
CS =0038 0000000000000000 ffffffff 00af9a00 DPL=0 CS64 [-R-]
SS =0030 0000000000000000 ffffffff 00cf9300 DPL=0 DS   [-WA]
DS =0030 0000000000000000 ffffffff 00cf9300 DPL=0 DS   [-WA]
FS =0030 0000000000000000 ffffffff 00cf9300 DPL=0 DS   [-WA]
GS =0030 0000000000000000 ffffffff 00cf9300 DPL=0 DS   [-WA]
LDT=0000 0000000000000000 0000ffff 00008200 DPL=0 LDT
TR =0000 0000000000000000 0000ffff 00008b00 DPL=0 TSS64-busy
GDT=     00000000bf9de000 00000047
IDT=     00000000bf4d2018 00000fff
CR0=80010033 CR2=0000000000000000 CR3=00000000bfc01000 CR4=00000668
DR0=0000000000000000 DR1=0000000000000000 DR2=0000000000000000 DR3=0000000000000000 
DR6=00000000ffff0ff0 DR7=0000000000000400
CCS=0000000000000004 CCD=0000000000000006 CCO=EFLAGS
EFER=0000000000000d00
Servicing hardware INT=0x20
   246: v=20 e=0000 i=0 cpl=0 IP=0038:00000000bfae8c5a pc=00000000bfae8c5a SP=0030:00000000bfec2640 env->regs[R_EAX]=0000000000000000
RAX=0000000000000000 RBX=00000000ffe0a506 RCX=0000000000000101 RDX=ffffffffffffffff
RSI=0000000000000006 RDI=00000000ffe0a506 RBP=0000000000000006 RSP=00000000bfec2640
R8 =00000000000004a4 R9 =00000000bfec2708 R10=00000000ffe0a57f R11=0000000000000001
R12=00000000ffe0a506 R13=0000000000000063 R14=00000000bfec2708 R15=000000000000000a
RIP=00000000bfae8c5a RFL=00000246 [---Z-P-] CPL=0 II=0 A20=1 SMM=0 HLT=0
ES =0030 0000000000000000 ffffffff 00cf9300 DPL=0 DS   [-WA]
CS =0038 0000000000000000 ffffffff 00af9a00 DPL=0 CS64 [-R-]
SS =0030 0000000000000000 ffffffff 00cf9300 DPL=0 DS   [-WA]
DS =0030 0000000000000000 ffffffff 00cf9300 DPL=0 DS   [-WA]
FS =0030 0000000000000000 ffffffff 00cf9300 DPL=0 DS   [-WA]
GS =0030 0000000000000000 ffffffff 00cf9300 DPL=0 DS   [-WA]
LDT=0000 0000000000000000 0000ffff 00008200 DPL=0 LDT
TR =0000 0000000000000000 0000ffff 00008b00 DPL=0 TSS64-busy
GDT=     00000000bf9de000 00000047
IDT=     00000000bf4d2018 00000fff
CR0=80010033 CR2=0000000000000000 CR3=00000000bfc01000 CR4=00000668
DR0=0000000000000000 DR1=0000000000000000 DR2=0000000000000000 DR3=0000000000000000 
DR6=00000000ffff0ff0 DR7=0000000000000400
CCS=0000000000000044 CCD=0000000000000000 CCO=EFLAGS
EFER=0000000000000d00
Servicing hardware INT=0x20
   247: v=20 e=0000 i=0 cpl=0 IP=0038:00000000bfae8c5a pc=00000000bfae8c5a SP=0030:00000000bfec2710 env->regs[R_EAX]=0000000000000000
RAX=0000000000000000 RBX=00000000ffe0a6dc RCX=0000000000000101 RDX=ffffffffffffffff
RSI=0000000000000010 RDI=00000000ffe0a6dc RBP=0000000000000010 RSP=00000000bfec2710
R8 =00000000000006dc R9 =00000000bfec27d8 R10=00000000ffe0a718 R11=0000000000000001
R12=00000000ffe0a6dc R13=0000000000000000 R14=00000000bfec27d8 R15=000000000000000a
RIP=00000000bfae8c5a RFL=00000246 [---Z-P-] CPL=0 II=0 A20=1 SMM=0 HLT=0
ES =0030 0000000000000000 ffffffff 00cf9300 DPL=0 DS   [-WA]
CS =0038 0000000000000000 ffffffff 00af9a00 DPL=0 CS64 [-R-]
SS =0030 0000000000000000 ffffffff 00cf9300 DPL=0 DS   [-WA]
DS =0030 0000000000000000 ffffffff 00cf9300 DPL=0 DS   [-WA]
FS =0030 0000000000000000 ffffffff 00cf9300 DPL=0 DS   [-WA]
GS =0030 0000000000000000 ffffffff 00cf9300 DPL=0 DS   [-WA]
LDT=0000 0000000000000000 0000ffff 00008200 DPL=0 LDT
TR =0000 0000000000000000 0000ffff 00008b00 DPL=0 TSS64-busy
GDT=     00000000bf9de000 00000047
IDT=     00000000bf4d2018 00000fff
CR0=80010033 CR2=0000000000000000 CR3=00000000bfc01000 CR4=00000668
DR0=0000000000000000 DR1=0000000000000000 DR2=0000000000000000 DR3=0000000000000000 
DR6=00000000ffff0ff0 DR7=0000000000000400
CCS=0000000000000044 CCD=0000000000000000 CCO=EFLAGS
EFER=0000000000000d00
Servicing hardware INT=0x20
   248: v=20 e=0000 i=0 cpl=0 IP=0038:00000000bfac30e6 pc=00000000bfac30e6 SP=0030:00000000bfec2808 env->regs[R_EAX]=00000000b19c0000
RAX=00000000b19c0000 RBX=0000000000000000 RCX=00000000bf9c02d0 RDX=00000000bf9c0200
RSI=0000000000000001 RDI=00000000bf9c029c RBP=000000000000003c RSP=00000000bfec2808
R8 =0c07df39b19dcdb1 R9 =0000000000000001 R10=0000000000000001 R11=0000000000000001
R12=00000000bfec2af0 R13=0000000000000001 R14=0000000000000001 R15=00000000bfec28e8
RIP=00000000bfac30e6 RFL=00000246 [---Z-P-] CPL=0 II=0 A20=1 SMM=0 HLT=0
ES =0030 0000000000000000 ffffffff 00cf9300 DPL=0 DS   [-WA]
CS =0038 0000000000000000 ffffffff 00af9a00 DPL=0 CS64 [-R-]
SS =0030 0000000000000000 ffffffff 00cf9300 DPL=0 DS   [-WA]
DS =0030 0000000000000000 ffffffff 00cf9300 DPL=0 DS   [-WA]
FS =0030 0000000000000000 ffffffff 00cf9300 DPL=0 DS   [-WA]
GS =0030 0000000000000000 ffffffff 00cf9300 DPL=0 DS   [-WA]
LDT=0000 0000000000000000 0000ffff 00008200 DPL=0 LDT
TR =0000 0000000000000000 0000ffff 00008b00 DPL=0 TSS64-busy
GDT=     00000000bf9de000 00000047
IDT=     00000000bf4d2018 00000fff
CR0=80010033 CR2=0000000000000000 CR3=00000000bfc01000 CR4=00000668
DR0=0000000000000000 DR1=0000000000000000 DR2=0000000000000000 DR3=0000000000000000 
DR6=00000000ffff0ff0 DR7=0000000000000400
CCS=0000000000000044 CCD=00000000b19c0000 CCO=EFLAGS
EFER=0000000000000d00
Servicing hardware INT=0x20
   249: v=20 e=0000 i=0 cpl=0 IP=0038:00000000bec8173b pc=00000000bec8173b SP=0030:00000000bfec2818 env->regs[R_EAX]=00000000be8cc040
RAX=00000000be8cc040 RBX=00000000becf8240 RCX=00000000be8cc040 RDX=00000000be8ca618
RSI=0000000000000002 RDI=00000000bed87218 RBP=00000000becf6da3 RSP=00000000bfec2818
R8 =0000000000000004 R9 =0000000000000000 R10=00000000bfee1e49 R11=0000000000000004
R12=00000000bed87218 R13=00000000bebddd98 R14=00000000bed6e900 R15=00000000bed6b992
RIP=00000000bec8173b RFL=00000202 [-------] CPL=0 II=0 A20=1 SMM=0 HLT=0
ES =0030 0000000000000000 ffffffff 00cf9300 DPL=0 DS   [-WA]
CS =0038 0000000000000000 ffffffff 00af9a00 DPL=0 CS64 [-R-]
SS =0030 0000000000000000 ffffffff 00cf9300 DPL=0 DS   [-WA]
DS =0030 0000000000000000 ffffffff 00cf9300 DPL=0 DS   [-WA]
FS =0030 0000000000000000 ffffffff 00cf9300 DPL=0 DS   [-WA]
GS =0030 0000000000000000 ffffffff 00cf9300 DPL=0 DS   [-WA]
LDT=0000 0000000000000000 0000ffff 00008200 DPL=0 LDT
TR =0000 0000000000000000 0000ffff 00008b00 DPL=0 TSS64-busy
GDT=     00000000bf9de000 00000047
IDT=     00000000bf4d2018 00000fff
CR0=80010033 CR2=0000000000000000 CR3=00000000bfc01000 CR4=00000668
DR0=0000000000000000 DR1=0000000000000000 DR2=0000000000000000 DR3=0000000000000000 
DR6=00000000ffff0ff0 DR7=0000000000000400
CCS=0000000000000000 CCD=0000000000000002 CCO=EFLAGS
EFER=0000000000000d00
Servicing hardware INT=0x20
   250: v=20 e=0000 i=0 cpl=0 IP=0038:00000000bec06240 pc=00000000bec06240 SP=0030:00000000bfec28b8 env->regs[R_EAX]=8000000000000003
RAX=8000000000000003 RBX=00000000be89ae98 RCX=00000000bec0eca0 RDX=00000000be89ae98
RSI=00000000bfee8601 RDI=00000000bfee8601 RBP=0000000000000029 RSP=00000000bfec28b8
R8 =00000000bebdde18 R9 =00000000becb6298 R10=00000000bfee1e49 R11=0000000000000006
R12=00000000bebdde18 R13=00000000bebdc598 R14=00000000bec0eca0 R15=0000000000000000
RIP=00000000bec06240 RFL=00000206 [-----P-] CPL=0 II=0 A20=1 SMM=0 HLT=0
ES =0030 0000000000000000 ffffffff 00cf9300 DPL=0 DS   [-WA]
CS =0038 0000000000000000 ffffffff 00af9a00 DPL=0 CS64 [-R-]
SS =0030 0000000000000000 ffffffff 00cf9300 DPL=0 DS   [-WA]
DS =0030 0000000000000000 ffffffff 00cf9300 DPL=0 DS   [-WA]
FS =0030 0000000000000000 ffffffff 00cf9300 DPL=0 DS   [-WA]
GS =0030 0000000000000000 ffffffff 00cf9300 DPL=0 DS   [-WA]
LDT=0000 0000000000000000 0000ffff 00008200 DPL=0 LDT
TR =0000 0000000000000000 0000ffff 00008b00 DPL=0 TSS64-busy
GDT=     00000000bf9de000 00000047
IDT=     00000000bf4d2018 00000fff
CR0=80010033 CR2=0000000000000000 CR3=00000000bfc01000 CR4=00000668
DR0=0000000000000000 DR1=0000000000000000 DR2=0000000000000000 DR3=0000000000000000 
DR6=00000000ffff0ff0 DR7=0000000000000400
CCS=0000000000000004 CCD=00000000bec0eca0 CCO=EFLAGS
EFER=0000000000000d00
Servicing hardware INT=0x20
   251: v=20 e=0000 i=0 cpl=0 IP=0038:00000000bf4cbe05 pc=00000000bf4cbe05 SP=0030:00000000bfec1ee8 env->regs[R_EAX]=0000000000000000
RAX=0000000000000000 RBX=00000000be896000 RCX=0000000000000000 RDX=0000000000000170
RSI=0000000000000001 RDI=00000000be896012 RBP=0000000000000002 RSP=00000000bfec1ee8
R8 =0000000000000000 R9 =0000000000000170 R10=0000000000000000 R11=0000000000000005
R12=0000000000000170 R13=0000000000000009 R14=0000000000000001 R15=0000000000000009
RIP=00000000bf4cbe05 RFL=00000246 [---Z-P-] CPL=0 II=0 A20=1 SMM=0 HLT=0
ES =0030 0000000000000000 ffffffff 00cf9300 DPL=0 DS   [-WA]
CS =0038 0000000000000000 ffffffff 00af9a00 DPL=0 CS64 [-R-]
SS =0030 0000000000000000 ffffffff 00cf9300 DPL=0 DS   [-WA]
DS =0030 0000000000000000 ffffffff 00cf9300 DPL=0 DS   [-WA]
FS =0030 0000000000000000 ffffffff 00cf9300 DPL=0 DS   [-WA]
GS =0030 0000000000000000 ffffffff 00cf9300 DPL=0 DS   [-WA]
LDT=0000 0000000000000000 0000ffff 00008200 DPL=0 LDT
TR =0000 0000000000000000 0000ffff 00008b00 DPL=0 TSS64-busy
GDT=     00000000bf9de000 00000047
IDT=     00000000bf4d2018 00000fff
CR0=80010033 CR2=0000000000000000 CR3=00000000bfc01000 CR4=00000668
DR0=0000000000000000 DR1=0000000000000000 DR2=0000000000000000 DR3=0000000000000000 
DR6=00000000ffff0ff0 DR7=0000000000000400
CCS=0000000000000044 CCD=0000000000000000 CCO=EFLAGS
EFER=0000000000000d00
Servicing hardware INT=0x20
   252: v=20 e=0000 i=0 cpl=0 IP=0038:00000000bf03e496 pc=00000000bf03e496 SP=0030:00000000bfec20c0 env->regs[R_EAX]=0000000000000500
RAX=0000000000000500 RBX=00000000be893098 RCX=00000000000004f6 RDX=0000000000000008
RSI=8000000000000009 RDI=0000000000000000 RBP=0000000000000000 RSP=00000000bfec20c0
R8 =0000000000000400 R9 =000000000000007f R10=0000000000000500 R11=0000000000000000
R12=0000000000000000 R13=00000000bebddd98 R14=00000000be893098 R15=00000000bf048240
RIP=00000000bf03e496 RFL=00000246 [---Z-P-] CPL=0 II=0 A20=1 SMM=0 HLT=0
ES =0030 0000000000000000 ffffffff 00cf9300 DPL=0 DS   [-WA]
CS =0038 0000000000000000 ffffffff 00af9a00 DPL=0 CS64 [-R-]
SS =0030 0000000000000000 ffffffff 00cf9300 DPL=0 DS   [-WA]
DS =0030 0000000000000000 ffffffff 00cf9300 DPL=0 DS   [-WA]
FS =0030 0000000000000000 ffffffff 00cf9300 DPL=0 DS   [-WA]
GS =0030 0000000000000000 ffffffff 00cf9300 DPL=0 DS   [-WA]
LDT=0000 0000000000000000 0000ffff 00008200 DPL=0 LDT
TR =0000 0000000000000000 0000ffff 00008b00 DPL=0 TSS64-busy
GDT=     00000000bf9de000 00000047
IDT=     00000000bf4d2018 00000fff
CR0=80010033 CR2=0000000000000000 CR3=00000000bfc01000 CR4=00000668
DR0=0000000000000000 DR1=0000000000000000 DR2=0000000000000000 DR3=0000000000000000 
DR6=00000000ffff0ff0 DR7=0000000000000400
CCS=0000000000000044 CCD=0000000000000000 CCO=EFLAGS
EFER=0000000000000d00
Servicing hardware INT=0x20
   253: v=20 e=0000 i=0 cpl=0 IP=0038:00000000beca28e6 pc=00000000beca28e6 SP=0030:00000000bfec2010 env->regs[R_EAX]=00000000000063b5
RAX=00000000000063b5 RBX=0000000000b0e441 RCX=000000000000b008 RDX=000000000000b008
RSI=000000000004baf0 RDI=0000000000000000 RBP=00000000be2b0000 RSP=00000000bfec2010
R8 =0000000000b0808c R9 =00000000000003f6 R10=0000000000000000 R11=0000000000000000
R12=0000000000002710 R13=0000000000000000 R14=00000000be8a23d4 R15=0000000000000011
RIP=00000000beca28e6 RFL=00000202 [-------] CPL=0 II=0 A20=1 SMM=0 HLT=0
ES =0030 0000000000000000 ffffffff 00cf9300 DPL=0 DS   [-WA]
CS =0038 0000000000000000 ffffffff 00af9a00 DPL=0 CS64 [-R-]
SS =0030 0000000000000000 ffffffff 00cf9300 DPL=0 DS   [-WA]
DS =0030 0000000000000000 ffffffff 00cf9300 DPL=0 DS   [-WA]
FS =0030 0000000000000000 ffffffff 00cf9300 DPL=0 DS   [-WA]
GS =0030 0000000000000000 ffffffff 00cf9300 DPL=0 DS   [-WA]
LDT=0000 0000000000000000 0000ffff 00008200 DPL=0 LDT
TR =0000 0000000000000000 0000ffff 00008b00 DPL=0 TSS64-busy
GDT=     00000000bf9de000 00000047
IDT=     00000000bf4d2018 00000fff
CR0=80010033 CR2=0000000000000000 CR3=00000000bfc01000 CR4=00000668
DR0=0000000000000000 DR1=0000000000000000 DR2=0000000000000000 DR3=0000000000000000 
DR6=00000000ffff0ff0 DR7=0000000000000400
CCS=0000000000000000 CCD=00000000000063b5 CCO=EFLAGS
EFER=0000000000000d00
Servicing hardware INT=0x20
   254: v=20 e=0000 i=0 cpl=0 IP=0038:00000000beca2896 pc=00000000beca2896 SP=0030:00000000bfec1e10 env->regs[R_EAX]=0000000000b118f3
RAX=0000000000b118f3 RBX=0000000000000000 RCX=000000000000b008 RDX=000000000000b008
RSI=000000000004baf0 RDI=0000000000000000 RBP=00000000be2b0000 RSP=00000000bfec1e10
R8 =0000000000b117fd R9 =00000000000003f6 R10=0000000000000000 R11=0000000000000000
R12=000000000000b008 R13=0000000000000000 R14=00000000be8a23d4 R15=0000000000000011
RIP=00000000beca2896 RFL=00000293 [--S-A-C] CPL=0 II=0 A20=1 SMM=0 HLT=0
ES =0030 0000000000000000 ffffffff 00cf9300 DPL=0 DS   [-WA]
CS =0038 0000000000000000 ffffffff 00af9a00 DPL=0 CS64 [-R-]
SS =0030 0000000000000000 ffffffff 00cf9300 DPL=0 DS   [-WA]
DS =0030 0000000000000000 ffffffff 00cf9300 DPL=0 DS   [-WA]
FS =0030 0000000000000000 ffffffff 00cf9300 DPL=0 DS   [-WA]
GS =0030 0000000000000000 ffffffff 00cf9300 DPL=0 DS   [-WA]
LDT=0000 0000000000000000 0000ffff 00008200 DPL=0 LDT
TR =0000 0000000000000000 0000ffff 00008b00 DPL=0 TSS64-busy
GDT=     00000000bf9de000 00000047
IDT=     00000000bf4d2018 00000fff
CR0=80010033 CR2=0000000000000000 CR3=00000000bfc01000 CR4=00000668
DR0=0000000000000000 DR1=0000000000000000 DR2=0000000000000000 DR3=0000000000000000 
DR6=00000000ffff0ff0 DR7=0000000000000400
CCS=0000000000000091 CCD=fffffffffffffffe CCO=EFLAGS
EFER=0000000000000d00
Servicing hardware INT=0x20
   255: v=20 e=0000 i=0 cpl=0 IP=0038:00000000beca2896 pc=00000000beca2896 SP=0030:00000000bfec1e10 env->regs[R_EAX]=0000000000b1aba4
RAX=0000000000b1aba4 RBX=0000000000000000 RCX=000000000000b008 RDX=000000000000b008
RSI=000000000004baf1 RDI=0000000000000000 RBP=00000000be2b0000 RSP=00000000bfec1e10
R8 =0000000000b1aa88 R9 =000000000000c082 R10=0000000000000000 R11=0000000000000000
R12=000000000000b008 R13=0000000000000000 R14=00000000be8a23d4 R15=0000000000000011
RIP=00000000beca2896 RFL=00000293 [--S-A-C] CPL=0 II=0 A20=1 SMM=0 HLT=0
ES =0030 0000000000000000 ffffffff 00cf9300 DPL=0 DS   [-WA]
CS =0038 0000000000000000 ffffffff 00af9a00 DPL=0 CS64 [-R-]
SS =0030 0000000000000000 ffffffff 00cf9300 DPL=0 DS   [-WA]
DS =0030 0000000000000000 ffffffff 00cf9300 DPL=0 DS   [-WA]
FS =0030 0000000000000000 ffffffff 00cf9300 DPL=0 DS   [-WA]
GS =0030 0000000000000000 ffffffff 00cf9300 DPL=0 DS   [-WA]
LDT=0000 0000000000000000 0000ffff 00008200 DPL=0 LDT
TR =0000 0000000000000000 0000ffff 00008b00 DPL=0 TSS64-busy
GDT=     00000000bf9de000 00000047
IDT=     00000000bf4d2018 00000fff
CR0=80010033 CR2=0000000000000000 CR3=00000000bfc01000 CR4=00000668
DR0=0000000000000000 DR1=0000000000000000 DR2=0000000000000000 DR3=0000000000000000 
DR6=00000000ffff0ff0 DR7=0000000000000400
CCS=0000000000000091 CCD=fffffffffffffffe CCO=EFLAGS
EFER=0000000000000d00
Servicing hardware INT=0x20
   256: v=20 e=0000 i=0 cpl=0 IP=0038:00000000beca2896 pc=00000000beca2896 SP=0030:00000000bfec1e10 env->regs[R_EAX]=0000000000b23153
RAX=0000000000b23153 RBX=0000000000000000 RCX=000000000000b008 RDX=000000000000b008
RSI=000000000004baf0 RDI=0000000000000000 RBP=00000000be2b0000 RSP=00000000bfec1e10
R8 =0000000000b23050 R9 =00000000000003f6 R10=0000000000000000 R11=0000000000000000
R12=000000000000b008 R13=0000000000000000 R14=00000000be8a23d4 R15=0000000000000011
RIP=00000000beca2896 RFL=00000293 [--S-A-C] CPL=0 II=0 A20=1 SMM=0 HLT=0
ES =0030 0000000000000000 ffffffff 00cf9300 DPL=0 DS   [-WA]
CS =0038 0000000000000000 ffffffff 00af9a00 DPL=0 CS64 [-R-]
SS =0030 0000000000000000 ffffffff 00cf9300 DPL=0 DS   [-WA]
DS =0030 0000000000000000 ffffffff 00cf9300 DPL=0 DS   [-WA]
FS =0030 0000000000000000 ffffffff 00cf9300 DPL=0 DS   [-WA]
GS =0030 0000000000000000 ffffffff 00cf9300 DPL=0 DS   [-WA]
LDT=0000 0000000000000000 0000ffff 00008200 DPL=0 LDT
TR =0000 0000000000000000 0000ffff 00008b00 DPL=0 TSS64-busy
GDT=     00000000bf9de000 00000047
IDT=     00000000bf4d2018 00000fff
CR0=80010033 CR2=0000000000000000 CR3=00000000bfc01000 CR4=00000668
DR0=0000000000000000 DR1=0000000000000000 DR2=0000000000000000 DR3=0000000000000000 
DR6=00000000ffff0ff0 DR7=0000000000000400
CCS=0000000000000091 CCD=fffffffffffffffe CCO=EFLAGS
EFER=0000000000000d00
Servicing hardware INT=0x20
   257: v=20 e=0000 i=0 cpl=0 IP=0038:00000000beca28e6 pc=00000000beca28e6 SP=0030:00000000bfec2030 env->regs[R_EAX]=0000000000003a10
RAX=0000000000003a10 RBX=0000000000b2f605 RCX=000000000000b008 RDX=000000000000b008
RSI=000000000004baf0 RDI=0000000000000000 RBP=00000000be2b0000 RSP=00000000bfec2030
R8 =0000000000b2bbf5 R9 =00000000000003f6 R10=0000000000000000 R11=0000000000000000
R12=0000000000002710 R13=0000000000000000 R14=00000000be8a23d4 R15=0000000000000011
RIP=00000000beca28e6 RFL=00000202 [-------] CPL=0 II=0 A20=1 SMM=0 HLT=0
ES =0030 0000000000000000 ffffffff 00cf9300 DPL=0 DS   [-WA]
CS =0038 0000000000000000 ffffffff 00af9a00 DPL=0 CS64 [-R-]
SS =0030 0000000000000000 ffffffff 00cf9300 DPL=0 DS   [-WA]
DS =0030 0000000000000000 ffffffff 00cf9300 DPL=0 DS   [-WA]
FS =0030 0000000000000000 ffffffff 00cf9300 DPL=0 DS   [-WA]
GS =0030 0000000000000000 ffffffff 00cf9300 DPL=0 DS   [-WA]
LDT=0000 0000000000000000 0000ffff 00008200 DPL=0 LDT
TR =0000 0000000000000000 0000ffff 00008b00 DPL=0 TSS64-busy
GDT=     00000000bf9de000 00000047
IDT=     00000000bf4d2018 00000fff
CR0=80010033 CR2=0000000000000000 CR3=00000000bfc01000 CR4=00000668
DR0=0000000000000000 DR1=0000000000000000 DR2=0000000000000000 DR3=0000000000000000 
DR6=00000000ffff0ff0 DR7=0000000000000400
CCS=0000000000000000 CCD=0000000000003a10 CCO=EFLAGS
EFER=0000000000000d00
Servicing hardware INT=0x20
   258: v=20 e=0000 i=0 cpl=0 IP=0038:00000000beca2896 pc=00000000beca2896 SP=0030:00000000bfec2400 env->regs[R_EAX]=0000000000b355f5
RAX=0000000000b355f5 RBX=0000000000000000 RCX=000000000000b008 RDX=000000000000b008
RSI=000000000004baf0 RDI=0000000000000000 RBP=00000000be2b0000 RSP=00000000bfec2400
R8 =0000000000b3542a R9 =00000000000003f6 R10=0000000000000000 R11=0000000000000000
R12=000000000000b008 R13=0000000000000000 R14=00000000be8a23d4 R15=0000000000000011
RIP=00000000beca2896 RFL=00000293 [--S-A-C] CPL=0 II=0 A20=1 SMM=0 HLT=0
ES =0030 0000000000000000 ffffffff 00cf9300 DPL=0 DS   [-WA]
CS =0038 0000000000000000 ffffffff 00af9a00 DPL=0 CS64 [-R-]
SS =0030 0000000000000000 ffffffff 00cf9300 DPL=0 DS   [-WA]
DS =0030 0000000000000000 ffffffff 00cf9300 DPL=0 DS   [-WA]
FS =0030 0000000000000000 ffffffff 00cf9300 DPL=0 DS   [-WA]
GS =0030 0000000000000000 ffffffff 00cf9300 DPL=0 DS   [-WA]
LDT=0000 0000000000000000 0000ffff 00008200 DPL=0 LDT
TR =0000 0000000000000000 0000ffff 00008b00 DPL=0 TSS64-busy
GDT=     00000000bf9de000 00000047
IDT=     00000000bf4d2018 00000fff
CR0=80010033 CR2=0000000000000000 CR3=00000000bfc01000 CR4=00000668
DR0=0000000000000000 DR1=0000000000000000 DR2=0000000000000000 DR3=0000000000000000 
DR6=00000000ffff0ff0 DR7=0000000000000400
CCS=0000000000000091 CCD=fffffffffffffffe CCO=EFLAGS
EFER=0000000000000d00
Servicing hardware INT=0x20
   259: v=20 e=0000 i=0 cpl=0 IP=0038:00000000bf0156ed pc=00000000bf0156ed SP=0030:00000000bfec19b0 env->regs[R_EAX]=0000000000000001
RAX=0000000000000001 RBX=0000000000000002 RCX=0000000000000001 RDX=0000000000000cf8
RSI=000000000000001c RDI=0000000000000001 RBP=00000000bfec1bee RSP=00000000bfec19b0
R8 =0000000000000000 R9 =0000000000000cf8 R10=00000000bec9baf6 R11=00000000bece90e0
R12=0000000080000900 R13=0000000000000000 R14=00000000bf019f2b R15=00000000bf0193a0
RIP=00000000bf0156ed RFL=00000202 [-------] CPL=0 II=0 A20=1 SMM=0 HLT=0
ES =0030 0000000000000000 ffffffff 00cf9300 DPL=0 DS   [-WA]
CS =0038 0000000000000000 ffffffff 00af9a00 DPL=0 CS64 [-R-]
SS =0030 0000000000000000 ffffffff 00cf9300 DPL=0 DS   [-WA]
DS =0030 0000000000000000 ffffffff 00cf9300 DPL=0 DS   [-WA]
FS =0030 0000000000000000 ffffffff 00cf9300 DPL=0 DS   [-WA]
GS =0030 0000000000000000 ffffffff 00cf9300 DPL=0 DS   [-WA]
LDT=0000 0000000000000000 0000ffff 00008200 DPL=0 LDT
TR =0000 0000000000000000 0000ffff 00008b00 DPL=0 TSS64-busy
GDT=     00000000bf9de000 00000047
IDT=     00000000bf4d2018 00000fff
CR0=80010033 CR2=0000000000000000 CR3=00000000bfc01000 CR4=00000668
DR0=0000000000000000 DR1=0000000000000000 DR2=0000000000000000 DR3=0000000000000000 
DR6=00000000ffff0ff0 DR7=0000000000000400
CCS=0000000000000030 CCD=0000000000000001 CCO=LOGICB
EFER=0000000000000d00
Servicing hardware INT=0x20
   260: v=20 e=0000 i=0 cpl=0 IP=0038:00000000beca28e6 pc=00000000beca28e6 SP=0030:00000000bfec1b00 env->regs[R_EAX]=00000000000011aa
RAX=00000000000011aa RBX=0000000000b4710a RCX=000000000000b008 RDX=000000000000b008
RSI=000000000004baf0 RDI=0000000000000000 RBP=00000000be2b0000 RSP=00000000bfec1b00
R8 =0000000000b45f60 R9 =00000000000003f6 R10=0000000000000000 R11=0000000000000000
R12=0000000000002710 R13=0000000000000000 R14=00000000be8a23d4 R15=0000000000000011
RIP=00000000beca28e6 RFL=00000206 [-----P-] CPL=0 II=0 A20=1 SMM=0 HLT=0
ES =0030 0000000000000000 ffffffff 00cf9300 DPL=0 DS   [-WA]
CS =0038 0000000000000000 ffffffff 00af9a00 DPL=0 CS64 [-R-]
SS =0030 0000000000000000 ffffffff 00cf9300 DPL=0 DS   [-WA]
DS =0030 0000000000000000 ffffffff 00cf9300 DPL=0 DS   [-WA]
FS =0030 0000000000000000 ffffffff 00cf9300 DPL=0 DS   [-WA]
GS =0030 0000000000000000 ffffffff 00cf9300 DPL=0 DS   [-WA]
LDT=0000 0000000000000000 0000ffff 00008200 DPL=0 LDT
TR =0000 0000000000000000 0000ffff 00008b00 DPL=0 TSS64-busy
GDT=     00000000bf9de000 00000047
IDT=     00000000bf4d2018 00000fff
CR0=80010033 CR2=0000000000000000 CR3=00000000bfc01000 CR4=00000668
DR0=0000000000000000 DR1=0000000000000000 DR2=0000000000000000 DR3=0000000000000000 
DR6=00000000ffff0ff0 DR7=0000000000000400
CCS=0000000000000004 CCD=00000000000011aa CCO=EFLAGS
EFER=0000000000000d00
Servicing hardware INT=0x20
   261: v=20 e=0000 i=0 cpl=0 IP=0038:00000000beca2896 pc=00000000beca2896 SP=0030:00000000bfec1ae0 env->regs[R_EAX]=0000000000b4ec26
RAX=0000000000b4ec26 RBX=0000000000000000 RCX=000000000000b008 RDX=000000000000b008
RSI=000000000004baf0 RDI=0000000000000000 RBP=00000000be2b0000 RSP=00000000bfec1ae0
R8 =0000000000b4eb88 R9 =00000000000003f6 R10=0000000000000000 R11=0000000000000000
R12=000000000000b008 R13=0000000000000000 R14=00000000be8a23d4 R15=0000000000000011
RIP=00000000beca2896 RFL=00000293 [--S-A-C] CPL=0 II=0 A20=1 SMM=0 HLT=0
ES =0030 0000000000000000 ffffffff 00cf9300 DPL=0 DS   [-WA]
CS =0038 0000000000000000 ffffffff 00af9a00 DPL=0 CS64 [-R-]
SS =0030 0000000000000000 ffffffff 00cf9300 DPL=0 DS   [-WA]
DS =0030 0000000000000000 ffffffff 00cf9300 DPL=0 DS   [-WA]
FS =0030 0000000000000000 ffffffff 00cf9300 DPL=0 DS   [-WA]
GS =0030 0000000000000000 ffffffff 00cf9300 DPL=0 DS   [-WA]
LDT=0000 0000000000000000 0000ffff 00008200 DPL=0 LDT
TR =0000 0000000000000000 0000ffff 00008b00 DPL=0 TSS64-busy
GDT=     00000000bf9de000 00000047
IDT=     00000000bf4d2018 00000fff
CR0=80010033 CR2=0000000000000000 CR3=00000000bfc01000 CR4=00000668
DR0=0000000000000000 DR1=0000000000000000 DR2=0000000000000000 DR3=0000000000000000 
DR6=00000000ffff0ff0 DR7=0000000000000400
CCS=0000000000000091 CCD=fffffffffffffffe CCO=EFLAGS
EFER=0000000000000d00
Servicing hardware INT=0x20
   262: v=20 e=0000 i=0 cpl=0 IP=0038:00000000beca2896 pc=00000000beca2896 SP=0030:00000000bfec1aa0 env->regs[R_EAX]=0000000000b577c8
RAX=0000000000b577c8 RBX=0000000000000000 RCX=000000000000b008 RDX=000000000000b008
RSI=000000000004baf0 RDI=0000000000000000 RBP=00000000be2a0000 RSP=00000000bfec1aa0
R8 =0000000000b5774d R9 =00000000000003f6 R10=0000000000000000 R11=0000000000000000
R12=000000000000b008 R13=0000000000000000 R14=00000000be8a23d4 R15=0000000000000011
RIP=00000000beca2896 RFL=00000293 [--S-A-C] CPL=0 II=0 A20=1 SMM=0 HLT=0
ES =0030 0000000000000000 ffffffff 00cf9300 DPL=0 DS   [-WA]
CS =0038 0000000000000000 ffffffff 00af9a00 DPL=0 CS64 [-R-]
SS =0030 0000000000000000 ffffffff 00cf9300 DPL=0 DS   [-WA]
DS =0030 0000000000000000 ffffffff 00cf9300 DPL=0 DS   [-WA]
FS =0030 0000000000000000 ffffffff 00cf9300 DPL=0 DS   [-WA]
GS =0030 0000000000000000 ffffffff 00cf9300 DPL=0 DS   [-WA]
LDT=0000 0000000000000000 0000ffff 00008200 DPL=0 LDT
TR =0000 0000000000000000 0000ffff 00008b00 DPL=0 TSS64-busy
GDT=     00000000bf9de000 00000047
IDT=     00000000bf4d2018 00000fff
CR0=80010033 CR2=0000000000000000 CR3=00000000bfc01000 CR4=00000668
DR0=0000000000000000 DR1=0000000000000000 DR2=0000000000000000 DR3=0000000000000000 
DR6=00000000ffff0ff0 DR7=0000000000000400
CCS=0000000000000091 CCD=fffffffffffffffe CCO=EFLAGS
EFER=0000000000000d00
Servicing hardware INT=0x20
   263: v=20 e=0000 i=0 cpl=0 IP=0038:00000000beca28e6 pc=00000000beca28e6 SP=0030:00000000bfec20c0 env->regs[R_EAX]=0000000000005a63
RAX=0000000000005a63 RBX=0000000000b676ae RCX=000000000000b008 RDX=000000000000b008
RSI=000000000004baf0 RDI=0000000000000000 RBP=00000000be260000 RSP=00000000bfec20c0
R8 =0000000000b61c4b R9 =00000000000003f6 R10=0000000000000000 R11=0000000000000000
R12=0000000000002710 R13=0000000000000000 R14=00000000be8a23d4 R15=0000000000000011
RIP=00000000beca28e6 RFL=00000206 [-----P-] CPL=0 II=0 A20=1 SMM=0 HLT=0
ES =0030 0000000000000000 ffffffff 00cf9300 DPL=0 DS   [-WA]
CS =0038 0000000000000000 ffffffff 00af9a00 DPL=0 CS64 [-R-]
SS =0030 0000000000000000 ffffffff 00cf9300 DPL=0 DS   [-WA]
DS =0030 0000000000000000 ffffffff 00cf9300 DPL=0 DS   [-WA]
FS =0030 0000000000000000 ffffffff 00cf9300 DPL=0 DS   [-WA]
GS =0030 0000000000000000 ffffffff 00cf9300 DPL=0 DS   [-WA]
LDT=0000 0000000000000000 0000ffff 00008200 DPL=0 LDT
TR =0000 0000000000000000 0000ffff 00008b00 DPL=0 TSS64-busy
GDT=     00000000bf9de000 00000047
IDT=     00000000bf4d2018 00000fff
CR0=80010033 CR2=0000000000000000 CR3=00000000bfc01000 CR4=00000668
DR0=0000000000000000 DR1=0000000000000000 DR2=0000000000000000 DR3=0000000000000000 
DR6=00000000ffff0ff0 DR7=0000000000000400
CCS=0000000000000004 CCD=0000000000005a63 CCO=EFLAGS
EFER=0000000000000d00
Servicing hardware INT=0x20
   264: v=20 e=0000 i=0 cpl=0 IP=0038:00000000beca2896 pc=00000000beca2896 SP=0030:00000000bfec2130 env->regs[R_EAX]=0000000000b68f85
RAX=0000000000b68f85 RBX=0000000000000000 RCX=000000000000b008 RDX=000000000000b008
RSI=000000000004baf0 RDI=0000000000000000 RBP=00000000be260000 RSP=00000000bfec2130
R8 =0000000000b68f09 R9 =00000000000003f6 R10=0000000000000000 R11=0000000000000000
R12=000000000000b008 R13=0000000000000000 R14=00000000be8a23d4 R15=0000000000000011
RIP=00000000beca2896 RFL=00000293 [--S-A-C] CPL=0 II=0 A20=1 SMM=0 HLT=0
ES =0030 0000000000000000 ffffffff 00cf9300 DPL=0 DS   [-WA]
CS =0038 0000000000000000 ffffffff 00af9a00 DPL=0 CS64 [-R-]
SS =0030 0000000000000000 ffffffff 00cf9300 DPL=0 DS   [-WA]
DS =0030 0000000000000000 ffffffff 00cf9300 DPL=0 DS   [-WA]
FS =0030 0000000000000000 ffffffff 00cf9300 DPL=0 DS   [-WA]
GS =0030 0000000000000000 ffffffff 00cf9300 DPL=0 DS   [-WA]
LDT=0000 0000000000000000 0000ffff 00008200 DPL=0 LDT
TR =0000 0000000000000000 0000ffff 00008b00 DPL=0 TSS64-busy
GDT=     00000000bf9de000 00000047
IDT=     00000000bf4d2018 00000fff
CR0=80010033 CR2=0000000000000000 CR3=00000000bfc01000 CR4=00000668
DR0=0000000000000000 DR1=0000000000000000 DR2=0000000000000000 DR3=0000000000000000 
DR6=00000000ffff0ff0 DR7=0000000000000400
CCS=0000000000000091 CCD=fffffffffffffffe CCO=EFLAGS
EFER=0000000000000d00
Servicing hardware INT=0x20
   265: v=20 e=0000 i=0 cpl=0 IP=0038:00000000beca2896 pc=00000000beca2896 SP=0030:00000000bfec20d0 env->regs[R_EAX]=0000000000b71b52
RAX=0000000000b71b52 RBX=0000000000000000 RCX=000000000000b008 RDX=000000000000b008
RSI=00000000be88be40 RDI=00000000ffffff00 RBP=00000000be2600c8 RSP=00000000bfec20d0
R8 =0000000000b71aae R9 =00000000000001f7 R10=0000000000000000 R11=0000000000000000
R12=000000000000b008 R13=000000000004baf1 R14=00000000be8a23d4 R15=0000000000000011
RIP=00000000beca2896 RFL=00000293 [--S-A-C] CPL=0 II=0 A20=1 SMM=0 HLT=0
ES =0030 0000000000000000 ffffffff 00cf9300 DPL=0 DS   [-WA]
CS =0038 0000000000000000 ffffffff 00af9a00 DPL=0 CS64 [-R-]
SS =0030 0000000000000000 ffffffff 00cf9300 DPL=0 DS   [-WA]
DS =0030 0000000000000000 ffffffff 00cf9300 DPL=0 DS   [-WA]
FS =0030 0000000000000000 ffffffff 00cf9300 DPL=0 DS   [-WA]
GS =0030 0000000000000000 ffffffff 00cf9300 DPL=0 DS   [-WA]
LDT=0000 0000000000000000 0000ffff 00008200 DPL=0 LDT
TR =0000 0000000000000000 0000ffff 00008b00 DPL=0 TSS64-busy
GDT=     00000000bf9de000 00000047
IDT=     00000000bf4d2018 00000fff
CR0=80010033 CR2=0000000000000000 CR3=00000000bfc01000 CR4=00000668
DR0=0000000000000000 DR1=0000000000000000 DR2=0000000000000000 DR3=0000000000000000 
DR6=00000000ffff0ff0 DR7=0000000000000400
CCS=0000000000000091 CCD=fffffffffffffffe CCO=EFLAGS
EFER=0000000000000d00
Servicing hardware INT=0x20
   266: v=20 e=0000 i=0 cpl=0 IP=0038:00000000beca2896 pc=00000000beca2896 SP=0030:00000000bfec2130 env->regs[R_EAX]=0000000000b7a7d0
RAX=0000000000b7a7d0 RBX=0000000000000000 RCX=000000000000b008 RDX=000000000000b008
RSI=000000000004baf0 RDI=0000000000000000 RBP=00000000be260000 RSP=00000000bfec2130
R8 =0000000000b7a6cc R9 =00000000000003f6 R10=0000000000000000 R11=0000000000000000
R12=000000000000b008 R13=0000000000000000 R14=00000000be8a23d4 R15=0000000000000011
RIP=00000000beca2896 RFL=00000293 [--S-A-C] CPL=0 II=0 A20=1 SMM=0 HLT=0
ES =0030 0000000000000000 ffffffff 00cf9300 DPL=0 DS   [-WA]
CS =0038 0000000000000000 ffffffff 00af9a00 DPL=0 CS64 [-R-]
SS =0030 0000000000000000 ffffffff 00cf9300 DPL=0 DS   [-WA]
DS =0030 0000000000000000 ffffffff 00cf9300 DPL=0 DS   [-WA]
FS =0030 0000000000000000 ffffffff 00cf9300 DPL=0 DS   [-WA]
GS =0030 0000000000000000 ffffffff 00cf9300 DPL=0 DS   [-WA]
LDT=0000 0000000000000000 0000ffff 00008200 DPL=0 LDT
TR =0000 0000000000000000 0000ffff 00008b00 DPL=0 TSS64-busy
GDT=     00000000bf9de000 00000047
IDT=     00000000bf4d2018 00000fff
CR0=80010033 CR2=0000000000000000 CR3=00000000bfc01000 CR4=00000668
DR0=0000000000000000 DR1=0000000000000000 DR2=0000000000000000 DR3=0000000000000000 
DR6=00000000ffff0ff0 DR7=0000000000000400
CCS=0000000000000091 CCD=fffffffffffffffe CCO=EFLAGS
EFER=0000000000000d00
Servicing hardware INT=0x20
   267: v=20 e=0000 i=0 cpl=0 IP=0038:00000000beca2896 pc=00000000beca2896 SP=0030:00000000bfec2060 env->regs[R_EAX]=0000000000b8327a
RAX=0000000000b8327a RBX=0000000000000000 RCX=000000000000b008 RDX=000000000000b008
RSI=000000000004baf0 RDI=0000000000000000 RBP=00000000be260000 RSP=00000000bfec2060
R8 =0000000000b831f4 R9 =00000000000003f6 R10=0000000000000000 R11=0000000000000000
R12=000000000000b008 R13=0000000000000000 R14=00000000be8a23d4 R15=0000000000000011
RIP=00000000beca2896 RFL=00000293 [--S-A-C] CPL=0 II=0 A20=1 SMM=0 HLT=0
ES =0030 0000000000000000 ffffffff 00cf9300 DPL=0 DS   [-WA]
CS =0038 0000000000000000 ffffffff 00af9a00 DPL=0 CS64 [-R-]
SS =0030 0000000000000000 ffffffff 00cf9300 DPL=0 DS   [-WA]
DS =0030 0000000000000000 ffffffff 00cf9300 DPL=0 DS   [-WA]
FS =0030 0000000000000000 ffffffff 00cf9300 DPL=0 DS   [-WA]
GS =0030 0000000000000000 ffffffff 00cf9300 DPL=0 DS   [-WA]
LDT=0000 0000000000000000 0000ffff 00008200 DPL=0 LDT
TR =0000 0000000000000000 0000ffff 00008b00 DPL=0 TSS64-busy
GDT=     00000000bf9de000 00000047
IDT=     00000000bf4d2018 00000fff
CR0=80010033 CR2=0000000000000000 CR3=00000000bfc01000 CR4=00000668
DR0=0000000000000000 DR1=0000000000000000 DR2=0000000000000000 DR3=0000000000000000 
DR6=00000000ffff0ff0 DR7=0000000000000400
CCS=0000000000000091 CCD=fffffffffffffffe CCO=EFLAGS
EFER=0000000000000d00
Servicing hardware INT=0x20
   268: v=20 e=0000 i=0 cpl=0 IP=0038:00000000bf0b40ee pc=00000000bf0b40ee SP=0030:00000000bfec2820 env->regs[R_EAX]=000000000000015d
RAX=000000000000015d RBX=0000000000b8da98 RCX=000000000000b008 RDX=000000000000b008
RSI=00000000bf9ee018 RDI=0000000000000dfb RBP=0000000000000000 RSP=00000000bfec2820
R8 =0000000000b8d93b R9 =00000000be22b000 R10=00000000bfee1e49 R11=00000000be297018
R12=a000000000000002 R13=0000000000000001 R14=00000000be2661f8 R15=00000000364300e4
RIP=00000000bf0b40ee RFL=00000202 [-------] CPL=0 II=0 A20=1 SMM=0 HLT=0
ES =0030 0000000000000000 ffffffff 00cf9300 DPL=0 DS   [-WA]
CS =0038 0000000000000000 ffffffff 00af9a00 DPL=0 CS64 [-R-]
SS =0030 0000000000000000 ffffffff 00cf9300 DPL=0 DS   [-WA]
DS =0030 0000000000000000 ffffffff 00cf9300 DPL=0 DS   [-WA]
FS =0030 0000000000000000 ffffffff 00cf9300 DPL=0 DS   [-WA]
GS =0030 0000000000000000 ffffffff 00cf9300 DPL=0 DS   [-WA]
LDT=0000 0000000000000000 0000ffff 00008200 DPL=0 LDT
TR =0000 0000000000000000 0000ffff 00008b00 DPL=0 TSS64-busy
GDT=     00000000bf9de000 00000047
IDT=     00000000bf4d2018 00000fff
CR0=80010033 CR2=0000000000000000 CR3=00000000bfc01000 CR4=00000668
DR0=0000000000000000 DR1=0000000000000000 DR2=0000000000000000 DR3=0000000000000000 
DR6=00000000ffff0ff0 DR7=0000000000000400
CCS=0000000000000000 CCD=000000000000015d CCO=EFLAGS
EFER=0000000000000d00
Servicing hardware INT=0x20
   269: v=20 e=0000 i=0 cpl=0 IP=0038:00000000be258040 pc=00000000be258040 SP=0030:00000000bfec27f0 env->regs[R_EAX]=0000000000000000
RAX=0000000000000000 RBX=0000000000100000 RCX=00000000000b0001 RDX=0000000000100000
RSI=0000000000000000 RDI=00000000be17afff RBP=00000000bfec2840 RSP=00000000bfec27f0
R8 =0000000000000065 R9 =0000000000000002 R10=000000000000012c R11=00000000000a0000
R12=00000000bfec2808 R13=00000000ffffffff R14=00000000be2a4018 R15=00000000be12b000
RIP=00000000be258040 RFL=00010246 [---Z-P-] CPL=0 II=0 A20=1 SMM=0 HLT=0
ES =0030 0000000000000000 ffffffff 00cf9300 DPL=0 DS   [-WA]
CS =0038 0000000000000000 ffffffff 00af9a00 DPL=0 CS64 [-R-]
SS =0030 0000000000000000 ffffffff 00cf9300 DPL=0 DS   [-WA]
DS =0030 0000000000000000 ffffffff 00cf9300 DPL=0 DS   [-WA]
FS =0030 0000000000000000 ffffffff 00cf9300 DPL=0 DS   [-WA]
GS =0030 0000000000000000 ffffffff 00cf9300 DPL=0 DS   [-WA]
LDT=0000 0000000000000000 0000ffff 00008200 DPL=0 LDT
TR =0000 0000000000000000 0000ffff 00008b00 DPL=0 TSS64-busy
GDT=     00000000bf9de000 00000047
IDT=     00000000bf4d2018 00000fff
CR0=80010033 CR2=0000000000000000 CR3=00000000bfc01000 CR4=00000668
DR0=0000000000000000 DR1=0000000000000000 DR2=0000000000000000 DR3=0000000000000000 
DR6=00000000ffff0ff0 DR7=0000000000000400
CCS=0000000000000044 CCD=00000000bfec27c8 CCO=EFLAGS
EFER=0000000000000d00
Servicing hardware INT=0x20
   270: v=20 e=0000 i=0 cpl=0 IP=0038:00000000be258040 pc=00000000be258040 SP=0030:00000000bfec27f0 env->regs[R_EAX]=0000000000000000
RAX=0000000000000000 RBX=0000000000100000 RCX=0000000000090001 RDX=0000000000100000
RSI=0000000000000000 RDI=00000000bdd9afff RBP=00000000bfec2840 RSP=00000000bfec27f0
R8 =0000000000000069 R9 =0000000000000002 R10=0000000000000138 R11=00000000000a0000
R12=00000000bfec2808 R13=00000000ffffffff R14=00000000be2a4018 R15=00000000bdd2b000
RIP=00000000be258040 RFL=00010246 [---Z-P-] CPL=0 II=0 A20=1 SMM=0 HLT=0
ES =0030 0000000000000000 ffffffff 00cf9300 DPL=0 DS   [-WA]
CS =0038 0000000000000000 ffffffff 00af9a00 DPL=0 CS64 [-R-]
SS =0030 0000000000000000 ffffffff 00cf9300 DPL=0 DS   [-WA]
DS =0030 0000000000000000 ffffffff 00cf9300 DPL=0 DS   [-WA]
FS =0030 0000000000000000 ffffffff 00cf9300 DPL=0 DS   [-WA]
GS =0030 0000000000000000 ffffffff 00cf9300 DPL=0 DS   [-WA]
LDT=0000 0000000000000000 0000ffff 00008200 DPL=0 LDT
TR =0000 0000000000000000 0000ffff 00008b00 DPL=0 TSS64-busy
GDT=     00000000bf9de000 00000047
IDT=     00000000bf4d2018 00000fff
CR0=80010033 CR2=0000000000000000 CR3=00000000bfc01000 CR4=00000668
DR0=0000000000000000 DR1=0000000000000000 DR2=0000000000000000 DR3=0000000000000000 
DR6=00000000ffff0ff0 DR7=0000000000000400
CCS=0000000000000044 CCD=00000000bfec27c8 CCO=EFLAGS
EFER=0000000000000d00
Servicing hardware INT=0x20
   271: v=20 e=0000 i=0 cpl=0 IP=0038:00000000be258040 pc=00000000be258040 SP=0030:00000000bfec27f0 env->regs[R_EAX]=0000000000000000
RAX=0000000000000000 RBX=0000000000100000 RCX=00000000000a0001 RDX=0000000000100000
RSI=0000000000000000 RDI=00000000bd98afff RBP=00000000bfec2840 RSP=00000000bfec27f0
R8 =000000000000006d R9 =0000000000000002 R10=0000000000000144 R11=00000000000a0000
R12=00000000bfec2808 R13=00000000ffffffff R14=00000000be2a4018 R15=00000000bd92b000
RIP=00000000be258040 RFL=00010246 [---Z-P-] CPL=0 II=0 A20=1 SMM=0 HLT=0
ES =0030 0000000000000000 ffffffff 00cf9300 DPL=0 DS   [-WA]
CS =0038 0000000000000000 ffffffff 00af9a00 DPL=0 CS64 [-R-]
SS =0030 0000000000000000 ffffffff 00cf9300 DPL=0 DS   [-WA]
DS =0030 0000000000000000 ffffffff 00cf9300 DPL=0 DS   [-WA]
FS =0030 0000000000000000 ffffffff 00cf9300 DPL=0 DS   [-WA]
GS =0030 0000000000000000 ffffffff 00cf9300 DPL=0 DS   [-WA]
LDT=0000 0000000000000000 0000ffff 00008200 DPL=0 LDT
TR =0000 0000000000000000 0000ffff 00008b00 DPL=0 TSS64-busy
GDT=     00000000bf9de000 00000047
IDT=     00000000bf4d2018 00000fff
CR0=80010033 CR2=0000000000000000 CR3=00000000bfc01000 CR4=00000668
DR0=0000000000000000 DR1=0000000000000000 DR2=0000000000000000 DR3=0000000000000000 
DR6=00000000ffff0ff0 DR7=0000000000000400
CCS=0000000000000044 CCD=00000000bfec27c8 CCO=EFLAGS
EFER=0000000000000d00
Servicing hardware INT=0x20
   272: v=20 e=0000 i=0 cpl=0 IP=0038:00000000be258040 pc=00000000be258040 SP=0030:00000000bfec27f0 env->regs[R_EAX]=0000000000000000
RAX=0000000000000000 RBX=0000000000100000 RCX=0000000000090001 RDX=0000000000100000
RSI=0000000000000000 RDI=00000000bd59afff RBP=00000000bfec2840 RSP=00000000bfec27f0
R8 =0000000000000071 R9 =0000000000000002 R10=0000000000000150 R11=00000000000a0000
R12=00000000bfec2808 R13=00000000ffffffff R14=00000000be2a4018 R15=00000000bd52b000
RIP=00000000be258040 RFL=00010246 [---Z-P-] CPL=0 II=0 A20=1 SMM=0 HLT=0
ES =0030 0000000000000000 ffffffff 00cf9300 DPL=0 DS   [-WA]
CS =0038 0000000000000000 ffffffff 00af9a00 DPL=0 CS64 [-R-]
SS =0030 0000000000000000 ffffffff 00cf9300 DPL=0 DS   [-WA]
DS =0030 0000000000000000 ffffffff 00cf9300 DPL=0 DS   [-WA]
FS =0030 0000000000000000 ffffffff 00cf9300 DPL=0 DS   [-WA]
GS =0030 0000000000000000 ffffffff 00cf9300 DPL=0 DS   [-WA]
LDT=0000 0000000000000000 0000ffff 00008200 DPL=0 LDT
TR =0000 0000000000000000 0000ffff 00008b00 DPL=0 TSS64-busy
GDT=     00000000bf9de000 00000047
IDT=     00000000bf4d2018 00000fff
CR0=80010033 CR2=0000000000000000 CR3=00000000bfc01000 CR4=00000668
DR0=0000000000000000 DR1=0000000000000000 DR2=0000000000000000 DR3=0000000000000000 
DR6=00000000ffff0ff0 DR7=0000000000000400
CCS=0000000000000044 CCD=00000000bfec27c8 CCO=EFLAGS
EFER=0000000000000d00
Servicing hardware INT=0x20
   273: v=20 e=0000 i=0 cpl=0 IP=0038:00000000be258040 pc=00000000be258040 SP=0030:00000000bfec27f0 env->regs[R_EAX]=0000000000000000
RAX=0000000000000000 RBX=0000000000100000 RCX=0000000000090001 RDX=0000000000100000
RSI=0000000000000000 RDI=00000000bd19afff RBP=00000000bfec2840 RSP=00000000bfec27f0
R8 =0000000000000075 R9 =0000000000000002 R10=000000000000015c R11=00000000000a0000
R12=00000000bfec2808 R13=00000000ffffffff R14=00000000be2a4018 R15=00000000bd12b000
RIP=00000000be258040 RFL=00010246 [---Z-P-] CPL=0 II=0 A20=1 SMM=0 HLT=0
ES =0030 0000000000000000 ffffffff 00cf9300 DPL=0 DS   [-WA]
CS =0038 0000000000000000 ffffffff 00af9a00 DPL=0 CS64 [-R-]
SS =0030 0000000000000000 ffffffff 00cf9300 DPL=0 DS   [-WA]
DS =0030 0000000000000000 ffffffff 00cf9300 DPL=0 DS   [-WA]
FS =0030 0000000000000000 ffffffff 00cf9300 DPL=0 DS   [-WA]
GS =0030 0000000000000000 ffffffff 00cf9300 DPL=0 DS   [-WA]
LDT=0000 0000000000000000 0000ffff 00008200 DPL=0 LDT
TR =0000 0000000000000000 0000ffff 00008b00 DPL=0 TSS64-busy
GDT=     00000000bf9de000 00000047
IDT=     00000000bf4d2018 00000fff
CR0=80010033 CR2=0000000000000000 CR3=00000000bfc01000 CR4=00000668
DR0=0000000000000000 DR1=0000000000000000 DR2=0000000000000000 DR3=0000000000000000 
DR6=00000000ffff0ff0 DR7=0000000000000400
CCS=0000000000000044 CCD=00000000bfec27c8 CCO=EFLAGS
EFER=0000000000000d00
Servicing hardware INT=0x20
   274: v=20 e=0000 i=0 cpl=0 IP=0038:00000000be258040 pc=00000000be258040 SP=0030:00000000bfec27f0 env->regs[R_EAX]=0000000000000000
RAX=0000000000000000 RBX=0000000000100000 RCX=0000000000070001 RDX=0000000000100000
RSI=0000000000000000 RDI=00000000bcdbafff RBP=00000000bfec2840 RSP=00000000bfec27f0
R8 =0000000000000079 R9 =0000000000000002 R10=0000000000000168 R11=00000000000a0000
R12=00000000bfec2808 R13=00000000ffffffff R14=00000000be2a4018 R15=00000000bcd2b000
RIP=00000000be258040 RFL=00010246 [---Z-P-] CPL=0 II=0 A20=1 SMM=0 HLT=0
ES =0030 0000000000000000 ffffffff 00cf9300 DPL=0 DS   [-WA]
CS =0038 0000000000000000 ffffffff 00af9a00 DPL=0 CS64 [-R-]
SS =0030 0000000000000000 ffffffff 00cf9300 DPL=0 DS   [-WA]
DS =0030 0000000000000000 ffffffff 00cf9300 DPL=0 DS   [-WA]
FS =0030 0000000000000000 ffffffff 00cf9300 DPL=0 DS   [-WA]
GS =0030 0000000000000000 ffffffff 00cf9300 DPL=0 DS   [-WA]
LDT=0000 0000000000000000 0000ffff 00008200 DPL=0 LDT
TR =0000 0000000000000000 0000ffff 00008b00 DPL=0 TSS64-busy
GDT=     00000000bf9de000 00000047
IDT=     00000000bf4d2018 00000fff
CR0=80010033 CR2=0000000000000000 CR3=00000000bfc01000 CR4=00000668
DR0=0000000000000000 DR1=0000000000000000 DR2=0000000000000000 DR3=0000000000000000 
DR6=00000000ffff0ff0 DR7=0000000000000400
CCS=0000000000000044 CCD=00000000bfec27c8 CCO=EFLAGS
EFER=0000000000000d00
Servicing hardware INT=0x20
   275: v=20 e=0000 i=0 cpl=0 IP=0038:00000000be258040 pc=00000000be258040 SP=0030:00000000bfec27f0 env->regs[R_EAX]=0000000000000000
RAX=0000000000000000 RBX=0000000000100000 RCX=0000000000030001 RDX=0000000000100000
RSI=0000000000000000 RDI=00000000bc9fafff RBP=00000000bfec2840 RSP=00000000bfec27f0
R8 =000000000000007d R9 =0000000000000002 R10=0000000000000174 R11=00000000000a0000
R12=00000000bfec2808 R13=00000000ffffffff R14=00000000be2a4018 R15=00000000bc92b000
RIP=00000000be258040 RFL=00010246 [---Z-P-] CPL=0 II=0 A20=1 SMM=0 HLT=0
ES =0030 0000000000000000 ffffffff 00cf9300 DPL=0 DS   [-WA]
CS =0038 0000000000000000 ffffffff 00af9a00 DPL=0 CS64 [-R-]
SS =0030 0000000000000000 ffffffff 00cf9300 DPL=0 DS   [-WA]
DS =0030 0000000000000000 ffffffff 00cf9300 DPL=0 DS   [-WA]
FS =0030 0000000000000000 ffffffff 00cf9300 DPL=0 DS   [-WA]
GS =0030 0000000000000000 ffffffff 00cf9300 DPL=0 DS   [-WA]
LDT=0000 0000000000000000 0000ffff 00008200 DPL=0 LDT
TR =0000 0000000000000000 0000ffff 00008b00 DPL=0 TSS64-busy
GDT=     00000000bf9de000 00000047
IDT=     00000000bf4d2018 00000fff
CR0=80010033 CR2=0000000000000000 CR3=00000000bfc01000 CR4=00000668
DR0=0000000000000000 DR1=0000000000000000 DR2=0000000000000000 DR3=0000000000000000 
DR6=00000000ffff0ff0 DR7=0000000000000400
CCS=0000000000000044 CCD=00000000bfec27c8 CCO=EFLAGS
EFER=0000000000000d00
Servicing hardware INT=0x20
   276: v=20 e=0000 i=0 cpl=0 IP=0038:00000000be258040 pc=00000000be258040 SP=0030:00000000bfec27f0 env->regs[R_EAX]=0000000000000000
RAX=0000000000000000 RBX=0000000000100000 RCX=0000000000040001 RDX=0000000000100000
RSI=0000000000000000 RDI=00000000bc5eafff RBP=00000000bfec2840 RSP=00000000bfec27f0
R8 =0000000000000081 R9 =0000000000000002 R10=0000000000000180 R11=00000000000a0000
R12=00000000bfec2808 R13=00000000ffffffff R14=00000000be2a4018 R15=00000000bc52b000
RIP=00000000be258040 RFL=00010246 [---Z-P-] CPL=0 II=0 A20=1 SMM=0 HLT=0
ES =0030 0000000000000000 ffffffff 00cf9300 DPL=0 DS   [-WA]
CS =0038 0000000000000000 ffffffff 00af9a00 DPL=0 CS64 [-R-]
SS =0030 0000000000000000 ffffffff 00cf9300 DPL=0 DS   [-WA]
DS =0030 0000000000000000 ffffffff 00cf9300 DPL=0 DS   [-WA]
FS =0030 0000000000000000 ffffffff 00cf9300 DPL=0 DS   [-WA]
GS =0030 0000000000000000 ffffffff 00cf9300 DPL=0 DS   [-WA]
LDT=0000 0000000000000000 0000ffff 00008200 DPL=0 LDT
TR =0000 0000000000000000 0000ffff 00008b00 DPL=0 TSS64-busy
GDT=     00000000bf9de000 00000047
IDT=     00000000bf4d2018 00000fff
CR0=80010033 CR2=0000000000000000 CR3=00000000bfc01000 CR4=00000668
DR0=0000000000000000 DR1=0000000000000000 DR2=0000000000000000 DR3=0000000000000000 
DR6=00000000ffff0ff0 DR7=0000000000000400
CCS=0000000000000044 CCD=00000000bfec27c8 CCO=EFLAGS
EFER=0000000000000d00
Servicing hardware INT=0x20
   277: v=20 e=0000 i=0 cpl=0 IP=0038:00000000be258040 pc=00000000be258040 SP=0030:00000000bfec27f0 env->regs[R_EAX]=0000000000000000
RAX=0000000000000000 RBX=0000000000100000 RCX=0000000000050001 RDX=0000000000100000
RSI=0000000000000000 RDI=00000000bc1dafff RBP=00000000bfec2840 RSP=00000000bfec27f0
R8 =0000000000000085 R9 =0000000000000002 R10=000000000000018c R11=00000000000a0000
R12=00000000bfec2808 R13=00000000ffffffff R14=00000000be2a4018 R15=00000000bc12b000
RIP=00000000be258040 RFL=00010246 [---Z-P-] CPL=0 II=0 A20=1 SMM=0 HLT=0
ES =0030 0000000000000000 ffffffff 00cf9300 DPL=0 DS   [-WA]
CS =0038 0000000000000000 ffffffff 00af9a00 DPL=0 CS64 [-R-]
SS =0030 0000000000000000 ffffffff 00cf9300 DPL=0 DS   [-WA]
DS =0030 0000000000000000 ffffffff 00cf9300 DPL=0 DS   [-WA]
FS =0030 0000000000000000 ffffffff 00cf9300 DPL=0 DS   [-WA]
GS =0030 0000000000000000 ffffffff 00cf9300 DPL=0 DS   [-WA]
LDT=0000 0000000000000000 0000ffff 00008200 DPL=0 LDT
TR =0000 0000000000000000 0000ffff 00008b00 DPL=0 TSS64-busy
GDT=     00000000bf9de000 00000047
IDT=     00000000bf4d2018 00000fff
CR0=80010033 CR2=0000000000000000 CR3=00000000bfc01000 CR4=00000668
DR0=0000000000000000 DR1=0000000000000000 DR2=0000000000000000 DR3=0000000000000000 
DR6=00000000ffff0ff0 DR7=0000000000000400
CCS=0000000000000044 CCD=00000000bfec27c8 CCO=EFLAGS
EFER=0000000000000d00
Servicing hardware INT=0x20
   278: v=20 e=0000 i=0 cpl=0 IP=0038:00000000be258040 pc=00000000be258040 SP=0030:00000000bfec27f0 env->regs[R_EAX]=0000000000000000
RAX=0000000000000000 RBX=0000000000100000 RCX=00000000000f0001 RDX=0000000000100000
RSI=0000000000000000 RDI=00000000bbb2dfff RBP=00000000bfec2840 RSP=00000000bfec27f0
R8 =000000000000008a R9 =0000000000000002 R10=000000000000019b R11=00000000000a0000
R12=00000000bfec2808 R13=00000000ffffffff R14=00000000be2a4018 R15=00000000bbb1e000
RIP=00000000be258040 RFL=00010246 [---Z-P-] CPL=0 II=0 A20=1 SMM=0 HLT=0
ES =0030 0000000000000000 ffffffff 00cf9300 DPL=0 DS   [-WA]
CS =0038 0000000000000000 ffffffff 00af9a00 DPL=0 CS64 [-R-]
SS =0030 0000000000000000 ffffffff 00cf9300 DPL=0 DS   [-WA]
DS =0030 0000000000000000 ffffffff 00cf9300 DPL=0 DS   [-WA]
FS =0030 0000000000000000 ffffffff 00cf9300 DPL=0 DS   [-WA]
GS =0030 0000000000000000 ffffffff 00cf9300 DPL=0 DS   [-WA]
LDT=0000 0000000000000000 0000ffff 00008200 DPL=0 LDT
TR =0000 0000000000000000 0000ffff 00008b00 DPL=0 TSS64-busy
GDT=     00000000bf9de000 00000047
IDT=     00000000bf4d2018 00000fff
CR0=80010033 CR2=0000000000000000 CR3=00000000bfc01000 CR4=00000668
DR0=0000000000000000 DR1=0000000000000000 DR2=0000000000000000 DR3=0000000000000000 
DR6=00000000ffff0ff0 DR7=0000000000000400
CCS=0000000000000044 CCD=00000000bfec27c8 CCO=EFLAGS
EFER=0000000000000d00
Servicing hardware INT=0x20
   279: v=20 e=0000 i=0 cpl=0 IP=0038:00000000be258040 pc=00000000be258040 SP=0030:00000000bfec27f0 env->regs[R_EAX]=0000000000000000
RAX=0000000000000000 RBX=0000000000100000 RCX=00000000000f0001 RDX=0000000000100000
RSI=0000000000000000 RDI=00000000bb72dfff RBP=00000000bfec2840 RSP=00000000bfec27f0
R8 =000000000000008e R9 =0000000000000002 R10=00000000000001a7 R11=00000000000a0000
R12=00000000bfec2808 R13=00000000ffffffff R14=00000000be2a4018 R15=00000000bb71e000
RIP=00000000be258040 RFL=00010246 [---Z-P-] CPL=0 II=0 A20=1 SMM=0 HLT=0
ES =0030 0000000000000000 ffffffff 00cf9300 DPL=0 DS   [-WA]
CS =0038 0000000000000000 ffffffff 00af9a00 DPL=0 CS64 [-R-]
SS =0030 0000000000000000 ffffffff 00cf9300 DPL=0 DS   [-WA]
DS =0030 0000000000000000 ffffffff 00cf9300 DPL=0 DS   [-WA]
FS =0030 0000000000000000 ffffffff 00cf9300 DPL=0 DS   [-WA]
GS =0030 0000000000000000 ffffffff 00cf9300 DPL=0 DS   [-WA]
LDT=0000 0000000000000000 0000ffff 00008200 DPL=0 LDT
TR =0000 0000000000000000 0000ffff 00008b00 DPL=0 TSS64-busy
GDT=     00000000bf9de000 00000047
IDT=     00000000bf4d2018 00000fff
CR0=80010033 CR2=0000000000000000 CR3=00000000bfc01000 CR4=00000668
DR0=0000000000000000 DR1=0000000000000000 DR2=0000000000000000 DR3=0000000000000000 
DR6=00000000ffff0ff0 DR7=0000000000000400
CCS=0000000000000044 CCD=00000000bfec27c8 CCO=EFLAGS
EFER=0000000000000d00
Servicing hardware INT=0x20
   280: v=20 e=0000 i=0 cpl=0 IP=0038:00000000be258040 pc=00000000be258040 SP=0030:00000000bfec27f0 env->regs[R_EAX]=0000000000000000
RAX=0000000000000000 RBX=0000000000100000 RCX=00000000000f0001 RDX=0000000000100000
RSI=0000000000000000 RDI=00000000bb32dfff RBP=00000000bfec2840 RSP=00000000bfec27f0
R8 =0000000000000092 R9 =0000000000000002 R10=00000000000001b3 R11=00000000000a0000
R12=00000000bfec2808 R13=00000000ffffffff R14=00000000be2a4018 R15=00000000bb31e000
RIP=00000000be258040 RFL=00010246 [---Z-P-] CPL=0 II=0 A20=1 SMM=0 HLT=0
ES =0030 0000000000000000 ffffffff 00cf9300 DPL=0 DS   [-WA]
CS =0038 0000000000000000 ffffffff 00af9a00 DPL=0 CS64 [-R-]
SS =0030 0000000000000000 ffffffff 00cf9300 DPL=0 DS   [-WA]
DS =0030 0000000000000000 ffffffff 00cf9300 DPL=0 DS   [-WA]
FS =0030 0000000000000000 ffffffff 00cf9300 DPL=0 DS   [-WA]
GS =0030 0000000000000000 ffffffff 00cf9300 DPL=0 DS   [-WA]
LDT=0000 0000000000000000 0000ffff 00008200 DPL=0 LDT
TR =0000 0000000000000000 0000ffff 00008b00 DPL=0 TSS64-busy
GDT=     00000000bf9de000 00000047
IDT=     00000000bf4d2018 00000fff
CR0=80010033 CR2=0000000000000000 CR3=00000000bfc01000 CR4=00000668
DR0=0000000000000000 DR1=0000000000000000 DR2=0000000000000000 DR3=0000000000000000 
DR6=00000000ffff0ff0 DR7=0000000000000400
CCS=0000000000000044 CCD=00000000bfec27c8 CCO=EFLAGS
EFER=0000000000000d00
Servicing hardware INT=0x20
   281: v=20 e=0000 i=0 cpl=0 IP=0038:00000000be258040 pc=00000000be258040 SP=0030:00000000bfec27f0 env->regs[R_EAX]=0000000000000000
RAX=0000000000000000 RBX=0000000000100000 RCX=00000000000f0001 RDX=0000000000100000
RSI=0000000000000000 RDI=00000000baf2dfff RBP=00000000bfec2840 RSP=00000000bfec27f0
R8 =0000000000000096 R9 =0000000000000002 R10=00000000000001bf R11=00000000000a0000
R12=00000000bfec2808 R13=00000000ffffffff R14=00000000be2a4018 R15=00000000baf1e000
RIP=00000000be258040 RFL=00010246 [---Z-P-] CPL=0 II=0 A20=1 SMM=0 HLT=0
ES =0030 0000000000000000 ffffffff 00cf9300 DPL=0 DS   [-WA]
CS =0038 0000000000000000 ffffffff 00af9a00 DPL=0 CS64 [-R-]
SS =0030 0000000000000000 ffffffff 00cf9300 DPL=0 DS   [-WA]
DS =0030 0000000000000000 ffffffff 00cf9300 DPL=0 DS   [-WA]
FS =0030 0000000000000000 ffffffff 00cf9300 DPL=0 DS   [-WA]
GS =0030 0000000000000000 ffffffff 00cf9300 DPL=0 DS   [-WA]
LDT=0000 0000000000000000 0000ffff 00008200 DPL=0 LDT
TR =0000 0000000000000000 0000ffff 00008b00 DPL=0 TSS64-busy
GDT=     00000000bf9de000 00000047
IDT=     00000000bf4d2018 00000fff
CR0=80010033 CR2=0000000000000000 CR3=00000000bfc01000 CR4=00000668
DR0=0000000000000000 DR1=0000000000000000 DR2=0000000000000000 DR3=0000000000000000 
DR6=00000000ffff0ff0 DR7=0000000000000400
CCS=0000000000000044 CCD=00000000bfec27c8 CCO=EFLAGS
EFER=0000000000000d00
Servicing hardware INT=0x20
   282: v=20 e=0000 i=0 cpl=0 IP=0038:00000000be258040 pc=00000000be258040 SP=0030:00000000bfec27f0 env->regs[R_EAX]=0000000000000000
RAX=0000000000000000 RBX=0000000000100000 RCX=00000000000f0001 RDX=0000000000100000
RSI=0000000000000000 RDI=00000000bab2dfff RBP=00000000bfec2840 RSP=00000000bfec27f0
R8 =000000000000009a R9 =0000000000000002 R10=00000000000001cb R11=00000000000a0000
R12=00000000bfec2808 R13=00000000ffffffff R14=00000000be2a4018 R15=00000000bab1e000
RIP=00000000be258040 RFL=00010246 [---Z-P-] CPL=0 II=0 A20=1 SMM=0 HLT=0
ES =0030 0000000000000000 ffffffff 00cf9300 DPL=0 DS   [-WA]
CS =0038 0000000000000000 ffffffff 00af9a00 DPL=0 CS64 [-R-]
SS =0030 0000000000000000 ffffffff 00cf9300 DPL=0 DS   [-WA]
DS =0030 0000000000000000 ffffffff 00cf9300 DPL=0 DS   [-WA]
FS =0030 0000000000000000 ffffffff 00cf9300 DPL=0 DS   [-WA]
GS =0030 0000000000000000 ffffffff 00cf9300 DPL=0 DS   [-WA]
LDT=0000 0000000000000000 0000ffff 00008200 DPL=0 LDT
TR =0000 0000000000000000 0000ffff 00008b00 DPL=0 TSS64-busy
GDT=     00000000bf9de000 00000047
IDT=     00000000bf4d2018 00000fff
CR0=80010033 CR2=0000000000000000 CR3=00000000bfc01000 CR4=00000668
DR0=0000000000000000 DR1=0000000000000000 DR2=0000000000000000 DR3=0000000000000000 
DR6=00000000ffff0ff0 DR7=0000000000000400
CCS=0000000000000044 CCD=00000000bfec27c8 CCO=EFLAGS
EFER=0000000000000d00
Servicing hardware INT=0x20
   283: v=20 e=0000 i=0 cpl=0 IP=0038:00000000be258040 pc=00000000be258040 SP=0030:00000000bfec27f0 env->regs[R_EAX]=0000000000000000
RAX=0000000000000000 RBX=0000000000100000 RCX=00000000000f0001 RDX=0000000000100000
RSI=0000000000000000 RDI=00000000ba72dfff RBP=00000000bfec2840 RSP=00000000bfec27f0
R8 =000000000000009e R9 =0000000000000002 R10=00000000000001d7 R11=00000000000a0000
R12=00000000bfec2808 R13=00000000ffffffff R14=00000000be2a4018 R15=00000000ba71e000
RIP=00000000be258040 RFL=00010246 [---Z-P-] CPL=0 II=0 A20=1 SMM=0 HLT=0
ES =0030 0000000000000000 ffffffff 00cf9300 DPL=0 DS   [-WA]
CS =0038 0000000000000000 ffffffff 00af9a00 DPL=0 CS64 [-R-]
SS =0030 0000000000000000 ffffffff 00cf9300 DPL=0 DS   [-WA]
DS =0030 0000000000000000 ffffffff 00cf9300 DPL=0 DS   [-WA]
FS =0030 0000000000000000 ffffffff 00cf9300 DPL=0 DS   [-WA]
GS =0030 0000000000000000 ffffffff 00cf9300 DPL=0 DS   [-WA]
LDT=0000 0000000000000000 0000ffff 00008200 DPL=0 LDT
TR =0000 0000000000000000 0000ffff 00008b00 DPL=0 TSS64-busy
GDT=     00000000bf9de000 00000047
IDT=     00000000bf4d2018 00000fff
CR0=80010033 CR2=0000000000000000 CR3=00000000bfc01000 CR4=00000668
DR0=0000000000000000 DR1=0000000000000000 DR2=0000000000000000 DR3=0000000000000000 
DR6=00000000ffff0ff0 DR7=0000000000000400
CCS=0000000000000044 CCD=00000000bfec27c8 CCO=EFLAGS
EFER=0000000000000d00
Servicing hardware INT=0x20
   284: v=20 e=0000 i=0 cpl=0 IP=0038:00000000be258040 pc=00000000be258040 SP=0030:00000000bfec27f0 env->regs[R_EAX]=0000000000000000
RAX=0000000000000000 RBX=0000000000100000 RCX=00000000000f0001 RDX=0000000000100000
RSI=0000000000000000 RDI=00000000ba32dfff RBP=00000000bfec2840 RSP=00000000bfec27f0
R8 =00000000000000a2 R9 =0000000000000002 R10=00000000000001e3 R11=00000000000a0000
R12=00000000bfec2808 R13=00000000ffffffff R14=00000000be2a4018 R15=00000000ba31e000
RIP=00000000be258040 RFL=00010246 [---Z-P-] CPL=0 II=0 A20=1 SMM=0 HLT=0
ES =0030 0000000000000000 ffffffff 00cf9300 DPL=0 DS   [-WA]
CS =0038 0000000000000000 ffffffff 00af9a00 DPL=0 CS64 [-R-]
SS =0030 0000000000000000 ffffffff 00cf9300 DPL=0 DS   [-WA]
DS =0030 0000000000000000 ffffffff 00cf9300 DPL=0 DS   [-WA]
FS =0030 0000000000000000 ffffffff 00cf9300 DPL=0 DS   [-WA]
GS =0030 0000000000000000 ffffffff 00cf9300 DPL=0 DS   [-WA]
LDT=0000 0000000000000000 0000ffff 00008200 DPL=0 LDT
TR =0000 0000000000000000 0000ffff 00008b00 DPL=0 TSS64-busy
GDT=     00000000bf9de000 00000047
IDT=     00000000bf4d2018 00000fff
CR0=80010033 CR2=0000000000000000 CR3=00000000bfc01000 CR4=00000668
DR0=0000000000000000 DR1=0000000000000000 DR2=0000000000000000 DR3=0000000000000000 
DR6=00000000ffff0ff0 DR7=0000000000000400
CCS=0000000000000044 CCD=00000000bfec27c8 CCO=EFLAGS
EFER=0000000000000d00
Servicing hardware INT=0x20
   285: v=20 e=0000 i=0 cpl=0 IP=0038:00000000beb0473a pc=00000000beb0473a SP=0030:00000000bfec2680 env->regs[R_EAX]=0000000000000000
RAX=0000000000000000 RBX=00000000003e8000 RCX=00000000000b0001 RDX=00000000c0000000
RSI=0000000000000004 RDI=00000000c0127ffc RBP=0000000000000000 RSP=00000000bfec2680
R8 =0000000000000000 R9 =0000000000000000 R10=00000000bebdc0b8 R11=00000000bfec2838
R12=0000000000000000 R13=00000000c03e8000 R14=0000000000000000 R15=00000000ffffffff
RIP=00000000beb0473a RFL=00010246 [---Z-P-] CPL=0 II=0 A20=1 SMM=0 HLT=0
ES =0030 0000000000000000 ffffffff 00cf9300 DPL=0 DS   [-WA]
CS =0038 0000000000000000 ffffffff 00af9a00 DPL=0 CS64 [-R-]
SS =0030 0000000000000000 ffffffff 00cf9300 DPL=0 DS   [-WA]
DS =0030 0000000000000000 ffffffff 00cf9300 DPL=0 DS   [-WA]
FS =0030 0000000000000000 ffffffff 00cf9300 DPL=0 DS   [-WA]
GS =0030 0000000000000000 ffffffff 00cf9300 DPL=0 DS   [-WA]
LDT=0000 0000000000000000 0000ffff 00008200 DPL=0 LDT
TR =0000 0000000000000000 0000ffff 00008b00 DPL=0 TSS64-busy
GDT=     00000000bf9de000 00000047
IDT=     00000000bf4d2018 00000fff
CR0=80010033 CR2=0000000000000000 CR3=00000000bfc01000 CR4=00000668
DR0=0000000000000000 DR1=0000000000000000 DR2=0000000000000000 DR3=0000000000000000 
DR6=00000000ffff0ff0 DR7=0000000000000400
CCS=0000000000000044 CCD=0000000000000000 CCO=EFLAGS
EFER=0000000000000d00
Servicing hardware INT=0x20
   286: v=20 e=0000 i=0 cpl=0 IP=0038:00000000beca28e6 pc=00000000beca28e6 SP=0030:00000000bfec2410 env->regs[R_EAX]=0000000000006ecc
RAX=0000000000006ecc RBX=0000000000c2cafe RCX=000000000000b008 RDX=000000000000b008
RSI=000000000004baf0 RDI=0000000000000000 RBP=00000000be220000 RSP=00000000bfec2410
R8 =0000000000c25c32 R9 =00000000000003f6 R10=0000000000000000 R11=0000000000000000
R12=0000000000002710 R13=0000000000000000 R14=00000000be8a23d4 R15=0000000000000011
RIP=00000000beca28e6 RFL=00000206 [-----P-] CPL=0 II=0 A20=1 SMM=0 HLT=0
ES =0030 0000000000000000 ffffffff 00cf9300 DPL=0 DS   [-WA]
CS =0038 0000000000000000 ffffffff 00af9a00 DPL=0 CS64 [-R-]
SS =0030 0000000000000000 ffffffff 00cf9300 DPL=0 DS   [-WA]
DS =0030 0000000000000000 ffffffff 00cf9300 DPL=0 DS   [-WA]
FS =0030 0000000000000000 ffffffff 00cf9300 DPL=0 DS   [-WA]
GS =0030 0000000000000000 ffffffff 00cf9300 DPL=0 DS   [-WA]
LDT=0000 0000000000000000 0000ffff 00008200 DPL=0 LDT
TR =0000 0000000000000000 0000ffff 00008b00 DPL=0 TSS64-busy
GDT=     00000000bf9de000 00000047
IDT=     00000000bf4d2018 00000fff
CR0=80010033 CR2=0000000000000000 CR3=00000000bfc01000 CR4=00000668
DR0=0000000000000000 DR1=0000000000000000 DR2=0000000000000000 DR3=0000000000000000 
DR6=00000000ffff0ff0 DR7=0000000000000400
CCS=0000000000000004 CCD=0000000000006ecc CCO=EFLAGS
EFER=0000000000000d00
Servicing hardware INT=0x20
   287: v=20 e=0000 i=0 cpl=0 IP=0038:00000000beca28e6 pc=00000000beca28e6 SP=0030:00000000bfec2410 env->regs[R_EAX]=0000000000004907
RAX=0000000000004907 RBX=0000000000c36750 RCX=000000000000b008 RDX=000000000000b008
RSI=000000000004baf0 RDI=8000000000000007 RBP=00000000be220000 RSP=00000000bfec2410
R8 =0000000000c31e49 R9 =00000000000003f6 R10=0000000000000000 R11=0000000000000000
R12=0000000000002710 R13=8000000000000007 R14=00000000be8a23d4 R15=0000000000000011
RIP=00000000beca28e6 RFL=00000202 [-------] CPL=0 II=0 A20=1 SMM=0 HLT=0
ES =0030 0000000000000000 ffffffff 00cf9300 DPL=0 DS   [-WA]
CS =0038 0000000000000000 ffffffff 00af9a00 DPL=0 CS64 [-R-]
SS =0030 0000000000000000 ffffffff 00cf9300 DPL=0 DS   [-WA]
DS =0030 0000000000000000 ffffffff 00cf9300 DPL=0 DS   [-WA]
FS =0030 0000000000000000 ffffffff 00cf9300 DPL=0 DS   [-WA]
GS =0030 0000000000000000 ffffffff 00cf9300 DPL=0 DS   [-WA]
LDT=0000 0000000000000000 0000ffff 00008200 DPL=0 LDT
TR =0000 0000000000000000 0000ffff 00008b00 DPL=0 TSS64-busy
GDT=     00000000bf9de000 00000047
IDT=     00000000bf4d2018 00000fff
CR0=80010033 CR2=0000000000000000 CR3=00000000bfc01000 CR4=00000668
DR0=0000000000000000 DR1=0000000000000000 DR2=0000000000000000 DR3=0000000000000000 
DR6=00000000ffff0ff0 DR7=0000000000000400
CCS=0000000000000000 CCD=0000000000004907 CCO=EFLAGS
EFER=0000000000000d00
Servicing hardware INT=0x20
   288: v=20 e=0000 i=0 cpl=0 IP=0038:00000000beca28e6 pc=00000000beca28e6 SP=0030:00000000bfec22e0 env->regs[R_EAX]=00000000000060be
RAX=00000000000060be RBX=0000000000c40b8b RCX=000000000000b008 RDX=000000000000b008
RSI=000000000004baf0 RDI=0000000000000000 RBP=00000000be220000 RSP=00000000bfec22e0
R8 =0000000000c3aacd R9 =00000000000003f6 R10=0000000000000000 R11=0000000000000000
R12=0000000000002710 R13=0000000000000000 R14=00000000be8a23d4 R15=0000000000000011
RIP=00000000beca28e6 RFL=00000206 [-----P-] CPL=0 II=0 A20=1 SMM=0 HLT=0
ES =0030 0000000000000000 ffffffff 00cf9300 DPL=0 DS   [-WA]
CS =0038 0000000000000000 ffffffff 00af9a00 DPL=0 CS64 [-R-]
SS =0030 0000000000000000 ffffffff 00cf9300 DPL=0 DS   [-WA]
DS =0030 0000000000000000 ffffffff 00cf9300 DPL=0 DS   [-WA]
FS =0030 0000000000000000 ffffffff 00cf9300 DPL=0 DS   [-WA]
GS =0030 0000000000000000 ffffffff 00cf9300 DPL=0 DS   [-WA]
LDT=0000 0000000000000000 0000ffff 00008200 DPL=0 LDT
TR =0000 0000000000000000 0000ffff 00008b00 DPL=0 TSS64-busy
GDT=     00000000bf9de000 00000047
IDT=     00000000bf4d2018 00000fff
CR0=80010033 CR2=0000000000000000 CR3=00000000bfc01000 CR4=00000668
DR0=0000000000000000 DR1=0000000000000000 DR2=0000000000000000 DR3=0000000000000000 
DR6=00000000ffff0ff0 DR7=0000000000000400
CCS=0000000000000004 CCD=00000000000060be CCO=EFLAGS
EFER=0000000000000d00
Servicing hardware INT=0x20
   289: v=20 e=0000 i=0 cpl=0 IP=0038:00000000beca28e6 pc=00000000beca28e6 SP=0030:00000000bfec1ef0 env->regs[R_EAX]=00000000000073e5
RAX=00000000000073e5 RBX=0000000000c4b514 RCX=000000000000b008 RDX=000000000000b008
RSI=000000000004baf0 RDI=0000000000000000 RBP=00000000be220000 RSP=00000000bfec1ef0
R8 =0000000000c4412f R9 =00000000000003f6 R10=0000000000000000 R11=0000000000000000
R12=0000000000002710 R13=0000000000000000 R14=00000000be8a23d4 R15=0000000000000011
RIP=00000000beca28e6 RFL=00000202 [-------] CPL=0 II=0 A20=1 SMM=0 HLT=0
ES =0030 0000000000000000 ffffffff 00cf9300 DPL=0 DS   [-WA]
CS =0038 0000000000000000 ffffffff 00af9a00 DPL=0 CS64 [-R-]
SS =0030 0000000000000000 ffffffff 00cf9300 DPL=0 DS   [-WA]
DS =0030 0000000000000000 ffffffff 00cf9300 DPL=0 DS   [-WA]
FS =0030 0000000000000000 ffffffff 00cf9300 DPL=0 DS   [-WA]
GS =0030 0000000000000000 ffffffff 00cf9300 DPL=0 DS   [-WA]
LDT=0000 0000000000000000 0000ffff 00008200 DPL=0 LDT
TR =0000 0000000000000000 0000ffff 00008b00 DPL=0 TSS64-busy
GDT=     00000000bf9de000 00000047
IDT=     00000000bf4d2018 00000fff
CR0=80010033 CR2=0000000000000000 CR3=00000000bfc01000 CR4=00000668
DR0=0000000000000000 DR1=0000000000000000 DR2=0000000000000000 DR3=0000000000000000 
DR6=00000000ffff0ff0 DR7=0000000000000400
CCS=0000000000000000 CCD=00000000000073e5 CCO=EFLAGS
EFER=0000000000000d00
Servicing hardware INT=0x20
   290: v=20 e=0000 i=0 cpl=0 IP=0038:00000000beca2896 pc=00000000beca2896 SP=0030:00000000bfec1ca0 env->regs[R_EAX]=0000000000c4c34b
RAX=0000000000c4c34b RBX=0000000000000000 RCX=000000000000b008 RDX=000000000000b008
RSI=00000000be88be40 RDI=00000000ffffff00 RBP=00000000be2200c8 RSP=00000000bfec1ca0
R8 =0000000000c4c224 R9 =00000000000001f7 R10=0000000000000000 R11=0000000000000000
R12=000000000000b008 R13=000000000004baf1 R14=00000000be8a23d4 R15=0000000000000011
RIP=00000000beca2896 RFL=00000293 [--S-A-C] CPL=0 II=0 A20=1 SMM=0 HLT=0
ES =0030 0000000000000000 ffffffff 00cf9300 DPL=0 DS   [-WA]
CS =0038 0000000000000000 ffffffff 00af9a00 DPL=0 CS64 [-R-]
SS =0030 0000000000000000 ffffffff 00cf9300 DPL=0 DS   [-WA]
DS =0030 0000000000000000 ffffffff 00cf9300 DPL=0 DS   [-WA]
FS =0030 0000000000000000 ffffffff 00cf9300 DPL=0 DS   [-WA]
GS =0030 0000000000000000 ffffffff 00cf9300 DPL=0 DS   [-WA]
LDT=0000 0000000000000000 0000ffff 00008200 DPL=0 LDT
TR =0000 0000000000000000 0000ffff 00008b00 DPL=0 TSS64-busy
GDT=     00000000bf9de000 00000047
IDT=     00000000bf4d2018 00000fff
CR0=80010033 CR2=0000000000000000 CR3=00000000bfc01000 CR4=00000668
DR0=0000000000000000 DR1=0000000000000000 DR2=0000000000000000 DR3=0000000000000000 
DR6=00000000ffff0ff0 DR7=0000000000000400
CCS=0000000000000091 CCD=fffffffffffffffe CCO=EFLAGS
EFER=0000000000000d00
Servicing hardware INT=0x20
   291: v=20 e=0000 i=0 cpl=0 IP=0038:00000000beca2896 pc=00000000beca2896 SP=0030:00000000bfec1d00 env->regs[R_EAX]=0000000000c54ee9
RAX=0000000000c54ee9 RBX=0000000000000000 RCX=000000000000b008 RDX=000000000000b008
RSI=000000000004baf0 RDI=0000000000000000 RBP=00000000be220000 RSP=00000000bfec1d00
R8 =0000000000c54dfa R9 =00000000000003f6 R10=0000000000000000 R11=0000000000000000
R12=000000000000b008 R13=0000000000000000 R14=00000000be8a23d4 R15=0000000000000011
RIP=00000000beca2896 RFL=00000293 [--S-A-C] CPL=0 II=0 A20=1 SMM=0 HLT=0
ES =0030 0000000000000000 ffffffff 00cf9300 DPL=0 DS   [-WA]
CS =0038 0000000000000000 ffffffff 00af9a00 DPL=0 CS64 [-R-]
SS =0030 0000000000000000 ffffffff 00cf9300 DPL=0 DS   [-WA]
DS =0030 0000000000000000 ffffffff 00cf9300 DPL=0 DS   [-WA]
FS =0030 0000000000000000 ffffffff 00cf9300 DPL=0 DS   [-WA]
GS =0030 0000000000000000 ffffffff 00cf9300 DPL=0 DS   [-WA]
LDT=0000 0000000000000000 0000ffff 00008200 DPL=0 LDT
TR =0000 0000000000000000 0000ffff 00008b00 DPL=0 TSS64-busy
GDT=     00000000bf9de000 00000047
IDT=     00000000bf4d2018 00000fff
CR0=80010033 CR2=0000000000000000 CR3=00000000bfc01000 CR4=00000668
DR0=0000000000000000 DR1=0000000000000000 DR2=0000000000000000 DR3=0000000000000000 
DR6=00000000ffff0ff0 DR7=0000000000000400
CCS=0000000000000091 CCD=fffffffffffffffe CCO=EFLAGS
EFER=0000000000000d00
Servicing hardware INT=0x20
   292: v=20 e=0000 i=0 cpl=0 IP=0038:00000000beca28e6 pc=00000000beca28e6 SP=0030:00000000bfec1d60 env->regs[R_EAX]=00000000000015b1
RAX=00000000000015b1 RBX=0000000000c5efe3 RCX=000000000000b008 RDX=000000000000b008
RSI=000000000004baf0 RDI=0000000000000000 RBP=00000000be220000 RSP=00000000bfec1d60
R8 =0000000000c5da32 R9 =00000000000003f6 R10=0000000000000000 R11=0000000000000000
R12=0000000000002710 R13=0000000000000000 R14=00000000be8a23d4 R15=0000000000000011
RIP=00000000beca28e6 RFL=00000206 [-----P-] CPL=0 II=0 A20=1 SMM=0 HLT=0
ES =0030 0000000000000000 ffffffff 00cf9300 DPL=0 DS   [-WA]
CS =0038 0000000000000000 ffffffff 00af9a00 DPL=0 CS64 [-R-]
SS =0030 0000000000000000 ffffffff 00cf9300 DPL=0 DS   [-WA]
DS =0030 0000000000000000 ffffffff 00cf9300 DPL=0 DS   [-WA]
FS =0030 0000000000000000 ffffffff 00cf9300 DPL=0 DS   [-WA]
GS =0030 0000000000000000 ffffffff 00cf9300 DPL=0 DS   [-WA]
LDT=0000 0000000000000000 0000ffff 00008200 DPL=0 LDT
TR =0000 0000000000000000 0000ffff 00008b00 DPL=0 TSS64-busy
GDT=     00000000bf9de000 00000047
IDT=     00000000bf4d2018 00000fff
CR0=80010033 CR2=0000000000000000 CR3=00000000bfc01000 CR4=00000668
DR0=0000000000000000 DR1=0000000000000000 DR2=0000000000000000 DR3=0000000000000000 
DR6=00000000ffff0ff0 DR7=0000000000000400
CCS=0000000000000004 CCD=00000000000015b1 CCO=EFLAGS
EFER=0000000000000d00
Servicing hardware INT=0x20
   293: v=20 e=0000 i=0 cpl=0 IP=0038:00000000beca28e6 pc=00000000beca28e6 SP=0030:00000000bfec2410 env->regs[R_EAX]=000000000000483b
RAX=000000000000483b RBX=0000000000c6ae1b RCX=000000000000b008 RDX=000000000000b008
RSI=000000000004bae6 RDI=0000000000000000 RBP=00000000be220000 RSP=00000000bfec2410
R8 =0000000000c665e0 R9 =00000000000003f6 R10=0000000000000000 R11=0000000000000000
R12=0000000000002710 R13=0000000000000000 R14=00000000be8a23d4 R15=0000000000000011
RIP=00000000beca28e6 RFL=00000202 [-------] CPL=0 II=0 A20=1 SMM=0 HLT=0
ES =0030 0000000000000000 ffffffff 00cf9300 DPL=0 DS   [-WA]
CS =0038 0000000000000000 ffffffff 00af9a00 DPL=0 CS64 [-R-]
SS =0030 0000000000000000 ffffffff 00cf9300 DPL=0 DS   [-WA]
DS =0030 0000000000000000 ffffffff 00cf9300 DPL=0 DS   [-WA]
FS =0030 0000000000000000 ffffffff 00cf9300 DPL=0 DS   [-WA]
GS =0030 0000000000000000 ffffffff 00cf9300 DPL=0 DS   [-WA]
LDT=0000 0000000000000000 0000ffff 00008200 DPL=0 LDT
TR =0000 0000000000000000 0000ffff 00008b00 DPL=0 TSS64-busy
GDT=     00000000bf9de000 00000047
IDT=     00000000bf4d2018 00000fff
CR0=80010033 CR2=0000000000000000 CR3=00000000bfc01000 CR4=00000668
DR0=0000000000000000 DR1=0000000000000000 DR2=0000000000000000 DR3=0000000000000000 
DR6=00000000ffff0ff0 DR7=0000000000000400
CCS=0000000000000000 CCD=000000000000483b CCO=EFLAGS
EFER=0000000000000d00
Servicing hardware INT=0x20
   294: v=20 e=0000 i=0 cpl=0 IP=0038:00000000beca28e6 pc=00000000beca28e6 SP=0030:00000000bfec2410 env->regs[R_EAX]=0000000000008666
RAX=0000000000008666 RBX=0000000000c7782c RCX=000000000000b008 RDX=000000000000b008
RSI=000000000004baf0 RDI=0000000000000000 RBP=00000000be220000 RSP=00000000bfec2410
R8 =0000000000c6f1c6 R9 =00000000000003f6 R10=0000000000000000 R11=0000000000000000
R12=0000000000002710 R13=0000000000000000 R14=00000000be8a23d4 R15=0000000000000011
RIP=00000000beca28e6 RFL=00000206 [-----P-] CPL=0 II=0 A20=1 SMM=0 HLT=0
ES =0030 0000000000000000 ffffffff 00cf9300 DPL=0 DS   [-WA]
CS =0038 0000000000000000 ffffffff 00af9a00 DPL=0 CS64 [-R-]
SS =0030 0000000000000000 ffffffff 00cf9300 DPL=0 DS   [-WA]
DS =0030 0000000000000000 ffffffff 00cf9300 DPL=0 DS   [-WA]
FS =0030 0000000000000000 ffffffff 00cf9300 DPL=0 DS   [-WA]
GS =0030 0000000000000000 ffffffff 00cf9300 DPL=0 DS   [-WA]
LDT=0000 0000000000000000 0000ffff 00008200 DPL=0 LDT
TR =0000 0000000000000000 0000ffff 00008b00 DPL=0 TSS64-busy
GDT=     00000000bf9de000 00000047
IDT=     00000000bf4d2018 00000fff
CR0=80010033 CR2=0000000000000000 CR3=00000000bfc01000 CR4=00000668
DR0=0000000000000000 DR1=0000000000000000 DR2=0000000000000000 DR3=0000000000000000 
DR6=00000000ffff0ff0 DR7=0000000000000400
CCS=0000000000000004 CCD=0000000000008666 CCO=EFLAGS
EFER=0000000000000d00
Servicing hardware INT=0x20
   295: v=20 e=0000 i=0 cpl=0 IP=0038:00000000be22c842 pc=00000000be22c842 SP=0030:00000000bfec24e8 env->regs[R_EAX]=e369ecdc66bcdedb
RAX=e369ecdc66bcdedb RBX=f3f542d69cbac508 RCX=9d02ae3763897ea9 RDX=ba77dcb502379742
RSI=7875e830bf5f9bd5 RDI=08a4aadc5d052e4c RBP=00000000bfec25e0 RSP=00000000bfec24e8
R8 =eb3b58f6224c525d R9 =93c9b03df54d2cff R10=e1f93a00fdb7a77b R11=afc30e38ae5b98d0
R12=9a7168bee1bb28a7 R13=5ee23889b4762aa2 R14=ee1f5950a6b9cca5 R15=c30aa38b858bb395
RIP=00000000be22c842 RFL=00000296 [--S-AP-] CPL=0 II=0 A20=1 SMM=0 HLT=0
ES =0030 0000000000000000 ffffffff 00cf9300 DPL=0 DS   [-WA]
CS =0038 0000000000000000 ffffffff 00af9a00 DPL=0 CS64 [-R-]
SS =0030 0000000000000000 ffffffff 00cf9300 DPL=0 DS   [-WA]
DS =0030 0000000000000000 ffffffff 00cf9300 DPL=0 DS   [-WA]
FS =0030 0000000000000000 ffffffff 00cf9300 DPL=0 DS   [-WA]
GS =0030 0000000000000000 ffffffff 00cf9300 DPL=0 DS   [-WA]
LDT=0000 0000000000000000 0000ffff 00008200 DPL=0 LDT
TR =0000 0000000000000000 0000ffff 00008b00 DPL=0 TSS64-busy
GDT=     00000000bf9de000 00000047
IDT=     00000000bf4d2018 00000fff
CR0=80010033 CR2=0000000000000000 CR3=00000000bfc01000 CR4=00000668
DR0=0000000000000000 DR1=0000000000000000 DR2=0000000000000000 DR3=0000000000000000 
DR6=00000000ffff0ff0 DR7=0000000000000400
CCS=0000000000000094 CCD=e369ecdc66bcdedb CCO=EFLAGS
EFER=0000000000000d00
Servicing hardware INT=0x20
   296: v=20 e=0000 i=0 cpl=0 IP=0038:00000000beca2896 pc=00000000beca2896 SP=0030:00000000bfec22d0 env->regs[R_EAX]=0000000000c80987
RAX=0000000000c80987 RBX=0000000000000000 RCX=000000000000b008 RDX=000000000000b008
RSI=000000000004baf0 RDI=0000000000000000 RBP=00000000be220000 RSP=00000000bfec22d0
R8 =0000000000c80891 R9 =00000000000003f6 R10=0000000000000000 R11=0000000000000000
R12=000000000000b008 R13=0000000000000000 R14=00000000be8a23d4 R15=0000000000000011
RIP=00000000beca2896 RFL=00000293 [--S-A-C] CPL=0 II=0 A20=1 SMM=0 HLT=0
ES =0030 0000000000000000 ffffffff 00cf9300 DPL=0 DS   [-WA]
CS =0038 0000000000000000 ffffffff 00af9a00 DPL=0 CS64 [-R-]
SS =0030 0000000000000000 ffffffff 00cf9300 DPL=0 DS   [-WA]
DS =0030 0000000000000000 ffffffff 00cf9300 DPL=0 DS   [-WA]
FS =0030 0000000000000000 ffffffff 00cf9300 DPL=0 DS   [-WA]
GS =0030 0000000000000000 ffffffff 00cf9300 DPL=0 DS   [-WA]
LDT=0000 0000000000000000 0000ffff 00008200 DPL=0 LDT
TR =0000 0000000000000000 0000ffff 00008b00 DPL=0 TSS64-busy
GDT=     00000000bf9de000 00000047
IDT=     00000000bf4d2018 00000fff
CR0=80010033 CR2=0000000000000000 CR3=00000000bfc01000 CR4=00000668
DR0=0000000000000000 DR1=0000000000000000 DR2=0000000000000000 DR3=0000000000000000 
DR6=00000000ffff0ff0 DR7=0000000000000400
CCS=0000000000000091 CCD=fffffffffffffffe CCO=EFLAGS
EFER=0000000000000d00
Servicing hardware INT=0x20
   297: v=20 e=0000 i=0 cpl=0 IP=0038:00000000beca28e6 pc=00000000beca28e6 SP=0030:00000000bfec2230 env->regs[R_EAX]=0000000000007b18
RAX=0000000000007b18 RBX=0000000000c90ff9 RCX=000000000000b008 RDX=000000000000b008
RSI=000000000004baf0 RDI=0000000000000000 RBP=00000000be220000 RSP=00000000bfec2230
R8 =0000000000c894e1 R9 =00000000000003f6 R10=0000000000000000 R11=0000000000000000
R12=0000000000002710 R13=0000000000000000 R14=00000000be8a23d4 R15=0000000000000011
RIP=00000000beca28e6 RFL=00000206 [-----P-] CPL=0 II=0 A20=1 SMM=0 HLT=0
ES =0030 0000000000000000 ffffffff 00cf9300 DPL=0 DS   [-WA]
CS =0038 0000000000000000 ffffffff 00af9a00 DPL=0 CS64 [-R-]
SS =0030 0000000000000000 ffffffff 00cf9300 DPL=0 DS   [-WA]
DS =0030 0000000000000000 ffffffff 00cf9300 DPL=0 DS   [-WA]
FS =0030 0000000000000000 ffffffff 00cf9300 DPL=0 DS   [-WA]
GS =0030 0000000000000000 ffffffff 00cf9300 DPL=0 DS   [-WA]
LDT=0000 0000000000000000 0000ffff 00008200 DPL=0 LDT
TR =0000 0000000000000000 0000ffff 00008b00 DPL=0 TSS64-busy
GDT=     00000000bf9de000 00000047
IDT=     00000000bf4d2018 00000fff
CR0=80010033 CR2=0000000000000000 CR3=00000000bfc01000 CR4=00000668
DR0=0000000000000000 DR1=0000000000000000 DR2=0000000000000000 DR3=0000000000000000 
DR6=00000000ffff0ff0 DR7=0000000000000400
CCS=0000000000000004 CCD=0000000000007b18 CCO=EFLAGS
EFER=0000000000000d00
Servicing hardware INT=0x20
   298: v=20 e=0000 i=0 cpl=0 IP=0038:00000000be22f11f pc=00000000be22f11f SP=0030:00000000bfec2900 env->regs[R_EAX]=0000000000000000
RAX=0000000000000000 RBX=00000000bfec2920 RCX=00000000bf09ce20 RDX=00000000be897040
RSI=00000000be2a4f00 RDI=00000000be2a4018 RBP=00000000bfec2970 RSP=00000000bfec2900
R8 =3b7269c9a0003f8e R9 =0000000000000000 R10=00000000bfee1e49 R11=00000000000a0000
R12=0000000000000000 R13=3b7269c9a0003f8e R14=00000000bfec2940 R15=11d295625b1b31a1
RIP=00000000be22f11f RFL=00000246 [---Z-P-] CPL=0 II=0 A20=1 SMM=0 HLT=0
ES =0030 0000000000000000 ffffffff 00cf9300 DPL=0 DS   [-WA]
CS =0038 0000000000000000 ffffffff 00af9a00 DPL=0 CS64 [-R-]
SS =0030 0000000000000000 ffffffff 00cf9300 DPL=0 DS   [-WA]
DS =0030 0000000000000000 ffffffff 00cf9300 DPL=0 DS   [-WA]
FS =0030 0000000000000000 ffffffff 00cf9300 DPL=0 DS   [-WA]
GS =0030 0000000000000000 ffffffff 00cf9300 DPL=0 DS   [-WA]
LDT=0000 0000000000000000 0000ffff 00008200 DPL=0 LDT
TR =0000 0000000000000000 0000ffff 00008b00 DPL=0 TSS64-busy
GDT=     00000000bf9de000 00000047
IDT=     00000000bf4d2018 00000fff
CR0=80010033 CR2=0000000000000000 CR3=00000000bfc01000 CR4=00000668
DR0=0000000000000000 DR1=0000000000000000 DR2=0000000000000000 DR3=0000000000000000 
DR6=00000000ffff0ff0 DR7=0000000000000400
CCS=0000000000000044 CCD=0000000000000000 CCO=EFLAGS
EFER=0000000000000d00
Servicing hardware INT=0x20
   299: v=20 e=0000 i=0 cpl=0 IP=0038:00000000beca2896 pc=00000000beca2896 SP=0030:00000000bfec2370 env->regs[R_EAX]=0000000000c9adbc
RAX=0000000000c9adbc RBX=0000000000000000 RCX=000000000000b008 RDX=000000000000b008
RSI=000000000004baf0 RDI=0000000000000000 RBP=00000000be220000 RSP=00000000bfec2370
R8 =0000000000c9ad0a R9 =00000000000003f6 R10=0000000000000000 R11=0000000000000000
R12=000000000000b008 R13=0000000000000000 R14=00000000be8a23d4 R15=0000000000000011
RIP=00000000beca2896 RFL=00000293 [--S-A-C] CPL=0 II=0 A20=1 SMM=0 HLT=0
ES =0030 0000000000000000 ffffffff 00cf9300 DPL=0 DS   [-WA]
CS =0038 0000000000000000 ffffffff 00af9a00 DPL=0 CS64 [-R-]
SS =0030 0000000000000000 ffffffff 00cf9300 DPL=0 DS   [-WA]
DS =0030 0000000000000000 ffffffff 00cf9300 DPL=0 DS   [-WA]
FS =0030 0000000000000000 ffffffff 00cf9300 DPL=0 DS   [-WA]
GS =0030 0000000000000000 ffffffff 00cf9300 DPL=0 DS   [-WA]
LDT=0000 0000000000000000 0000ffff 00008200 DPL=0 LDT
TR =0000 0000000000000000 0000ffff 00008b00 DPL=0 TSS64-busy
GDT=     00000000bf9de000 00000047
IDT=     00000000bf4d2018 00000fff
CR0=80010033 CR2=0000000000000000 CR3=00000000bfc01000 CR4=00000668
DR0=0000000000000000 DR1=0000000000000000 DR2=0000000000000000 DR3=0000000000000000 
DR6=00000000ffff0ff0 DR7=0000000000000400
CCS=0000000000000091 CCD=fffffffffffffffe CCO=EFLAGS
EFER=0000000000000d00
Servicing hardware INT=0x20
   300: v=20 e=0000 i=0 cpl=0 IP=0038:00000000beca28e6 pc=00000000beca28e6 SP=0030:00000000bfec1a80 env->regs[R_EAX]=0000000000007232
RAX=0000000000007232 RBX=0000000000caab0a RCX=000000000000b008 RDX=000000000000b008
RSI=000000000004baf0 RDI=0000000000000000 RBP=00000000be220000 RSP=00000000bfec1a80
R8 =0000000000ca38d8 R9 =00000000000003f6 R10=0000000000000000 R11=0000000000000000
R12=0000000000002710 R13=0000000000000000 R14=00000000be8a23d4 R15=0000000000000011
RIP=00000000beca28e6 RFL=00000202 [-------] CPL=0 II=0 A20=1 SMM=0 HLT=0
ES =0030 0000000000000000 ffffffff 00cf9300 DPL=0 DS   [-WA]
CS =0038 0000000000000000 ffffffff 00af9a00 DPL=0 CS64 [-R-]
SS =0030 0000000000000000 ffffffff 00cf9300 DPL=0 DS   [-WA]
DS =0030 0000000000000000 ffffffff 00cf9300 DPL=0 DS   [-WA]
FS =0030 0000000000000000 ffffffff 00cf9300 DPL=0 DS   [-WA]
GS =0030 0000000000000000 ffffffff 00cf9300 DPL=0 DS   [-WA]
LDT=0000 0000000000000000 0000ffff 00008200 DPL=0 LDT
TR =0000 0000000000000000 0000ffff 00008b00 DPL=0 TSS64-busy
GDT=     00000000bf9de000 00000047
IDT=     00000000bf4d2018 00000fff
CR0=80010033 CR2=0000000000000000 CR3=00000000bfc01000 CR4=00000668
DR0=0000000000000000 DR1=0000000000000000 DR2=0000000000000000 DR3=0000000000000000 
DR6=00000000ffff0ff0 DR7=0000000000000400
CCS=0000000000000000 CCD=0000000000007232 CCO=EFLAGS
EFER=0000000000000d00
Servicing hardware INT=0x20
   301: v=20 e=0000 i=0 cpl=0 IP=0038:00000000beca2896 pc=00000000beca2896 SP=0030:00000000bfec1f40 env->regs[R_EAX]=0000000000cb0ec6
RAX=0000000000cb0ec6 RBX=0000000000000000 RCX=000000000000b008 RDX=000000000000b008
RSI=000000000004baea RDI=0000000000000000 RBP=00000000be220000 RSP=00000000bfec1f40
R8 =0000000000cac994 R9 =000000000000c082 R10=0000000000000000 R11=0000000000000000
R12=000000000000b008 R13=0000000000000000 R14=00000000be8a23d4 R15=0000000000000011
RIP=00000000beca2896 RFL=00000293 [--S-A-C] CPL=0 II=0 A20=1 SMM=0 HLT=0
ES =0030 0000000000000000 ffffffff 00cf9300 DPL=0 DS   [-WA]
CS =0038 0000000000000000 ffffffff 00af9a00 DPL=0 CS64 [-R-]
SS =0030 0000000000000000 ffffffff 00cf9300 DPL=0 DS   [-WA]
DS =0030 0000000000000000 ffffffff 00cf9300 DPL=0 DS   [-WA]
FS =0030 0000000000000000 ffffffff 00cf9300 DPL=0 DS   [-WA]
GS =0030 0000000000000000 ffffffff 00cf9300 DPL=0 DS   [-WA]
LDT=0000 0000000000000000 0000ffff 00008200 DPL=0 LDT
TR =0000 0000000000000000 0000ffff 00008b00 DPL=0 TSS64-busy
GDT=     00000000bf9de000 00000047
IDT=     00000000bf4d2018 00000fff
CR0=80010033 CR2=0000000000000000 CR3=00000000bfc01000 CR4=00000668
DR0=0000000000000000 DR1=0000000000000000 DR2=0000000000000000 DR3=0000000000000000 
DR6=00000000ffff0ff0 DR7=0000000000000400
CCS=0000000000000091 CCD=fffffffffffffffe CCO=EFLAGS
EFER=0000000000000d00
Servicing hardware INT=0x20
   302: v=20 e=0000 i=0 cpl=0 IP=0038:00000000beca2896 pc=00000000beca2896 SP=0030:00000000bfec1f40 env->regs[R_EAX]=0000000000cb50d5
RAX=0000000000cb50d5 RBX=0000000000000000 RCX=000000000000b008 RDX=000000000000b008
RSI=000000000004bae9 RDI=0000000000000000 RBP=00000000be220000 RSP=00000000bfec1f40
R8 =0000000000cb4fee R9 =00000000000003f6 R10=0000000000000000 R11=0000000000000000
R12=000000000000b008 R13=0000000000000000 R14=00000000be8a23d4 R15=0000000000000011
RIP=00000000beca2896 RFL=00000293 [--S-A-C] CPL=0 II=0 A20=1 SMM=0 HLT=0
ES =0030 0000000000000000 ffffffff 00cf9300 DPL=0 DS   [-WA]
CS =0038 0000000000000000 ffffffff 00af9a00 DPL=0 CS64 [-R-]
SS =0030 0000000000000000 ffffffff 00cf9300 DPL=0 DS   [-WA]
DS =0030 0000000000000000 ffffffff 00cf9300 DPL=0 DS   [-WA]
FS =0030 0000000000000000 ffffffff 00cf9300 DPL=0 DS   [-WA]
GS =0030 0000000000000000 ffffffff 00cf9300 DPL=0 DS   [-WA]
LDT=0000 0000000000000000 0000ffff 00008200 DPL=0 LDT
TR =0000 0000000000000000 0000ffff 00008b00 DPL=0 TSS64-busy
GDT=     00000000bf9de000 00000047
IDT=     00000000bf4d2018 00000fff
CR0=80010033 CR2=0000000000000000 CR3=00000000bfc01000 CR4=00000668
DR0=0000000000000000 DR1=0000000000000000 DR2=0000000000000000 DR3=0000000000000000 
DR6=00000000ffff0ff0 DR7=0000000000000400
CCS=0000000000000091 CCD=fffffffffffffffe CCO=EFLAGS
EFER=0000000000000d00
Servicing hardware INT=0x20
   303: v=20 e=0000 i=0 cpl=0 IP=0038:00000000beca28e6 pc=00000000beca28e6 SP=0030:00000000bfec1e10 env->regs[R_EAX]=0000000000006f1b
RAX=0000000000006f1b RBX=0000000000cc4a69 RCX=000000000000b008 RDX=000000000000b008
RSI=000000000004baee RDI=0000000000000000 RBP=00000000be220000 RSP=00000000bfec1e10
R8 =0000000000cbdb4e R9 =00000000000003f6 R10=0000000000000000 R11=0000000000000000
R12=0000000000002710 R13=0000000000000000 R14=00000000be8a23d4 R15=0000000000000011
RIP=00000000beca28e6 RFL=00000206 [-----P-] CPL=0 II=0 A20=1 SMM=0 HLT=0
ES =0030 0000000000000000 ffffffff 00cf9300 DPL=0 DS   [-WA]
CS =0038 0000000000000000 ffffffff 00af9a00 DPL=0 CS64 [-R-]
SS =0030 0000000000000000 ffffffff 00cf9300 DPL=0 DS   [-WA]
DS =0030 0000000000000000 ffffffff 00cf9300 DPL=0 DS   [-WA]
FS =0030 0000000000000000 ffffffff 00cf9300 DPL=0 DS   [-WA]
GS =0030 0000000000000000 ffffffff 00cf9300 DPL=0 DS   [-WA]
LDT=0000 0000000000000000 0000ffff 00008200 DPL=0 LDT
TR =0000 0000000000000000 0000ffff 00008b00 DPL=0 TSS64-busy
GDT=     00000000bf9de000 00000047
IDT=     00000000bf4d2018 00000fff
CR0=80010033 CR2=0000000000000000 CR3=00000000bfc01000 CR4=00000668
DR0=0000000000000000 DR1=0000000000000000 DR2=0000000000000000 DR3=0000000000000000 
DR6=00000000ffff0ff0 DR7=0000000000000400
CCS=0000000000000004 CCD=0000000000006f1b CCO=EFLAGS
EFER=0000000000000d00
Servicing hardware INT=0x20
   304: v=20 e=0000 i=0 cpl=0 IP=0038:00000000beca2896 pc=00000000beca2896 SP=0030:00000000bfec1db0 env->regs[R_EAX]=0000000000cc680f
RAX=0000000000cc680f RBX=0000000000000000 RCX=000000000000b008 RDX=000000000000b008
RSI=000000000004baf0 RDI=0000000000000000 RBP=00000000be220000 RSP=00000000bfec1db0
R8 =0000000000cc677e R9 =00000000000003f6 R10=0000000000000000 R11=0000000000000000
R12=000000000000b008 R13=0000000000000000 R14=00000000be8a23d4 R15=0000000000000011
RIP=00000000beca2896 RFL=00000293 [--S-A-C] CPL=0 II=0 A20=1 SMM=0 HLT=0
ES =0030 0000000000000000 ffffffff 00cf9300 DPL=0 DS   [-WA]
CS =0038 0000000000000000 ffffffff 00af9a00 DPL=0 CS64 [-R-]
SS =0030 0000000000000000 ffffffff 00cf9300 DPL=0 DS   [-WA]
DS =0030 0000000000000000 ffffffff 00cf9300 DPL=0 DS   [-WA]
FS =0030 0000000000000000 ffffffff 00cf9300 DPL=0 DS   [-WA]
GS =0030 0000000000000000 ffffffff 00cf9300 DPL=0 DS   [-WA]
LDT=0000 0000000000000000 0000ffff 00008200 DPL=0 LDT
TR =0000 0000000000000000 0000ffff 00008b00 DPL=0 TSS64-busy
GDT=     00000000bf9de000 00000047
IDT=     00000000bf4d2018 00000fff
CR0=80010033 CR2=0000000000000000 CR3=00000000bfc01000 CR4=00000668
DR0=0000000000000000 DR1=0000000000000000 DR2=0000000000000000 DR3=0000000000000000 
DR6=00000000ffff0ff0 DR7=0000000000000400
CCS=0000000000000091 CCD=fffffffffffffffe CCO=EFLAGS
EFER=0000000000000d00
Servicing hardware INT=0x20
   305: v=20 e=0000 i=0 cpl=0 IP=0038:00000000beca2896 pc=00000000beca2896 SP=0030:00000000bfec1fb0 env->regs[R_EAX]=0000000000ccf427
RAX=0000000000ccf427 RBX=0000000000000000 RCX=000000000000b008 RDX=000000000000b008
RSI=00000000be88be40 RDI=00000000ffffff00 RBP=00000000be2200c8 RSP=00000000bfec1fb0
R8 =0000000000ccf11b R9 =00000000000001f7 R10=0000000000000000 R11=0000000000000000
R12=000000000000b008 R13=000000000004baf1 R14=00000000be8a23d4 R15=0000000000000011
RIP=00000000beca2896 RFL=00000293 [--S-A-C] CPL=0 II=0 A20=1 SMM=0 HLT=0
ES =0030 0000000000000000 ffffffff 00cf9300 DPL=0 DS   [-WA]
CS =0038 0000000000000000 ffffffff 00af9a00 DPL=0 CS64 [-R-]
SS =0030 0000000000000000 ffffffff 00cf9300 DPL=0 DS   [-WA]
DS =0030 0000000000000000 ffffffff 00cf9300 DPL=0 DS   [-WA]
FS =0030 0000000000000000 ffffffff 00cf9300 DPL=0 DS   [-WA]
GS =0030 0000000000000000 ffffffff 00cf9300 DPL=0 DS   [-WA]
LDT=0000 0000000000000000 0000ffff 00008200 DPL=0 LDT
TR =0000 0000000000000000 0000ffff 00008b00 DPL=0 TSS64-busy
GDT=     00000000bf9de000 00000047
IDT=     00000000bf4d2018 00000fff
CR0=80010033 CR2=0000000000000000 CR3=00000000bfc01000 CR4=00000668
DR0=0000000000000000 DR1=0000000000000000 DR2=0000000000000000 DR3=0000000000000000 
DR6=00000000ffff0ff0 DR7=0000000000000400
CCS=0000000000000091 CCD=fffffffffffffffe CCO=EFLAGS
EFER=0000000000000d00
Servicing hardware INT=0x20
   306: v=20 e=0000 i=0 cpl=0 IP=0038:00000000beca2896 pc=00000000beca2896 SP=0030:00000000bfec2010 env->regs[R_EAX]=0000000000cd9a77
RAX=0000000000cd9a77 RBX=0000000000000000 RCX=000000000000b008 RDX=000000000000b008
RSI=000000000004baf0 RDI=0000000000000000 RBP=00000000be220000 RSP=00000000bfec2010
R8 =0000000000cd990f R9 =000000000000c082 R10=0000000000000000 R11=0000000000000000
R12=000000000000b008 R13=0000000000000000 R14=00000000be8a23d4 R15=0000000000000011
RIP=00000000beca2896 RFL=00000293 [--S-A-C] CPL=0 II=0 A20=1 SMM=0 HLT=0
ES =0030 0000000000000000 ffffffff 00cf9300 DPL=0 DS   [-WA]
CS =0038 0000000000000000 ffffffff 00af9a00 DPL=0 CS64 [-R-]
SS =0030 0000000000000000 ffffffff 00cf9300 DPL=0 DS   [-WA]
DS =0030 0000000000000000 ffffffff 00cf9300 DPL=0 DS   [-WA]
FS =0030 0000000000000000 ffffffff 00cf9300 DPL=0 DS   [-WA]
GS =0030 0000000000000000 ffffffff 00cf9300 DPL=0 DS   [-WA]
LDT=0000 0000000000000000 0000ffff 00008200 DPL=0 LDT
TR =0000 0000000000000000 0000ffff 00008b00 DPL=0 TSS64-busy
GDT=     00000000bf9de000 00000047
IDT=     00000000bf4d2018 00000fff
CR0=80010033 CR2=0000000000000000 CR3=00000000bfc01000 CR4=00000668
DR0=0000000000000000 DR1=0000000000000000 DR2=0000000000000000 DR3=0000000000000000 
DR6=00000000ffff0ff0 DR7=0000000000000400
CCS=0000000000000091 CCD=fffffffffffffffe CCO=EFLAGS
EFER=0000000000000d00
Servicing hardware INT=0x20
   307: v=20 e=0000 i=0 cpl=0 IP=0038:00000000beca2896 pc=00000000beca2896 SP=0030:00000000bfec2010 env->regs[R_EAX]=0000000000ce0cae
RAX=0000000000ce0cae RBX=0000000000000000 RCX=000000000000b008 RDX=000000000000b008
RSI=000000000004baef RDI=0000000000000000 RBP=00000000be220000 RSP=00000000bfec2010
R8 =0000000000ce0bc7 R9 =00000000000003f6 R10=0000000000000000 R11=0000000000000000
R12=000000000000b008 R13=0000000000000000 R14=00000000be8a23d4 R15=0000000000000011
RIP=00000000beca2896 RFL=00000293 [--S-A-C] CPL=0 II=0 A20=1 SMM=0 HLT=0
ES =0030 0000000000000000 ffffffff 00cf9300 DPL=0 DS   [-WA]
CS =0038 0000000000000000 ffffffff 00af9a00 DPL=0 CS64 [-R-]
SS =0030 0000000000000000 ffffffff 00cf9300 DPL=0 DS   [-WA]
DS =0030 0000000000000000 ffffffff 00cf9300 DPL=0 DS   [-WA]
FS =0030 0000000000000000 ffffffff 00cf9300 DPL=0 DS   [-WA]
GS =0030 0000000000000000 ffffffff 00cf9300 DPL=0 DS   [-WA]
LDT=0000 0000000000000000 0000ffff 00008200 DPL=0 LDT
TR =0000 0000000000000000 0000ffff 00008b00 DPL=0 TSS64-busy
GDT=     00000000bf9de000 00000047
IDT=     00000000bf4d2018 00000fff
CR0=80010033 CR2=0000000000000000 CR3=00000000bfc01000 CR4=00000668
DR0=0000000000000000 DR1=0000000000000000 DR2=0000000000000000 DR3=0000000000000000 
DR6=00000000ffff0ff0 DR7=0000000000000400
CCS=0000000000000091 CCD=fffffffffffffffe CCO=EFLAGS
EFER=0000000000000d00
Servicing hardware INT=0x20
   308: v=20 e=0000 i=0 cpl=0 IP=0038:00000000beca2896 pc=00000000beca2896 SP=0030:00000000bfec1a20 env->regs[R_EAX]=0000000000ce96cd
RAX=0000000000ce96cd RBX=0000000000000000 RCX=000000000000b008 RDX=000000000000b008
RSI=000000000004baf0 RDI=0000000000000000 RBP=00000000be220000 RSP=00000000bfec1a20
R8 =0000000000ce9653 R9 =00000000000003f6 R10=0000000000000000 R11=0000000000000000
R12=000000000000b008 R13=0000000000000000 R14=00000000be8a23d4 R15=0000000000000011
RIP=00000000beca2896 RFL=00000293 [--S-A-C] CPL=0 II=0 A20=1 SMM=0 HLT=0
ES =0030 0000000000000000 ffffffff 00cf9300 DPL=0 DS   [-WA]
CS =0038 0000000000000000 ffffffff 00af9a00 DPL=0 CS64 [-R-]
SS =0030 0000000000000000 ffffffff 00cf9300 DPL=0 DS   [-WA]
DS =0030 0000000000000000 ffffffff 00cf9300 DPL=0 DS   [-WA]
FS =0030 0000000000000000 ffffffff 00cf9300 DPL=0 DS   [-WA]
GS =0030 0000000000000000 ffffffff 00cf9300 DPL=0 DS   [-WA]
LDT=0000 0000000000000000 0000ffff 00008200 DPL=0 LDT
TR =0000 0000000000000000 0000ffff 00008b00 DPL=0 TSS64-busy
GDT=     00000000bf9de000 00000047
IDT=     00000000bf4d2018 00000fff
CR0=80010033 CR2=0000000000000000 CR3=00000000bfc01000 CR4=00000668
DR0=0000000000000000 DR1=0000000000000000 DR2=0000000000000000 DR3=0000000000000000 
DR6=00000000ffff0ff0 DR7=0000000000000400
CCS=0000000000000091 CCD=fffffffffffffffe CCO=EFLAGS
EFER=0000000000000d00
Servicing hardware INT=0x20
   309: v=20 e=0000 i=0 cpl=0 IP=0038:00000000beca28e6 pc=00000000beca28e6 SP=0030:00000000bfec1fa0 env->regs[R_EAX]=000000000000427c
RAX=000000000000427c RBX=0000000000cf6540 RCX=000000000000b008 RDX=000000000000b008
RSI=000000000004baf0 RDI=0000000000000000 RBP=00000000be220000 RSP=00000000bfec1fa0
R8 =0000000000cf22c4 R9 =00000000000003f6 R10=0000000000000000 R11=0000000000000000
R12=0000000000002710 R13=0000000000000000 R14=00000000be8a23d4 R15=0000000000000011
RIP=00000000beca28e6 RFL=00000202 [-------] CPL=0 II=0 A20=1 SMM=0 HLT=0
ES =0030 0000000000000000 ffffffff 00cf9300 DPL=0 DS   [-WA]
CS =0038 0000000000000000 ffffffff 00af9a00 DPL=0 CS64 [-R-]
SS =0030 0000000000000000 ffffffff 00cf9300 DPL=0 DS   [-WA]
DS =0030 0000000000000000 ffffffff 00cf9300 DPL=0 DS   [-WA]
FS =0030 0000000000000000 ffffffff 00cf9300 DPL=0 DS   [-WA]
GS =0030 0000000000000000 ffffffff 00cf9300 DPL=0 DS   [-WA]
LDT=0000 0000000000000000 0000ffff 00008200 DPL=0 LDT
TR =0000 0000000000000000 0000ffff 00008b00 DPL=0 TSS64-busy
GDT=     00000000bf9de000 00000047
IDT=     00000000bf4d2018 00000fff
CR0=80010033 CR2=0000000000000000 CR3=00000000bfc01000 CR4=00000668
DR0=0000000000000000 DR1=0000000000000000 DR2=0000000000000000 DR3=0000000000000000 
DR6=00000000ffff0ff0 DR7=0000000000000400
CCS=0000000000000000 CCD=000000000000427c CCO=EFLAGS
EFER=0000000000000d00
Servicing hardware INT=0x20
   310: v=20 e=0000 i=0 cpl=0 IP=0038:00000000beca2896 pc=00000000beca2896 SP=0030:00000000bfec1db0 env->regs[R_EAX]=0000000000cfafb6
RAX=0000000000cfafb6 RBX=0000000000000000 RCX=000000000000b008 RDX=000000000000b008
RSI=000000000004baf0 RDI=0000000000000000 RBP=00000000be220000 RSP=00000000bfec1db0
R8 =0000000000cfaf0a R9 =00000000000003f6 R10=0000000000000000 R11=0000000000000000
R12=000000000000b008 R13=0000000000000000 R14=00000000be8a23d4 R15=0000000000000011
RIP=00000000beca2896 RFL=00000293 [--S-A-C] CPL=0 II=0 A20=1 SMM=0 HLT=0
ES =0030 0000000000000000 ffffffff 00cf9300 DPL=0 DS   [-WA]
CS =0038 0000000000000000 ffffffff 00af9a00 DPL=0 CS64 [-R-]
SS =0030 0000000000000000 ffffffff 00cf9300 DPL=0 DS   [-WA]
DS =0030 0000000000000000 ffffffff 00cf9300 DPL=0 DS   [-WA]
FS =0030 0000000000000000 ffffffff 00cf9300 DPL=0 DS   [-WA]
GS =0030 0000000000000000 ffffffff 00cf9300 DPL=0 DS   [-WA]
LDT=0000 0000000000000000 0000ffff 00008200 DPL=0 LDT
TR =0000 0000000000000000 0000ffff 00008b00 DPL=0 TSS64-busy
GDT=     00000000bf9de000 00000047
IDT=     00000000bf4d2018 00000fff
CR0=80010033 CR2=0000000000000000 CR3=00000000bfc01000 CR4=00000668
DR0=0000000000000000 DR1=0000000000000000 DR2=0000000000000000 DR3=0000000000000000 
DR6=00000000ffff0ff0 DR7=0000000000000400
CCS=0000000000000091 CCD=fffffffffffffffe CCO=EFLAGS
EFER=0000000000000d00
Servicing hardware INT=0x20
   311: v=20 e=0000 i=0 cpl=0 IP=0038:00000000beca2896 pc=00000000beca2896 SP=0030:00000000bfec1db0 env->regs[R_EAX]=0000000000d03b53
RAX=0000000000d03b53 RBX=0000000000000000 RCX=000000000000b008 RDX=000000000000b008
RSI=000000000004baf0 RDI=0000000000000000 RBP=00000000be220000 RSP=00000000bfec1db0
R8 =0000000000d03aca R9 =00000000000003f6 R10=0000000000000000 R11=0000000000000000
R12=000000000000b008 R13=0000000000000000 R14=00000000be8a23d4 R15=0000000000000011
RIP=00000000beca2896 RFL=00000293 [--S-A-C] CPL=0 II=0 A20=1 SMM=0 HLT=0
ES =0030 0000000000000000 ffffffff 00cf9300 DPL=0 DS   [-WA]
CS =0038 0000000000000000 ffffffff 00af9a00 DPL=0 CS64 [-R-]
SS =0030 0000000000000000 ffffffff 00cf9300 DPL=0 DS   [-WA]
DS =0030 0000000000000000 ffffffff 00cf9300 DPL=0 DS   [-WA]
FS =0030 0000000000000000 ffffffff 00cf9300 DPL=0 DS   [-WA]
GS =0030 0000000000000000 ffffffff 00cf9300 DPL=0 DS   [-WA]
LDT=0000 0000000000000000 0000ffff 00008200 DPL=0 LDT
TR =0000 0000000000000000 0000ffff 00008b00 DPL=0 TSS64-busy
GDT=     00000000bf9de000 00000047
IDT=     00000000bf4d2018 00000fff
CR0=80010033 CR2=0000000000000000 CR3=00000000bfc01000 CR4=00000668
DR0=0000000000000000 DR1=0000000000000000 DR2=0000000000000000 DR3=0000000000000000 
DR6=00000000ffff0ff0 DR7=0000000000000400
CCS=0000000000000091 CCD=fffffffffffffffe CCO=EFLAGS
EFER=0000000000000d00
Servicing hardware INT=0x20
   312: v=20 e=0000 i=0 cpl=0 IP=0038:00000000beca2896 pc=00000000beca2896 SP=0030:00000000bfec2010 env->regs[R_EAX]=0000000000d0c78c
RAX=0000000000d0c78c RBX=0000000000000000 RCX=000000000000b008 RDX=000000000000b008
RSI=000000000004baf0 RDI=0000000000000000 RBP=00000000be220000 RSP=00000000bfec2010
R8 =0000000000d0c696 R9 =00000000000003f6 R10=0000000000000000 R11=0000000000000000
R12=000000000000b008 R13=0000000000000000 R14=00000000be8a23d4 R15=0000000000000011
RIP=00000000beca2896 RFL=00000293 [--S-A-C] CPL=0 II=0 A20=1 SMM=0 HLT=0
ES =0030 0000000000000000 ffffffff 00cf9300 DPL=0 DS   [-WA]
CS =0038 0000000000000000 ffffffff 00af9a00 DPL=0 CS64 [-R-]
SS =0030 0000000000000000 ffffffff 00cf9300 DPL=0 DS   [-WA]
DS =0030 0000000000000000 ffffffff 00cf9300 DPL=0 DS   [-WA]
FS =0030 0000000000000000 ffffffff 00cf9300 DPL=0 DS   [-WA]
GS =0030 0000000000000000 ffffffff 00cf9300 DPL=0 DS   [-WA]
LDT=0000 0000000000000000 0000ffff 00008200 DPL=0 LDT
TR =0000 0000000000000000 0000ffff 00008b00 DPL=0 TSS64-busy
GDT=     00000000bf9de000 00000047
IDT=     00000000bf4d2018 00000fff
CR0=80010033 CR2=0000000000000000 CR3=00000000bfc01000 CR4=00000668
DR0=0000000000000000 DR1=0000000000000000 DR2=0000000000000000 DR3=0000000000000000 
DR6=00000000ffff0ff0 DR7=0000000000000400
CCS=0000000000000091 CCD=fffffffffffffffe CCO=EFLAGS
EFER=0000000000000d00
Servicing hardware INT=0x20
   313: v=20 e=0000 i=0 cpl=0 IP=0038:00000000beca2896 pc=00000000beca2896 SP=0030:00000000bfec2010 env->regs[R_EAX]=0000000000d1520a
RAX=0000000000d1520a RBX=0000000000000000 RCX=000000000000b008 RDX=000000000000b008
RSI=000000000004baf1 RDI=0000000000000000 RBP=00000000be220000 RSP=00000000bfec2010
R8 =0000000000d150d5 R9 =000000000000c082 R10=0000000000000000 R11=0000000000000000
R12=000000000000b008 R13=0000000000000000 R14=00000000be8a23d4 R15=0000000000000011
RIP=00000000beca2896 RFL=00000293 [--S-A-C] CPL=0 II=0 A20=1 SMM=0 HLT=0
ES =0030 0000000000000000 ffffffff 00cf9300 DPL=0 DS   [-WA]
CS =0038 0000000000000000 ffffffff 00af9a00 DPL=0 CS64 [-R-]
SS =0030 0000000000000000 ffffffff 00cf9300 DPL=0 DS   [-WA]
DS =0030 0000000000000000 ffffffff 00cf9300 DPL=0 DS   [-WA]
FS =0030 0000000000000000 ffffffff 00cf9300 DPL=0 DS   [-WA]
GS =0030 0000000000000000 ffffffff 00cf9300 DPL=0 DS   [-WA]
LDT=0000 0000000000000000 0000ffff 00008200 DPL=0 LDT
TR =0000 0000000000000000 0000ffff 00008b00 DPL=0 TSS64-busy
GDT=     00000000bf9de000 00000047
IDT=     00000000bf4d2018 00000fff
CR0=80010033 CR2=0000000000000000 CR3=00000000bfc01000 CR4=00000668
DR0=0000000000000000 DR1=0000000000000000 DR2=0000000000000000 DR3=0000000000000000 
DR6=00000000ffff0ff0 DR7=0000000000000400
CCS=0000000000000091 CCD=fffffffffffffffe CCO=EFLAGS
EFER=0000000000000d00
Servicing hardware INT=0x20
   314: v=20 e=0000 i=0 cpl=0 IP=0038:00000000beca2896 pc=00000000beca2896 SP=0030:00000000bfec2010 env->regs[R_EAX]=0000000000d1df23
RAX=0000000000d1df23 RBX=0000000000000000 RCX=000000000000b008 RDX=000000000000b008
RSI=000000000004baf0 RDI=0000000000000000 RBP=00000000be220000 RSP=00000000bfec2010
R8 =0000000000d1de27 R9 =00000000000003f6 R10=0000000000000000 R11=0000000000000000
R12=000000000000b008 R13=0000000000000000 R14=00000000be8a23d4 R15=0000000000000011
RIP=00000000beca2896 RFL=00000293 [--S-A-C] CPL=0 II=0 A20=1 SMM=0 HLT=0
ES =0030 0000000000000000 ffffffff 00cf9300 DPL=0 DS   [-WA]
CS =0038 0000000000000000 ffffffff 00af9a00 DPL=0 CS64 [-R-]
SS =0030 0000000000000000 ffffffff 00cf9300 DPL=0 DS   [-WA]
DS =0030 0000000000000000 ffffffff 00cf9300 DPL=0 DS   [-WA]
FS =0030 0000000000000000 ffffffff 00cf9300 DPL=0 DS   [-WA]
GS =0030 0000000000000000 ffffffff 00cf9300 DPL=0 DS   [-WA]
LDT=0000 0000000000000000 0000ffff 00008200 DPL=0 LDT
TR =0000 0000000000000000 0000ffff 00008b00 DPL=0 TSS64-busy
GDT=     00000000bf9de000 00000047
IDT=     00000000bf4d2018 00000fff
CR0=80010033 CR2=0000000000000000 CR3=00000000bfc01000 CR4=00000668
DR0=0000000000000000 DR1=0000000000000000 DR2=0000000000000000 DR3=0000000000000000 
DR6=00000000ffff0ff0 DR7=0000000000000400
CCS=0000000000000091 CCD=fffffffffffffffe CCO=EFLAGS
EFER=0000000000000d00
Servicing hardware INT=0x20
   315: v=20 e=0000 i=0 cpl=0 IP=0038:00000000beca2896 pc=00000000beca2896 SP=0030:00000000bfec1a20 env->regs[R_EAX]=0000000000d26ab5
RAX=0000000000d26ab5 RBX=0000000000000000 RCX=000000000000b008 RDX=000000000000b008
RSI=000000000004baf0 RDI=0000000000000000 RBP=00000000be220000 RSP=00000000bfec1a20
R8 =0000000000d26997 R9 =00000000000003f6 R10=0000000000000000 R11=0000000000000000
R12=000000000000b008 R13=0000000000000000 R14=00000000be8a23d4 R15=0000000000000011
RIP=00000000beca2896 RFL=00000293 [--S-A-C] CPL=0 II=0 A20=1 SMM=0 HLT=0
ES =0030 0000000000000000 ffffffff 00cf9300 DPL=0 DS   [-WA]
CS =0038 0000000000000000 ffffffff 00af9a00 DPL=0 CS64 [-R-]
SS =0030 0000000000000000 ffffffff 00cf9300 DPL=0 DS   [-WA]
DS =0030 0000000000000000 ffffffff 00cf9300 DPL=0 DS   [-WA]
FS =0030 0000000000000000 ffffffff 00cf9300 DPL=0 DS   [-WA]
GS =0030 0000000000000000 ffffffff 00cf9300 DPL=0 DS   [-WA]
LDT=0000 0000000000000000 0000ffff 00008200 DPL=0 LDT
TR =0000 0000000000000000 0000ffff 00008b00 DPL=0 TSS64-busy
GDT=     00000000bf9de000 00000047
IDT=     00000000bf4d2018 00000fff
CR0=80010033 CR2=0000000000000000 CR3=00000000bfc01000 CR4=00000668
DR0=0000000000000000 DR1=0000000000000000 DR2=0000000000000000 DR3=0000000000000000 
DR6=00000000ffff0ff0 DR7=0000000000000400
CCS=0000000000000091 CCD=fffffffffffffffe CCO=EFLAGS
EFER=0000000000000d00
Servicing hardware INT=0x20
   316: v=20 e=0000 i=0 cpl=0 IP=0038:00000000beca28e6 pc=00000000beca28e6 SP=0030:00000000bfec1fa0 env->regs[R_EAX]=0000000000002288
RAX=0000000000002288 RBX=0000000000d31881 RCX=000000000000b008 RDX=000000000000b008
RSI=000000000004baf0 RDI=0000000000000000 RBP=00000000be220000 RSP=00000000bfec1fa0
R8 =0000000000d2f5f9 R9 =00000000000003f6 R10=0000000000000000 R11=0000000000000000
R12=0000000000002710 R13=0000000000000000 R14=00000000be8a23d4 R15=0000000000000011
RIP=00000000beca28e6 RFL=00000206 [-----P-] CPL=0 II=0 A20=1 SMM=0 HLT=0
ES =0030 0000000000000000 ffffffff 00cf9300 DPL=0 DS   [-WA]
CS =0038 0000000000000000 ffffffff 00af9a00 DPL=0 CS64 [-R-]
SS =0030 0000000000000000 ffffffff 00cf9300 DPL=0 DS   [-WA]
DS =0030 0000000000000000 ffffffff 00cf9300 DPL=0 DS   [-WA]
FS =0030 0000000000000000 ffffffff 00cf9300 DPL=0 DS   [-WA]
GS =0030 0000000000000000 ffffffff 00cf9300 DPL=0 DS   [-WA]
LDT=0000 0000000000000000 0000ffff 00008200 DPL=0 LDT
TR =0000 0000000000000000 0000ffff 00008b00 DPL=0 TSS64-busy
GDT=     00000000bf9de000 00000047
IDT=     00000000bf4d2018 00000fff
CR0=80010033 CR2=0000000000000000 CR3=00000000bfc01000 CR4=00000668
DR0=0000000000000000 DR1=0000000000000000 DR2=0000000000000000 DR3=0000000000000000 
DR6=00000000ffff0ff0 DR7=0000000000000400
CCS=0000000000000004 CCD=0000000000002288 CCO=EFLAGS
EFER=0000000000000d00
Servicing hardware INT=0x20
   317: v=20 e=0000 i=0 cpl=0 IP=0038:00000000beca2896 pc=00000000beca2896 SP=0030:00000000bfec1db0 env->regs[R_EAX]=0000000000d382a5
RAX=0000000000d382a5 RBX=0000000000000000 RCX=000000000000b008 RDX=000000000000b008
RSI=000000000004baf0 RDI=0000000000000000 RBP=00000000be220000 RSP=00000000bfec1db0
R8 =0000000000d3818f R9 =00000000000003f6 R10=0000000000000000 R11=0000000000000000
R12=000000000000b008 R13=0000000000000000 R14=00000000be8a23d4 R15=0000000000000011
RIP=00000000beca2896 RFL=00000293 [--S-A-C] CPL=0 II=0 A20=1 SMM=0 HLT=0
ES =0030 0000000000000000 ffffffff 00cf9300 DPL=0 DS   [-WA]
CS =0038 0000000000000000 ffffffff 00af9a00 DPL=0 CS64 [-R-]
SS =0030 0000000000000000 ffffffff 00cf9300 DPL=0 DS   [-WA]
DS =0030 0000000000000000 ffffffff 00cf9300 DPL=0 DS   [-WA]
FS =0030 0000000000000000 ffffffff 00cf9300 DPL=0 DS   [-WA]
GS =0030 0000000000000000 ffffffff 00cf9300 DPL=0 DS   [-WA]
LDT=0000 0000000000000000 0000ffff 00008200 DPL=0 LDT
TR =0000 0000000000000000 0000ffff 00008b00 DPL=0 TSS64-busy
GDT=     00000000bf9de000 00000047
IDT=     00000000bf4d2018 00000fff
CR0=80010033 CR2=0000000000000000 CR3=00000000bfc01000 CR4=00000668
DR0=0000000000000000 DR1=0000000000000000 DR2=0000000000000000 DR3=0000000000000000 
DR6=00000000ffff0ff0 DR7=0000000000000400
CCS=0000000000000091 CCD=fffffffffffffffe CCO=EFLAGS
EFER=0000000000000d00
Servicing hardware INT=0x20
   318: v=20 e=0000 i=0 cpl=0 IP=0038:00000000beca2896 pc=00000000beca2896 SP=0030:00000000bfec1db0 env->regs[R_EAX]=0000000000d40d95
RAX=0000000000d40d95 RBX=0000000000000000 RCX=000000000000b008 RDX=000000000000b008
RSI=000000000004baf0 RDI=0000000000000000 RBP=00000000be220000 RSP=00000000bfec1db0
R8 =0000000000d40b77 R9 =00000000000003f6 R10=0000000000000000 R11=0000000000000000
R12=000000000000b008 R13=0000000000000000 R14=00000000be8a23d4 R15=0000000000000011
RIP=00000000beca2896 RFL=00000293 [--S-A-C] CPL=0 II=0 A20=1 SMM=0 HLT=0
ES =0030 0000000000000000 ffffffff 00cf9300 DPL=0 DS   [-WA]
CS =0038 0000000000000000 ffffffff 00af9a00 DPL=0 CS64 [-R-]
SS =0030 0000000000000000 ffffffff 00cf9300 DPL=0 DS   [-WA]
DS =0030 0000000000000000 ffffffff 00cf9300 DPL=0 DS   [-WA]
FS =0030 0000000000000000 ffffffff 00cf9300 DPL=0 DS   [-WA]
GS =0030 0000000000000000 ffffffff 00cf9300 DPL=0 DS   [-WA]
LDT=0000 0000000000000000 0000ffff 00008200 DPL=0 LDT
TR =0000 0000000000000000 0000ffff 00008b00 DPL=0 TSS64-busy
GDT=     00000000bf9de000 00000047
IDT=     00000000bf4d2018 00000fff
CR0=80010033 CR2=0000000000000000 CR3=00000000bfc01000 CR4=00000668
DR0=0000000000000000 DR1=0000000000000000 DR2=0000000000000000 DR3=0000000000000000 
DR6=00000000ffff0ff0 DR7=0000000000000400
CCS=0000000000000091 CCD=fffffffffffffffe CCO=EFLAGS
EFER=0000000000000d00
Servicing hardware INT=0x20
   319: v=20 e=0000 i=0 cpl=0 IP=0038:00000000beca2896 pc=00000000beca2896 SP=0030:00000000bfec2010 env->regs[R_EAX]=0000000000d49a59
RAX=0000000000d49a59 RBX=0000000000000000 RCX=000000000000b008 RDX=000000000000b008
RSI=000000000004baf0 RDI=0000000000000000 RBP=00000000be220000 RSP=00000000bfec2010
R8 =0000000000d4995c R9 =00000000000003f6 R10=0000000000000000 R11=0000000000000000
R12=000000000000b008 R13=0000000000000000 R14=00000000be8a23d4 R15=0000000000000011
RIP=00000000beca2896 RFL=00000293 [--S-A-C] CPL=0 II=0 A20=1 SMM=0 HLT=0
ES =0030 0000000000000000 ffffffff 00cf9300 DPL=0 DS   [-WA]
CS =0038 0000000000000000 ffffffff 00af9a00 DPL=0 CS64 [-R-]
SS =0030 0000000000000000 ffffffff 00cf9300 DPL=0 DS   [-WA]
DS =0030 0000000000000000 ffffffff 00cf9300 DPL=0 DS   [-WA]
FS =0030 0000000000000000 ffffffff 00cf9300 DPL=0 DS   [-WA]
GS =0030 0000000000000000 ffffffff 00cf9300 DPL=0 DS   [-WA]
LDT=0000 0000000000000000 0000ffff 00008200 DPL=0 LDT
TR =0000 0000000000000000 0000ffff 00008b00 DPL=0 TSS64-busy
GDT=     00000000bf9de000 00000047
IDT=     00000000bf4d2018 00000fff
CR0=80010033 CR2=0000000000000000 CR3=00000000bfc01000 CR4=00000668
DR0=0000000000000000 DR1=0000000000000000 DR2=0000000000000000 DR3=0000000000000000 
DR6=00000000ffff0ff0 DR7=0000000000000400
CCS=0000000000000091 CCD=fffffffffffffffe CCO=EFLAGS
EFER=0000000000000d00
Servicing hardware INT=0x20
   320: v=20 e=0000 i=0 cpl=0 IP=0038:00000000beca2896 pc=00000000beca2896 SP=0030:00000000bfec2010 env->regs[R_EAX]=0000000000d525fa
RAX=0000000000d525fa RBX=0000000000000000 RCX=000000000000b008 RDX=000000000000b008
RSI=000000000004baf0 RDI=0000000000000000 RBP=00000000be220000 RSP=00000000bfec2010
R8 =0000000000d524fc R9 =00000000000003f6 R10=0000000000000000 R11=0000000000000000
R12=000000000000b008 R13=0000000000000000 R14=00000000be8a23d4 R15=0000000000000011
RIP=00000000beca2896 RFL=00000293 [--S-A-C] CPL=0 II=0 A20=1 SMM=0 HLT=0
ES =0030 0000000000000000 ffffffff 00cf9300 DPL=0 DS   [-WA]
CS =0038 0000000000000000 ffffffff 00af9a00 DPL=0 CS64 [-R-]
SS =0030 0000000000000000 ffffffff 00cf9300 DPL=0 DS   [-WA]
DS =0030 0000000000000000 ffffffff 00cf9300 DPL=0 DS   [-WA]
FS =0030 0000000000000000 ffffffff 00cf9300 DPL=0 DS   [-WA]
GS =0030 0000000000000000 ffffffff 00cf9300 DPL=0 DS   [-WA]
LDT=0000 0000000000000000 0000ffff 00008200 DPL=0 LDT
TR =0000 0000000000000000 0000ffff 00008b00 DPL=0 TSS64-busy
GDT=     00000000bf9de000 00000047
IDT=     00000000bf4d2018 00000fff
CR0=80010033 CR2=0000000000000000 CR3=00000000bfc01000 CR4=00000668
DR0=0000000000000000 DR1=0000000000000000 DR2=0000000000000000 DR3=0000000000000000 
DR6=00000000ffff0ff0 DR7=0000000000000400
CCS=0000000000000091 CCD=fffffffffffffffe CCO=EFLAGS
EFER=0000000000000d00
Servicing hardware INT=0x20
   321: v=20 e=0000 i=0 cpl=0 IP=0038:00000000beca28e6 pc=00000000beca28e6 SP=0030:00000000bfec1a80 env->regs[R_EAX]=000000000000756d
RAX=000000000000756d RBX=0000000000d62675 RCX=000000000000b008 RDX=000000000000b008
RSI=000000000004baf0 RDI=0000000000000000 RBP=00000000be220000 RSP=00000000bfec1a80
R8 =0000000000d5b108 R9 =00000000000003f6 R10=0000000000000000 R11=0000000000000000
R12=0000000000002710 R13=0000000000000000 R14=00000000be8a23d4 R15=0000000000000011
RIP=00000000beca28e6 RFL=00000202 [-------] CPL=0 II=0 A20=1 SMM=0 HLT=0
ES =0030 0000000000000000 ffffffff 00cf9300 DPL=0 DS   [-WA]
CS =0038 0000000000000000 ffffffff 00af9a00 DPL=0 CS64 [-R-]
SS =0030 0000000000000000 ffffffff 00cf9300 DPL=0 DS   [-WA]
DS =0030 0000000000000000 ffffffff 00cf9300 DPL=0 DS   [-WA]
FS =0030 0000000000000000 ffffffff 00cf9300 DPL=0 DS   [-WA]
GS =0030 0000000000000000 ffffffff 00cf9300 DPL=0 DS   [-WA]
LDT=0000 0000000000000000 0000ffff 00008200 DPL=0 LDT
TR =0000 0000000000000000 0000ffff 00008b00 DPL=0 TSS64-busy
GDT=     00000000bf9de000 00000047
IDT=     00000000bf4d2018 00000fff
CR0=80010033 CR2=0000000000000000 CR3=00000000bfc01000 CR4=00000668
DR0=0000000000000000 DR1=0000000000000000 DR2=0000000000000000 DR3=0000000000000000 
DR6=00000000ffff0ff0 DR7=0000000000000400
CCS=0000000000000000 CCD=000000000000756d CCO=EFLAGS
EFER=0000000000000d00
Servicing hardware INT=0x20
   322: v=20 e=0000 i=0 cpl=0 IP=0038:00000000beca2896 pc=00000000beca2896 SP=0030:00000000bfec1f40 env->regs[R_EAX]=0000000000d63dea
RAX=0000000000d63dea RBX=0000000000000000 RCX=000000000000b008 RDX=000000000000b008
RSI=000000000004baf0 RDI=0000000000000000 RBP=00000000be220000 RSP=00000000bfec1f40
R8 =0000000000d63cf0 R9 =00000000000003f6 R10=0000000000000000 R11=0000000000000000
R12=000000000000b008 R13=0000000000000000 R14=00000000be8a23d4 R15=0000000000000011
RIP=00000000beca2896 RFL=00000293 [--S-A-C] CPL=0 II=0 A20=1 SMM=0 HLT=0
ES =0030 0000000000000000 ffffffff 00cf9300 DPL=0 DS   [-WA]
CS =0038 0000000000000000 ffffffff 00af9a00 DPL=0 CS64 [-R-]
SS =0030 0000000000000000 ffffffff 00cf9300 DPL=0 DS   [-WA]
DS =0030 0000000000000000 ffffffff 00cf9300 DPL=0 DS   [-WA]
FS =0030 0000000000000000 ffffffff 00cf9300 DPL=0 DS   [-WA]
GS =0030 0000000000000000 ffffffff 00cf9300 DPL=0 DS   [-WA]
LDT=0000 0000000000000000 0000ffff 00008200 DPL=0 LDT
TR =0000 0000000000000000 0000ffff 00008b00 DPL=0 TSS64-busy
GDT=     00000000bf9de000 00000047
IDT=     00000000bf4d2018 00000fff
CR0=80010033 CR2=0000000000000000 CR3=00000000bfc01000 CR4=00000668
DR0=0000000000000000 DR1=0000000000000000 DR2=0000000000000000 DR3=0000000000000000 
DR6=00000000ffff0ff0 DR7=0000000000000400
CCS=0000000000000091 CCD=fffffffffffffffe CCO=EFLAGS
EFER=0000000000000d00
Servicing hardware INT=0x20
   323: v=20 e=0000 i=0 cpl=0 IP=0038:00000000beca2896 pc=00000000beca2896 SP=0030:00000000bfec1db0 env->regs[R_EAX]=0000000000d6d762
RAX=0000000000d6d762 RBX=0000000000000000 RCX=000000000000b008 RDX=000000000000b008
RSI=000000000004baf1 RDI=0000000000000000 RBP=00000000be220000 RSP=00000000bfec1db0
R8 =0000000000d6d5c9 R9 =000000000000c082 R10=0000000000000000 R11=0000000000000000
R12=000000000000b008 R13=0000000000000000 R14=00000000be8a23d4 R15=0000000000000011
RIP=00000000beca2896 RFL=00000293 [--S-A-C] CPL=0 II=0 A20=1 SMM=0 HLT=0
ES =0030 0000000000000000 ffffffff 00cf9300 DPL=0 DS   [-WA]
CS =0038 0000000000000000 ffffffff 00af9a00 DPL=0 CS64 [-R-]
SS =0030 0000000000000000 ffffffff 00cf9300 DPL=0 DS   [-WA]
DS =0030 0000000000000000 ffffffff 00cf9300 DPL=0 DS   [-WA]
FS =0030 0000000000000000 ffffffff 00cf9300 DPL=0 DS   [-WA]
GS =0030 0000000000000000 ffffffff 00cf9300 DPL=0 DS   [-WA]
LDT=0000 0000000000000000 0000ffff 00008200 DPL=0 LDT
TR =0000 0000000000000000 0000ffff 00008b00 DPL=0 TSS64-busy
GDT=     00000000bf9de000 00000047
IDT=     00000000bf4d2018 00000fff
CR0=80010033 CR2=0000000000000000 CR3=00000000bfc01000 CR4=00000668
DR0=0000000000000000 DR1=0000000000000000 DR2=0000000000000000 DR3=0000000000000000 
DR6=00000000ffff0ff0 DR7=0000000000000400
CCS=0000000000000091 CCD=fffffffffffffffe CCO=EFLAGS
EFER=0000000000000d00
Servicing hardware INT=0x20
   324: v=20 e=0000 i=0 cpl=0 IP=0038:00000000beca2896 pc=00000000beca2896 SP=0030:00000000bfec1db0 env->regs[R_EAX]=0000000000d75559
RAX=0000000000d75559 RBX=0000000000000000 RCX=000000000000b008 RDX=000000000000b008
RSI=000000000004baf0 RDI=0000000000000000 RBP=00000000be220000 RSP=00000000bfec1db0
R8 =0000000000d75453 R9 =00000000000003f6 R10=0000000000000000 R11=0000000000000000
R12=000000000000b008 R13=0000000000000000 R14=00000000be8a23d4 R15=0000000000000011
RIP=00000000beca2896 RFL=00000293 [--S-A-C] CPL=0 II=0 A20=1 SMM=0 HLT=0
ES =0030 0000000000000000 ffffffff 00cf9300 DPL=0 DS   [-WA]
CS =0038 0000000000000000 ffffffff 00af9a00 DPL=0 CS64 [-R-]
SS =0030 0000000000000000 ffffffff 00cf9300 DPL=0 DS   [-WA]
DS =0030 0000000000000000 ffffffff 00cf9300 DPL=0 DS   [-WA]
FS =0030 0000000000000000 ffffffff 00cf9300 DPL=0 DS   [-WA]
GS =0030 0000000000000000 ffffffff 00cf9300 DPL=0 DS   [-WA]
LDT=0000 0000000000000000 0000ffff 00008200 DPL=0 LDT
TR =0000 0000000000000000 0000ffff 00008b00 DPL=0 TSS64-busy
GDT=     00000000bf9de000 00000047
IDT=     00000000bf4d2018 00000fff
CR0=80010033 CR2=0000000000000000 CR3=00000000bfc01000 CR4=00000668
DR0=0000000000000000 DR1=0000000000000000 DR2=0000000000000000 DR3=0000000000000000 
DR6=00000000ffff0ff0 DR7=0000000000000400
CCS=0000000000000091 CCD=fffffffffffffffe CCO=EFLAGS
EFER=0000000000000d00
Servicing hardware INT=0x20
   325: v=20 e=0000 i=0 cpl=0 IP=0038:00000000beca28e6 pc=00000000beca28e6 SP=0030:00000000bfec1e10 env->regs[R_EAX]=00000000000020a0
RAX=00000000000020a0 RBX=0000000000d7ffbb RCX=000000000000b008 RDX=000000000000b008
RSI=000000000004baf0 RDI=0000000000000000 RBP=00000000be220000 RSP=00000000bfec1e10
R8 =0000000000d7df1b R9 =00000000000003f6 R10=0000000000000000 R11=0000000000000000
R12=0000000000002710 R13=0000000000000000 R14=00000000be8a23d4 R15=0000000000000011
RIP=00000000beca28e6 RFL=00000206 [-----P-] CPL=0 II=0 A20=1 SMM=0 HLT=0
ES =0030 0000000000000000 ffffffff 00cf9300 DPL=0 DS   [-WA]
CS =0038 0000000000000000 ffffffff 00af9a00 DPL=0 CS64 [-R-]
SS =0030 0000000000000000 ffffffff 00cf9300 DPL=0 DS   [-WA]
DS =0030 0000000000000000 ffffffff 00cf9300 DPL=0 DS   [-WA]
FS =0030 0000000000000000 ffffffff 00cf9300 DPL=0 DS   [-WA]
GS =0030 0000000000000000 ffffffff 00cf9300 DPL=0 DS   [-WA]
LDT=0000 0000000000000000 0000ffff 00008200 DPL=0 LDT
TR =0000 0000000000000000 0000ffff 00008b00 DPL=0 TSS64-busy
GDT=     00000000bf9de000 00000047
IDT=     00000000bf4d2018 00000fff
CR0=80010033 CR2=0000000000000000 CR3=00000000bfc01000 CR4=00000668
DR0=0000000000000000 DR1=0000000000000000 DR2=0000000000000000 DR3=0000000000000000 
DR6=00000000ffff0ff0 DR7=0000000000000400
CCS=0000000000000004 CCD=00000000000020a0 CCO=EFLAGS
EFER=0000000000000d00
Servicing hardware INT=0x20
   326: v=20 e=0000 i=0 cpl=0 IP=0038:00000000beca28e6 pc=00000000beca28e6 SP=0030:00000000bfec2070 env->regs[R_EAX]=0000000000003084
RAX=0000000000003084 RBX=0000000000d89ca9 RCX=000000000000b008 RDX=000000000000b008
RSI=000000000004baf0 RDI=0000000000000000 RBP=00000000be220000 RSP=00000000bfec2070
R8 =0000000000d86c25 R9 =00000000000003f6 R10=0000000000000000 R11=0000000000000000
R12=0000000000002710 R13=0000000000000000 R14=00000000be8a23d4 R15=0000000000000011
RIP=00000000beca28e6 RFL=00000206 [-----P-] CPL=0 II=0 A20=1 SMM=0 HLT=0
ES =0030 0000000000000000 ffffffff 00cf9300 DPL=0 DS   [-WA]
CS =0038 0000000000000000 ffffffff 00af9a00 DPL=0 CS64 [-R-]
SS =0030 0000000000000000 ffffffff 00cf9300 DPL=0 DS   [-WA]
DS =0030 0000000000000000 ffffffff 00cf9300 DPL=0 DS   [-WA]
FS =0030 0000000000000000 ffffffff 00cf9300 DPL=0 DS   [-WA]
GS =0030 0000000000000000 ffffffff 00cf9300 DPL=0 DS   [-WA]
LDT=0000 0000000000000000 0000ffff 00008200 DPL=0 LDT
TR =0000 0000000000000000 0000ffff 00008b00 DPL=0 TSS64-busy
GDT=     00000000bf9de000 00000047
IDT=     00000000bf4d2018 00000fff
CR0=80010033 CR2=0000000000000000 CR3=00000000bfc01000 CR4=00000668
DR0=0000000000000000 DR1=0000000000000000 DR2=0000000000000000 DR3=0000000000000000 
DR6=00000000ffff0ff0 DR7=0000000000000400
CCS=0000000000000004 CCD=0000000000003084 CCO=EFLAGS
EFER=0000000000000d00
Servicing hardware INT=0x20
   327: v=20 e=0000 i=0 cpl=0 IP=0038:00000000beca2896 pc=00000000beca2896 SP=0030:00000000bfec2010 env->regs[R_EAX]=0000000000d8f8bd
RAX=0000000000d8f8bd RBX=0000000000000000 RCX=000000000000b008 RDX=000000000000b008
RSI=000000000004baef RDI=0000000000000000 RBP=00000000be220000 RSP=00000000bfec2010
R8 =0000000000d8f7b5 R9 =00000000000003f6 R10=0000000000000000 R11=0000000000000000
R12=000000000000b008 R13=0000000000000000 R14=00000000be8a23d4 R15=0000000000000011
RIP=00000000beca2896 RFL=00000293 [--S-A-C] CPL=0 II=0 A20=1 SMM=0 HLT=0
ES =0030 0000000000000000 ffffffff 00cf9300 DPL=0 DS   [-WA]
CS =0038 0000000000000000 ffffffff 00af9a00 DPL=0 CS64 [-R-]
SS =0030 0000000000000000 ffffffff 00cf9300 DPL=0 DS   [-WA]
DS =0030 0000000000000000 ffffffff 00cf9300 DPL=0 DS   [-WA]
FS =0030 0000000000000000 ffffffff 00cf9300 DPL=0 DS   [-WA]
GS =0030 0000000000000000 ffffffff 00cf9300 DPL=0 DS   [-WA]
LDT=0000 0000000000000000 0000ffff 00008200 DPL=0 LDT
TR =0000 0000000000000000 0000ffff 00008b00 DPL=0 TSS64-busy
GDT=     00000000bf9de000 00000047
IDT=     00000000bf4d2018 00000fff
CR0=80010033 CR2=0000000000000000 CR3=00000000bfc01000 CR4=00000668
DR0=0000000000000000 DR1=0000000000000000 DR2=0000000000000000 DR3=0000000000000000 
DR6=00000000ffff0ff0 DR7=0000000000000400
CCS=0000000000000091 CCD=fffffffffffffffe CCO=EFLAGS
EFER=0000000000000d00
Servicing hardware INT=0x20
   328: v=20 e=0000 i=0 cpl=0 IP=0038:00000000beca28e6 pc=00000000beca28e6 SP=0030:00000000bfec1a80 env->regs[R_EAX]=0000000000005b6f
RAX=0000000000005b6f RBX=0000000000d9de82 RCX=000000000000b008 RDX=000000000000b008
RSI=000000000004baf0 RDI=0000000000000000 RBP=00000000be220000 RSP=00000000bfec1a80
R8 =0000000000d98313 R9 =00000000000003f6 R10=0000000000000000 R11=0000000000000000
R12=0000000000002710 R13=0000000000000000 R14=00000000be8a23d4 R15=0000000000000011
RIP=00000000beca28e6 RFL=00000206 [-----P-] CPL=0 II=0 A20=1 SMM=0 HLT=0
ES =0030 0000000000000000 ffffffff 00cf9300 DPL=0 DS   [-WA]
CS =0038 0000000000000000 ffffffff 00af9a00 DPL=0 CS64 [-R-]
SS =0030 0000000000000000 ffffffff 00cf9300 DPL=0 DS   [-WA]
DS =0030 0000000000000000 ffffffff 00cf9300 DPL=0 DS   [-WA]
FS =0030 0000000000000000 ffffffff 00cf9300 DPL=0 DS   [-WA]
GS =0030 0000000000000000 ffffffff 00cf9300 DPL=0 DS   [-WA]
LDT=0000 0000000000000000 0000ffff 00008200 DPL=0 LDT
TR =0000 0000000000000000 0000ffff 00008b00 DPL=0 TSS64-busy
GDT=     00000000bf9de000 00000047
IDT=     00000000bf4d2018 00000fff
CR0=80010033 CR2=0000000000000000 CR3=00000000bfc01000 CR4=00000668
DR0=0000000000000000 DR1=0000000000000000 DR2=0000000000000000 DR3=0000000000000000 
DR6=00000000ffff0ff0 DR7=0000000000000400
CCS=0000000000000004 CCD=0000000000005b6f CCO=EFLAGS
EFER=0000000000000d00
Servicing hardware INT=0x20
   329: v=20 e=0000 i=0 cpl=0 IP=0038:00000000beca2896 pc=00000000beca2896 SP=0030:00000000bfec1f40 env->regs[R_EAX]=0000000000da0f34
RAX=0000000000da0f34 RBX=0000000000000000 RCX=000000000000b008 RDX=000000000000b008
RSI=000000000004baf0 RDI=0000000000000000 RBP=00000000be220000 RSP=00000000bfec1f40
R8 =0000000000da0eac R9 =00000000000003f6 R10=0000000000000000 R11=0000000000000000
R12=000000000000b008 R13=0000000000000000 R14=00000000be8a23d4 R15=0000000000000011
RIP=00000000beca2896 RFL=00000293 [--S-A-C] CPL=0 II=0 A20=1 SMM=0 HLT=0
ES =0030 0000000000000000 ffffffff 00cf9300 DPL=0 DS   [-WA]
CS =0038 0000000000000000 ffffffff 00af9a00 DPL=0 CS64 [-R-]
SS =0030 0000000000000000 ffffffff 00cf9300 DPL=0 DS   [-WA]
DS =0030 0000000000000000 ffffffff 00cf9300 DPL=0 DS   [-WA]
FS =0030 0000000000000000 ffffffff 00cf9300 DPL=0 DS   [-WA]
GS =0030 0000000000000000 ffffffff 00cf9300 DPL=0 DS   [-WA]
LDT=0000 0000000000000000 0000ffff 00008200 DPL=0 LDT
TR =0000 0000000000000000 0000ffff 00008b00 DPL=0 TSS64-busy
GDT=     00000000bf9de000 00000047
IDT=     00000000bf4d2018 00000fff
CR0=80010033 CR2=0000000000000000 CR3=00000000bfc01000 CR4=00000668
DR0=0000000000000000 DR1=0000000000000000 DR2=0000000000000000 DR3=0000000000000000 
DR6=00000000ffff0ff0 DR7=0000000000000400
CCS=0000000000000091 CCD=fffffffffffffffe CCO=EFLAGS
EFER=0000000000000d00
Servicing hardware INT=0x20
   330: v=20 e=0000 i=0 cpl=0 IP=0038:00000000beca2896 pc=00000000beca2896 SP=0030:00000000bfec1db0 env->regs[R_EAX]=0000000000da9bbd
RAX=0000000000da9bbd RBX=0000000000000000 RCX=000000000000b008 RDX=000000000000b008
RSI=000000000004baee RDI=0000000000000000 RBP=00000000be220000 RSP=00000000bfec1db0
R8 =0000000000da9ace R9 =00000000000003f6 R10=0000000000000000 R11=0000000000000000
R12=000000000000b008 R13=0000000000000000 R14=00000000be8a23d4 R15=0000000000000011
RIP=00000000beca2896 RFL=00000293 [--S-A-C] CPL=0 II=0 A20=1 SMM=0 HLT=0
ES =0030 0000000000000000 ffffffff 00cf9300 DPL=0 DS   [-WA]
CS =0038 0000000000000000 ffffffff 00af9a00 DPL=0 CS64 [-R-]
SS =0030 0000000000000000 ffffffff 00cf9300 DPL=0 DS   [-WA]
DS =0030 0000000000000000 ffffffff 00cf9300 DPL=0 DS   [-WA]
FS =0030 0000000000000000 ffffffff 00cf9300 DPL=0 DS   [-WA]
GS =0030 0000000000000000 ffffffff 00cf9300 DPL=0 DS   [-WA]
LDT=0000 0000000000000000 0000ffff 00008200 DPL=0 LDT
TR =0000 0000000000000000 0000ffff 00008b00 DPL=0 TSS64-busy
GDT=     00000000bf9de000 00000047
IDT=     00000000bf4d2018 00000fff
CR0=80010033 CR2=0000000000000000 CR3=00000000bfc01000 CR4=00000668
DR0=0000000000000000 DR1=0000000000000000 DR2=0000000000000000 DR3=0000000000000000 
DR6=00000000ffff0ff0 DR7=0000000000000400
CCS=0000000000000091 CCD=fffffffffffffffe CCO=EFLAGS
EFER=0000000000000d00
Servicing hardware INT=0x20
   331: v=20 e=0000 i=0 cpl=0 IP=0038:00000000beca28e6 pc=00000000beca28e6 SP=0030:00000000bfec1db0 env->regs[R_EAX]=0000000000000396
RAX=0000000000000396 RBX=0000000000db2a29 RCX=000000000000b008 RDX=000000000000b008
RSI=00000000be88be40 RDI=00000000ffffff00 RBP=00000000be2200c8 RSP=00000000bfec1db0
R8 =0000000000db2693 R9 =00000000000001f7 R10=0000000000000000 R11=0000000000000000
R12=0000000000000190 R13=000000000004baf1 R14=00000000be8a23d4 R15=0000000000000011
RIP=00000000beca28e6 RFL=00000206 [-----P-] CPL=0 II=0 A20=1 SMM=0 HLT=0
ES =0030 0000000000000000 ffffffff 00cf9300 DPL=0 DS   [-WA]
CS =0038 0000000000000000 ffffffff 00af9a00 DPL=0 CS64 [-R-]
SS =0030 0000000000000000 ffffffff 00cf9300 DPL=0 DS   [-WA]
DS =0030 0000000000000000 ffffffff 00cf9300 DPL=0 DS   [-WA]
FS =0030 0000000000000000 ffffffff 00cf9300 DPL=0 DS   [-WA]
GS =0030 0000000000000000 ffffffff 00cf9300 DPL=0 DS   [-WA]
LDT=0000 0000000000000000 0000ffff 00008200 DPL=0 LDT
TR =0000 0000000000000000 0000ffff 00008b00 DPL=0 TSS64-busy
GDT=     00000000bf9de000 00000047
IDT=     00000000bf4d2018 00000fff
CR0=80010033 CR2=0000000000000000 CR3=00000000bfc01000 CR4=00000668
DR0=0000000000000000 DR1=0000000000000000 DR2=0000000000000000 DR3=0000000000000000 
DR6=00000000ffff0ff0 DR7=0000000000000400
CCS=0000000000000004 CCD=0000000000000396 CCO=EFLAGS
EFER=0000000000000d00
Servicing hardware INT=0x20
   332: v=20 e=0000 i=0 cpl=0 IP=0038:00000000beca2896 pc=00000000beca2896 SP=0030:00000000bfec1db0 env->regs[R_EAX]=0000000000dbb482
RAX=0000000000dbb482 RBX=0000000000000000 RCX=000000000000b008 RDX=000000000000b008
RSI=000000000004baf0 RDI=0000000000000000 RBP=00000000be220000 RSP=00000000bfec1db0
R8 =0000000000dbb33f R9 =00000000000003f6 R10=0000000000000000 R11=0000000000000000
R12=000000000000b008 R13=0000000000000000 R14=00000000be8a23d4 R15=0000000000000011
RIP=00000000beca2896 RFL=00000293 [--S-A-C] CPL=0 II=0 A20=1 SMM=0 HLT=0
ES =0030 0000000000000000 ffffffff 00cf9300 DPL=0 DS   [-WA]
CS =0038 0000000000000000 ffffffff 00af9a00 DPL=0 CS64 [-R-]
SS =0030 0000000000000000 ffffffff 00cf9300 DPL=0 DS   [-WA]
DS =0030 0000000000000000 ffffffff 00cf9300 DPL=0 DS   [-WA]
FS =0030 0000000000000000 ffffffff 00cf9300 DPL=0 DS   [-WA]
GS =0030 0000000000000000 ffffffff 00cf9300 DPL=0 DS   [-WA]
LDT=0000 0000000000000000 0000ffff 00008200 DPL=0 LDT
TR =0000 0000000000000000 0000ffff 00008b00 DPL=0 TSS64-busy
GDT=     00000000bf9de000 00000047
IDT=     00000000bf4d2018 00000fff
CR0=80010033 CR2=0000000000000000 CR3=00000000bfc01000 CR4=00000668
DR0=0000000000000000 DR1=0000000000000000 DR2=0000000000000000 DR3=0000000000000000 
DR6=00000000ffff0ff0 DR7=0000000000000400
CCS=0000000000000091 CCD=fffffffffffffffe CCO=EFLAGS
EFER=0000000000000d00
Servicing hardware INT=0x20
   333: v=20 e=0000 i=0 cpl=0 IP=0038:00000000beca2896 pc=00000000beca2896 SP=0030:00000000bfec2010 env->regs[R_EAX]=0000000000dc4054
RAX=0000000000dc4054 RBX=0000000000000000 RCX=000000000000b008 RDX=000000000000b008
RSI=000000000004baf0 RDI=0000000000000000 RBP=00000000be220000 RSP=00000000bfec2010
R8 =0000000000dc3f04 R9 =00000000000003f6 R10=0000000000000000 R11=0000000000000000
R12=000000000000b008 R13=0000000000000000 R14=00000000be8a23d4 R15=0000000000000011
RIP=00000000beca2896 RFL=00000293 [--S-A-C] CPL=0 II=0 A20=1 SMM=0 HLT=0
ES =0030 0000000000000000 ffffffff 00cf9300 DPL=0 DS   [-WA]
CS =0038 0000000000000000 ffffffff 00af9a00 DPL=0 CS64 [-R-]
SS =0030 0000000000000000 ffffffff 00cf9300 DPL=0 DS   [-WA]
DS =0030 0000000000000000 ffffffff 00cf9300 DPL=0 DS   [-WA]
FS =0030 0000000000000000 ffffffff 00cf9300 DPL=0 DS   [-WA]
GS =0030 0000000000000000 ffffffff 00cf9300 DPL=0 DS   [-WA]
LDT=0000 0000000000000000 0000ffff 00008200 DPL=0 LDT
TR =0000 0000000000000000 0000ffff 00008b00 DPL=0 TSS64-busy
GDT=     00000000bf9de000 00000047
IDT=     00000000bf4d2018 00000fff
CR0=80010033 CR2=0000000000000000 CR3=00000000bfc01000 CR4=00000668
DR0=0000000000000000 DR1=0000000000000000 DR2=0000000000000000 DR3=0000000000000000 
DR6=00000000ffff0ff0 DR7=0000000000000400
CCS=0000000000000091 CCD=fffffffffffffffe CCO=EFLAGS
EFER=0000000000000d00
Servicing hardware INT=0x20
   334: v=20 e=0000 i=0 cpl=0 IP=0038:00000000beca2896 pc=00000000beca2896 SP=0030:00000000bfec2010 env->regs[R_EAX]=0000000000dccb77
RAX=0000000000dccb77 RBX=0000000000000000 RCX=000000000000b008 RDX=000000000000b008
RSI=000000000004baf0 RDI=0000000000000000 RBP=00000000be220000 RSP=00000000bfec2010
R8 =0000000000dcca82 R9 =00000000000003f6 R10=0000000000000000 R11=0000000000000000
R12=000000000000b008 R13=0000000000000000 R14=00000000be8a23d4 R15=0000000000000011
RIP=00000000beca2896 RFL=00000293 [--S-A-C] CPL=0 II=0 A20=1 SMM=0 HLT=0
ES =0030 0000000000000000 ffffffff 00cf9300 DPL=0 DS   [-WA]
CS =0038 0000000000000000 ffffffff 00af9a00 DPL=0 CS64 [-R-]
SS =0030 0000000000000000 ffffffff 00cf9300 DPL=0 DS   [-WA]
DS =0030 0000000000000000 ffffffff 00cf9300 DPL=0 DS   [-WA]
FS =0030 0000000000000000 ffffffff 00cf9300 DPL=0 DS   [-WA]
GS =0030 0000000000000000 ffffffff 00cf9300 DPL=0 DS   [-WA]
LDT=0000 0000000000000000 0000ffff 00008200 DPL=0 LDT
TR =0000 0000000000000000 0000ffff 00008b00 DPL=0 TSS64-busy
GDT=     00000000bf9de000 00000047
IDT=     00000000bf4d2018 00000fff
CR0=80010033 CR2=0000000000000000 CR3=00000000bfc01000 CR4=00000668
DR0=0000000000000000 DR1=0000000000000000 DR2=0000000000000000 DR3=0000000000000000 
DR6=00000000ffff0ff0 DR7=0000000000000400
CCS=0000000000000091 CCD=fffffffffffffffe CCO=EFLAGS
EFER=0000000000000d00
Servicing hardware INT=0x20
   335: v=20 e=0000 i=0 cpl=0 IP=0038:00000000beca28e6 pc=00000000beca28e6 SP=0030:00000000bfec2020 env->regs[R_EAX]=00000000000042ce
RAX=00000000000042ce RBX=0000000000dd983c RCX=000000000000b008 RDX=000000000000b008
RSI=000000000004baf0 RDI=0000000000000000 RBP=00000000be220000 RSP=00000000bfec2020
R8 =0000000000dd556e R9 =00000000000003f6 R10=0000000000000000 R11=0000000000000000
R12=0000000000002710 R13=0000000000000000 R14=00000000be8a23d4 R15=0000000000000011
RIP=00000000beca28e6 RFL=00000202 [-------] CPL=0 II=0 A20=1 SMM=0 HLT=0
ES =0030 0000000000000000 ffffffff 00cf9300 DPL=0 DS   [-WA]
CS =0038 0000000000000000 ffffffff 00af9a00 DPL=0 CS64 [-R-]
SS =0030 0000000000000000 ffffffff 00cf9300 DPL=0 DS   [-WA]
DS =0030 0000000000000000 ffffffff 00cf9300 DPL=0 DS   [-WA]
FS =0030 0000000000000000 ffffffff 00cf9300 DPL=0 DS   [-WA]
GS =0030 0000000000000000 ffffffff 00cf9300 DPL=0 DS   [-WA]
LDT=0000 0000000000000000 0000ffff 00008200 DPL=0 LDT
TR =0000 0000000000000000 0000ffff 00008b00 DPL=0 TSS64-busy
GDT=     00000000bf9de000 00000047
IDT=     00000000bf4d2018 00000fff
CR0=80010033 CR2=0000000000000000 CR3=00000000bfc01000 CR4=00000668
DR0=0000000000000000 DR1=0000000000000000 DR2=0000000000000000 DR3=0000000000000000 
DR6=00000000ffff0ff0 DR7=0000000000000400
CCS=0000000000000000 CCD=00000000000042ce CCO=EFLAGS
EFER=0000000000000d00
Servicing hardware INT=0x20
   336: v=20 e=0000 i=0 cpl=0 IP=0038:00000000beca28e6 pc=00000000beca28e6 SP=0030:00000000bfec2070 env->regs[R_EAX]=00000000000055c5
RAX=00000000000055c5 RBX=0000000000de3835 RCX=000000000000b008 RDX=000000000000b008
RSI=000000000004baf0 RDI=0000000000000000 RBP=00000000be220000 RSP=00000000bfec2070
R8 =0000000000dde270 R9 =00000000000003f6 R10=0000000000000000 R11=0000000000000000
R12=0000000000002710 R13=0000000000000000 R14=00000000be8a23d4 R15=0000000000000011
RIP=00000000beca28e6 RFL=00000206 [-----P-] CPL=0 II=0 A20=1 SMM=0 HLT=0
ES =0030 0000000000000000 ffffffff 00cf9300 DPL=0 DS   [-WA]
CS =0038 0000000000000000 ffffffff 00af9a00 DPL=0 CS64 [-R-]
SS =0030 0000000000000000 ffffffff 00cf9300 DPL=0 DS   [-WA]
DS =0030 0000000000000000 ffffffff 00cf9300 DPL=0 DS   [-WA]
FS =0030 0000000000000000 ffffffff 00cf9300 DPL=0 DS   [-WA]
GS =0030 0000000000000000 ffffffff 00cf9300 DPL=0 DS   [-WA]
LDT=0000 0000000000000000 0000ffff 00008200 DPL=0 LDT
TR =0000 0000000000000000 0000ffff 00008b00 DPL=0 TSS64-busy
GDT=     00000000bf9de000 00000047
IDT=     00000000bf4d2018 00000fff
CR0=80010033 CR2=0000000000000000 CR3=00000000bfc01000 CR4=00000668
DR0=0000000000000000 DR1=0000000000000000 DR2=0000000000000000 DR3=0000000000000000 
DR6=00000000ffff0ff0 DR7=0000000000000400
CCS=0000000000000004 CCD=00000000000055c5 CCO=EFLAGS
EFER=0000000000000d00
Servicing hardware INT=0x20
   337: v=20 e=0000 i=0 cpl=0 IP=0038:00000000beca2896 pc=00000000beca2896 SP=0030:00000000bfec1fc0 env->regs[R_EAX]=0000000000de6f9d
RAX=0000000000de6f9d RBX=0000000000000000 RCX=000000000000b008 RDX=000000000000b008
RSI=000000000004baf0 RDI=0000000000000000 RBP=00000000be220000 RSP=00000000bfec1fc0
R8 =0000000000de6e55 R9 =00000000000003f6 R10=0000000000000000 R11=0000000000000000
R12=000000000000b008 R13=0000000000000000 R14=00000000be8a23d4 R15=0000000000000011
RIP=00000000beca2896 RFL=00000293 [--S-A-C] CPL=0 II=0 A20=1 SMM=0 HLT=0
ES =0030 0000000000000000 ffffffff 00cf9300 DPL=0 DS   [-WA]
CS =0038 0000000000000000 ffffffff 00af9a00 DPL=0 CS64 [-R-]
SS =0030 0000000000000000 ffffffff 00cf9300 DPL=0 DS   [-WA]
DS =0030 0000000000000000 ffffffff 00cf9300 DPL=0 DS   [-WA]
FS =0030 0000000000000000 ffffffff 00cf9300 DPL=0 DS   [-WA]
GS =0030 0000000000000000 ffffffff 00cf9300 DPL=0 DS   [-WA]
LDT=0000 0000000000000000 0000ffff 00008200 DPL=0 LDT
TR =0000 0000000000000000 0000ffff 00008b00 DPL=0 TSS64-busy
GDT=     00000000bf9de000 00000047
IDT=     00000000bf4d2018 00000fff
CR0=80010033 CR2=0000000000000000 CR3=00000000bfc01000 CR4=00000668
DR0=0000000000000000 DR1=0000000000000000 DR2=0000000000000000 DR3=0000000000000000 
DR6=00000000ffff0ff0 DR7=0000000000000400
CCS=0000000000000091 CCD=fffffffffffffffe CCO=EFLAGS
EFER=0000000000000d00
Servicing hardware INT=0x20
   338: v=20 e=0000 i=0 cpl=0 IP=0038:00000000beca28e6 pc=00000000beca28e6 SP=0030:00000000bfec2070 env->regs[R_EAX]=0000000000007ddd
RAX=0000000000007ddd RBX=0000000000df77d9 RCX=000000000000b008 RDX=000000000000b008
RSI=000000000004baf0 RDI=0000000000000000 RBP=00000000be220000 RSP=00000000bfec2070
R8 =0000000000def9fc R9 =00000000000003f6 R10=0000000000000000 R11=0000000000000000
R12=0000000000002710 R13=0000000000000000 R14=00000000be8a23d4 R15=0000000000000011
RIP=00000000beca28e6 RFL=00000206 [-----P-] CPL=0 II=0 A20=1 SMM=0 HLT=0
ES =0030 0000000000000000 ffffffff 00cf9300 DPL=0 DS   [-WA]
CS =0038 0000000000000000 ffffffff 00af9a00 DPL=0 CS64 [-R-]
SS =0030 0000000000000000 ffffffff 00cf9300 DPL=0 DS   [-WA]
DS =0030 0000000000000000 ffffffff 00cf9300 DPL=0 DS   [-WA]
FS =0030 0000000000000000 ffffffff 00cf9300 DPL=0 DS   [-WA]
GS =0030 0000000000000000 ffffffff 00cf9300 DPL=0 DS   [-WA]
LDT=0000 0000000000000000 0000ffff 00008200 DPL=0 LDT
TR =0000 0000000000000000 0000ffff 00008b00 DPL=0 TSS64-busy
GDT=     00000000bf9de000 00000047
IDT=     00000000bf4d2018 00000fff
CR0=80010033 CR2=0000000000000000 CR3=00000000bfc01000 CR4=00000668
DR0=0000000000000000 DR1=0000000000000000 DR2=0000000000000000 DR3=0000000000000000 
DR6=00000000ffff0ff0 DR7=0000000000000400
CCS=0000000000000004 CCD=0000000000007ddd CCO=EFLAGS
EFER=0000000000000d00
Servicing hardware INT=0x20
   339: v=20 e=0000 i=0 cpl=0 IP=0038:00000000bf0156ed pc=00000000bf0156ed SP=0030:00000000bfec2060 env->regs[R_EAX]=0000000000000001
RAX=0000000000000001 RBX=0000000000000000 RCX=0000000000000001 RDX=0000000000000cf8
RSI=0000000000000000 RDI=0000000000000001 RBP=00000000bfec2280 RSP=00000000bfec2060
R8 =0000000000000000 R9 =0000000000000cf8 R10=00000000000001ec R11=00000000000a0000
R12=0000000080000986 R13=0000000000000000 R14=00000000bf019f2b R15=00000000bf0193a0
RIP=00000000bf0156ed RFL=00000202 [-------] CPL=0 II=0 A20=1 SMM=0 HLT=0
ES =0030 0000000000000000 ffffffff 00cf9300 DPL=0 DS   [-WA]
CS =0038 0000000000000000 ffffffff 00af9a00 DPL=0 CS64 [-R-]
SS =0030 0000000000000000 ffffffff 00cf9300 DPL=0 DS   [-WA]
DS =0030 0000000000000000 ffffffff 00cf9300 DPL=0 DS   [-WA]
FS =0030 0000000000000000 ffffffff 00cf9300 DPL=0 DS   [-WA]
GS =0030 0000000000000000 ffffffff 00cf9300 DPL=0 DS   [-WA]
LDT=0000 0000000000000000 0000ffff 00008200 DPL=0 LDT
TR =0000 0000000000000000 0000ffff 00008b00 DPL=0 TSS64-busy
GDT=     00000000bf9de000 00000047
IDT=     00000000bf4d2018 00000fff
CR0=80010033 CR2=0000000000000000 CR3=00000000bfc01000 CR4=00000668
DR0=0000000000000000 DR1=0000000000000000 DR2=0000000000000000 DR3=0000000000000000 
DR6=00000000ffff0ff0 DR7=0000000000000400
CCS=0000000000000030 CCD=0000000000000001 CCO=LOGICB
EFER=0000000000000d00
Servicing hardware INT=0x20
   340: v=20 e=0000 i=0 cpl=0 IP=0038:00000000beca28e6 pc=00000000beca28e6 SP=0030:00000000bfec21b0 env->regs[R_EAX]=000000000000031c
RAX=000000000000031c RBX=0000000000e01ea6 RCX=000000000000b008 RDX=000000000000b008
RSI=000000000004baf0 RDI=0000000000000000 RBP=00000000be220000 RSP=00000000bfec21b0
R8 =0000000000e01b8a R9 =00000000000003f6 R10=0000000000000000 R11=0000000000000000
R12=0000000000002710 R13=0000000000000000 R14=00000000be8a23d4 R15=0000000000000011
RIP=00000000beca28e6 RFL=00000202 [-------] CPL=0 II=0 A20=1 SMM=0 HLT=0
ES =0030 0000000000000000 ffffffff 00cf9300 DPL=0 DS   [-WA]
CS =0038 0000000000000000 ffffffff 00af9a00 DPL=0 CS64 [-R-]
SS =0030 0000000000000000 ffffffff 00cf9300 DPL=0 DS   [-WA]
DS =0030 0000000000000000 ffffffff 00cf9300 DPL=0 DS   [-WA]
FS =0030 0000000000000000 ffffffff 00cf9300 DPL=0 DS   [-WA]
GS =0030 0000000000000000 ffffffff 00cf9300 DPL=0 DS   [-WA]
LDT=0000 0000000000000000 0000ffff 00008200 DPL=0 LDT
TR =0000 0000000000000000 0000ffff 00008b00 DPL=0 TSS64-busy
GDT=     00000000bf9de000 00000047
IDT=     00000000bf4d2018 00000fff
CR0=80010033 CR2=0000000000000000 CR3=00000000bfc01000 CR4=00000668
DR0=0000000000000000 DR1=0000000000000000 DR2=0000000000000000 DR3=0000000000000000 
DR6=00000000ffff0ff0 DR7=0000000000000400
CCS=0000000000000000 CCD=000000000000031c CCO=EFLAGS
EFER=0000000000000d00
Servicing hardware INT=0x20
   341: v=20 e=0000 i=0 cpl=0 IP=0038:00000000beca28e6 pc=00000000beca28e6 SP=0030:00000000bfec23c0 env->regs[R_EAX]=00000000000022d7
RAX=00000000000022d7 RBX=0000000000e0c071 RCX=000000000000b008 RDX=000000000000b008
RSI=000000000004baf0 RDI=0000000000000000 RBP=00000000be220000 RSP=00000000bfec23c0
R8 =0000000000e09d9a R9 =00000000000003f6 R10=0000000000000000 R11=0000000000000000
R12=0000000000002710 R13=0000000000000000 R14=00000000be8a23d4 R15=0000000000000011
RIP=00000000beca28e6 RFL=00000206 [-----P-] CPL=0 II=0 A20=1 SMM=0 HLT=0
ES =0030 0000000000000000 ffffffff 00cf9300 DPL=0 DS   [-WA]
CS =0038 0000000000000000 ffffffff 00af9a00 DPL=0 CS64 [-R-]
SS =0030 0000000000000000 ffffffff 00cf9300 DPL=0 DS   [-WA]
DS =0030 0000000000000000 ffffffff 00cf9300 DPL=0 DS   [-WA]
FS =0030 0000000000000000 ffffffff 00cf9300 DPL=0 DS   [-WA]
GS =0030 0000000000000000 ffffffff 00cf9300 DPL=0 DS   [-WA]
LDT=0000 0000000000000000 0000ffff 00008200 DPL=0 LDT
TR =0000 0000000000000000 0000ffff 00008b00 DPL=0 TSS64-busy
GDT=     00000000bf9de000 00000047
IDT=     00000000bf4d2018 00000fff
CR0=80010033 CR2=0000000000000000 CR3=00000000bfc01000 CR4=00000668
DR0=0000000000000000 DR1=0000000000000000 DR2=0000000000000000 DR3=0000000000000000 
DR6=00000000ffff0ff0 DR7=0000000000000400
CCS=0000000000000004 CCD=00000000000022d7 CCO=EFLAGS
EFER=0000000000000d00
Servicing hardware INT=0x20
   342: v=20 e=0000 i=0 cpl=0 IP=0038:00000000be233df0 pc=00000000be233df0 SP=0030:00000000bfec2530 env->regs[R_EAX]=0000000000000180
RAX=0000000000000180 RBX=00000000bfe66000 RCX=00000000c01e0000 RDX=00000000000001e2
RSI=000000000000000c RDI=00000000bfe66000 RBP=00000000bfec2530 RSP=00000000bfec2530
R8 =0000000000000004 R9 =0000000000000024 R10=00000000000001ec R11=00000000000a0000
R12=0000000000000000 R13=0000000000000000 R14=00000000bebdc0b8 R15=00000000be266218
RIP=00000000be233df0 RFL=00000287 [--S--PC] CPL=0 II=0 A20=1 SMM=0 HLT=0
ES =0030 0000000000000000 ffffffff 00cf9300 DPL=0 DS   [-WA]
CS =0038 0000000000000000 ffffffff 00af9a00 DPL=0 CS64 [-R-]
SS =0030 0000000000000000 ffffffff 00cf9300 DPL=0 DS   [-WA]
DS =0030 0000000000000000 ffffffff 00cf9300 DPL=0 DS   [-WA]
FS =0030 0000000000000000 ffffffff 00cf9300 DPL=0 DS   [-WA]
GS =0030 0000000000000000 ffffffff 00cf9300 DPL=0 DS   [-WA]
LDT=0000 0000000000000000 0000ffff 00008200 DPL=0 LDT
TR =0000 0000000000000000 0000ffff 00008b00 DPL=0 TSS64-busy
GDT=     00000000bf9de000 00000047
IDT=     00000000bf4d2018 00000fff
CR0=80010033 CR2=0000000000000000 CR3=00000000bfc01000 CR4=00000668
DR0=0000000000000000 DR1=0000000000000000 DR2=0000000000000000 DR3=0000000000000000 
DR6=00000000ffff0ff0 DR7=0000000000000400
CCS=0000000000000085 CCD=fffffffffffffce2 CCO=EFLAGS
EFER=0000000000000d00
Servicing hardware INT=0x20
   343: v=20 e=0000 i=0 cpl=0 IP=0038:00000000beca28e6 pc=00000000beca28e6 SP=0030:00000000bfec1860 env->regs[R_EAX]=0000000000005cca
RAX=0000000000005cca RBX=0000000000e21205 RCX=000000000000b008 RDX=000000000000b008
RSI=000000000004baf0 RDI=0000000000000000 RBP=00000000be210000 RSP=00000000bfec1860
R8 =0000000000e1b53b R9 =00000000000003f6 R10=0000000000000000 R11=0000000000000000
R12=0000000000002710 R13=0000000000000000 R14=00000000be8a23d4 R15=0000000000000011
RIP=00000000beca28e6 RFL=00000206 [-----P-] CPL=0 II=0 A20=1 SMM=0 HLT=0
ES =0030 0000000000000000 ffffffff 00cf9300 DPL=0 DS   [-WA]
CS =0038 0000000000000000 ffffffff 00af9a00 DPL=0 CS64 [-R-]
SS =0030 0000000000000000 ffffffff 00cf9300 DPL=0 DS   [-WA]
DS =0030 0000000000000000 ffffffff 00cf9300 DPL=0 DS   [-WA]
FS =0030 0000000000000000 ffffffff 00cf9300 DPL=0 DS   [-WA]
GS =0030 0000000000000000 ffffffff 00cf9300 DPL=0 DS   [-WA]
LDT=0000 0000000000000000 0000ffff 00008200 DPL=0 LDT
TR =0000 0000000000000000 0000ffff 00008b00 DPL=0 TSS64-busy
GDT=     00000000bf9de000 00000047
IDT=     00000000bf4d2018 00000fff
CR0=80010033 CR2=0000000000000000 CR3=00000000bfc01000 CR4=00000668
DR0=0000000000000000 DR1=0000000000000000 DR2=0000000000000000 DR3=0000000000000000 
DR6=00000000ffff0ff0 DR7=0000000000000400
CCS=0000000000000004 CCD=0000000000005cca CCO=EFLAGS
EFER=0000000000000d00
Servicing hardware INT=0x20
   344: v=20 e=0000 i=0 cpl=0 IP=0038:00000000bf4ca300 pc=00000000bf4ca300 SP=0030:00000000bfec16f8 env->regs[R_EAX]=0000000000000050
RAX=0000000000000050 RBX=00000000bfec180f RCX=00000000000001f7 RDX=00000000000001f7
RSI=0000000000000000 RDI=0000000000000001 RBP=0000000000000001 RSP=00000000bfec16f8
R8 =00000000bfec180f R9 =00000000000001f7 R10=0000000000000000 R11=0000000000000000
R12=00000000000001f7 R13=0000000000000001 R14=00000000bf4cc2a8 R15=0000000000000011
RIP=00000000bf4ca300 RFL=00000293 [--S-A-C] CPL=0 II=0 A20=1 SMM=0 HLT=0
ES =0030 0000000000000000 ffffffff 00cf9300 DPL=0 DS   [-WA]
CS =0038 0000000000000000 ffffffff 00af9a00 DPL=0 CS64 [-R-]
SS =0030 0000000000000000 ffffffff 00cf9300 DPL=0 DS   [-WA]
DS =0030 0000000000000000 ffffffff 00cf9300 DPL=0 DS   [-WA]
FS =0030 0000000000000000 ffffffff 00cf9300 DPL=0 DS   [-WA]
GS =0030 0000000000000000 ffffffff 00cf9300 DPL=0 DS   [-WA]
LDT=0000 0000000000000000 0000ffff 00008200 DPL=0 LDT
TR =0000 0000000000000000 0000ffff 00008b00 DPL=0 TSS64-busy
GDT=     00000000bf9de000 00000047
IDT=     00000000bf4d2018 00000fff
CR0=80010033 CR2=0000000000000000 CR3=00000000bfc01000 CR4=00000668
DR0=0000000000000000 DR1=0000000000000000 DR2=0000000000000000 DR3=0000000000000000 
DR6=00000000ffff0ff0 DR7=0000000000000400
CCS=0000000000000091 CCD=fffffffffffffffe CCO=EFLAGS
EFER=0000000000000d00
Servicing hardware INT=0x20
   345: v=20 e=0000 i=0 cpl=0 IP=0038:00000000beca2896 pc=00000000beca2896 SP=0030:00000000bfec1d20 env->regs[R_EAX]=0000000000e2cd72
RAX=0000000000e2cd72 RBX=0000000000000000 RCX=000000000000b008 RDX=000000000000b008
RSI=000000000004baf0 RDI=0000000000000000 RBP=00000000be210000 RSP=00000000bfec1d20
R8 =0000000000e2cc06 R9 =00000000000003f6 R10=0000000000000000 R11=0000000000000000
R12=000000000000b008 R13=0000000000000000 R14=00000000be8a23d4 R15=0000000000000011
RIP=00000000beca2896 RFL=00000293 [--S-A-C] CPL=0 II=0 A20=1 SMM=0 HLT=0
ES =0030 0000000000000000 ffffffff 00cf9300 DPL=0 DS   [-WA]
CS =0038 0000000000000000 ffffffff 00af9a00 DPL=0 CS64 [-R-]
SS =0030 0000000000000000 ffffffff 00cf9300 DPL=0 DS   [-WA]
DS =0030 0000000000000000 ffffffff 00cf9300 DPL=0 DS   [-WA]
FS =0030 0000000000000000 ffffffff 00cf9300 DPL=0 DS   [-WA]
GS =0030 0000000000000000 ffffffff 00cf9300 DPL=0 DS   [-WA]
LDT=0000 0000000000000000 0000ffff 00008200 DPL=0 LDT
TR =0000 0000000000000000 0000ffff 00008b00 DPL=0 TSS64-busy
GDT=     00000000bf9de000 00000047
IDT=     00000000bf4d2018 00000fff
CR0=80010033 CR2=0000000000000000 CR3=00000000bfc01000 CR4=00000668
DR0=0000000000000000 DR1=0000000000000000 DR2=0000000000000000 DR3=0000000000000000 
DR6=00000000ffff0ff0 DR7=0000000000000400
CCS=0000000000000091 CCD=fffffffffffffffe CCO=EFLAGS
EFER=0000000000000d00
Servicing hardware INT=0x20
   346: v=20 e=0000 i=0 cpl=0 IP=0038:00000000beca28e6 pc=00000000beca28e6 SP=0030:00000000bfec1bf0 env->regs[R_EAX]=0000000000002d9f
RAX=0000000000002d9f RBX=0000000000e3859c RCX=000000000000b008 RDX=000000000000b008
RSI=000000000004baf0 RDI=0000000000000000 RBP=00000000be210000 RSP=00000000bfec1bf0
R8 =0000000000e357fd R9 =00000000000003f6 R10=0000000000000000 R11=0000000000000000
R12=0000000000002710 R13=0000000000000000 R14=00000000be8a23d4 R15=0000000000000011
RIP=00000000beca28e6 RFL=00000206 [-----P-] CPL=0 II=0 A20=1 SMM=0 HLT=0
ES =0030 0000000000000000 ffffffff 00cf9300 DPL=0 DS   [-WA]
CS =0038 0000000000000000 ffffffff 00af9a00 DPL=0 CS64 [-R-]
SS =0030 0000000000000000 ffffffff 00cf9300 DPL=0 DS   [-WA]
DS =0030 0000000000000000 ffffffff 00cf9300 DPL=0 DS   [-WA]
FS =0030 0000000000000000 ffffffff 00cf9300 DPL=0 DS   [-WA]
GS =0030 0000000000000000 ffffffff 00cf9300 DPL=0 DS   [-WA]
LDT=0000 0000000000000000 0000ffff 00008200 DPL=0 LDT
TR =0000 0000000000000000 0000ffff 00008b00 DPL=0 TSS64-busy
GDT=     00000000bf9de000 00000047
IDT=     00000000bf4d2018 00000fff
CR0=80010033 CR2=0000000000000000 CR3=00000000bfc01000 CR4=00000668
DR0=0000000000000000 DR1=0000000000000000 DR2=0000000000000000 DR3=0000000000000000 
DR6=00000000ffff0ff0 DR7=0000000000000400
CCS=0000000000000004 CCD=0000000000002d9f CCO=EFLAGS
EFER=0000000000000d00
Servicing hardware INT=0x20
   347: v=20 e=0000 i=0 cpl=0 IP=0038:00000000beca28e6 pc=00000000beca28e6 SP=0030:00000000bfec1bf0 env->regs[R_EAX]=0000000000003c27
RAX=0000000000003c27 RBX=0000000000e42007 RCX=000000000000b008 RDX=000000000000b008
RSI=000000000004baf0 RDI=0000000000000000 RBP=00000000be210000 RSP=00000000bfec1bf0
R8 =0000000000e3e3e0 R9 =00000000000003f6 R10=0000000000000000 R11=0000000000000000
R12=0000000000002710 R13=0000000000000000 R14=00000000be8a23d4 R15=0000000000000011
RIP=00000000beca28e6 RFL=00000206 [-----P-] CPL=0 II=0 A20=1 SMM=0 HLT=0
ES =0030 0000000000000000 ffffffff 00cf9300 DPL=0 DS   [-WA]
CS =0038 0000000000000000 ffffffff 00af9a00 DPL=0 CS64 [-R-]
SS =0030 0000000000000000 ffffffff 00cf9300 DPL=0 DS   [-WA]
DS =0030 0000000000000000 ffffffff 00cf9300 DPL=0 DS   [-WA]
FS =0030 0000000000000000 ffffffff 00cf9300 DPL=0 DS   [-WA]
GS =0030 0000000000000000 ffffffff 00cf9300 DPL=0 DS   [-WA]
LDT=0000 0000000000000000 0000ffff 00008200 DPL=0 LDT
TR =0000 0000000000000000 0000ffff 00008b00 DPL=0 TSS64-busy
GDT=     00000000bf9de000 00000047
IDT=     00000000bf4d2018 00000fff
CR0=80010033 CR2=0000000000000000 CR3=00000000bfc01000 CR4=00000668
DR0=0000000000000000 DR1=0000000000000000 DR2=0000000000000000 DR3=0000000000000000 
DR6=00000000ffff0ff0 DR7=0000000000000400
CCS=0000000000000004 CCD=0000000000003c27 CCO=EFLAGS
EFER=0000000000000d00
Servicing hardware INT=0x20
   348: v=20 e=0000 i=0 cpl=0 IP=0038:00000000beca28e6 pc=00000000beca28e6 SP=0030:00000000bfec1e50 env->regs[R_EAX]=0000000000004db4
RAX=0000000000004db4 RBX=0000000000e4bd60 RCX=000000000000b008 RDX=000000000000b008
RSI=000000000004baf0 RDI=0000000000000000 RBP=00000000be210000 RSP=00000000bfec1e50
R8 =0000000000e46fac R9 =00000000000003f6 R10=0000000000000000 R11=0000000000000000
R12=0000000000002710 R13=0000000000000000 R14=00000000be8a23d4 R15=0000000000000011
RIP=00000000beca28e6 RFL=00000206 [-----P-] CPL=0 II=0 A20=1 SMM=0 HLT=0
ES =0030 0000000000000000 ffffffff 00cf9300 DPL=0 DS   [-WA]
CS =0038 0000000000000000 ffffffff 00af9a00 DPL=0 CS64 [-R-]
SS =0030 0000000000000000 ffffffff 00cf9300 DPL=0 DS   [-WA]
DS =0030 0000000000000000 ffffffff 00cf9300 DPL=0 DS   [-WA]
FS =0030 0000000000000000 ffffffff 00cf9300 DPL=0 DS   [-WA]
GS =0030 0000000000000000 ffffffff 00cf9300 DPL=0 DS   [-WA]
LDT=0000 0000000000000000 0000ffff 00008200 DPL=0 LDT
TR =0000 0000000000000000 0000ffff 00008b00 DPL=0 TSS64-busy
GDT=     00000000bf9de000 00000047
IDT=     00000000bf4d2018 00000fff
CR0=80010033 CR2=0000000000000000 CR3=00000000bfc01000 CR4=00000668
DR0=0000000000000000 DR1=0000000000000000 DR2=0000000000000000 DR3=0000000000000000 
DR6=00000000ffff0ff0 DR7=0000000000000400
CCS=0000000000000004 CCD=0000000000004db4 CCO=EFLAGS
EFER=0000000000000d00
Servicing hardware INT=0x20
   349: v=20 e=0000 i=0 cpl=0 IP=0038:00000000beca28e6 pc=00000000beca28e6 SP=0030:00000000bfec1e50 env->regs[R_EAX]=000000000000622e
RAX=000000000000622e RBX=0000000000e55dfa RCX=000000000000b008 RDX=000000000000b008
RSI=000000000004baf0 RDI=0000000000000000 RBP=00000000be210000 RSP=00000000bfec1e50
R8 =0000000000e4fbcc R9 =00000000000003f6 R10=0000000000000000 R11=0000000000000000
R12=0000000000002710 R13=0000000000000000 R14=00000000be8a23d4 R15=0000000000000011
RIP=00000000beca28e6 RFL=00000206 [-----P-] CPL=0 II=0 A20=1 SMM=0 HLT=0
ES =0030 0000000000000000 ffffffff 00cf9300 DPL=0 DS   [-WA]
CS =0038 0000000000000000 ffffffff 00af9a00 DPL=0 CS64 [-R-]
SS =0030 0000000000000000 ffffffff 00cf9300 DPL=0 DS   [-WA]
DS =0030 0000000000000000 ffffffff 00cf9300 DPL=0 DS   [-WA]
FS =0030 0000000000000000 ffffffff 00cf9300 DPL=0 DS   [-WA]
GS =0030 0000000000000000 ffffffff 00cf9300 DPL=0 DS   [-WA]
LDT=0000 0000000000000000 0000ffff 00008200 DPL=0 LDT
TR =0000 0000000000000000 0000ffff 00008b00 DPL=0 TSS64-busy
GDT=     00000000bf9de000 00000047
IDT=     00000000bf4d2018 00000fff
CR0=80010033 CR2=0000000000000000 CR3=00000000bfc01000 CR4=00000668
DR0=0000000000000000 DR1=0000000000000000 DR2=0000000000000000 DR3=0000000000000000 
DR6=00000000ffff0ff0 DR7=0000000000000400
CCS=0000000000000004 CCD=000000000000622e CCO=EFLAGS
EFER=0000000000000d00
Servicing hardware INT=0x20
   350: v=20 e=0000 i=0 cpl=0 IP=0038:00000000beca28e6 pc=00000000beca28e6 SP=0030:00000000bfec1e00 env->regs[R_EAX]=00000000000073d1
RAX=00000000000073d1 RBX=0000000000e5fb5b RCX=000000000000b008 RDX=000000000000b008
RSI=000000000004baf0 RDI=0000000000000000 RBP=00000000be210000 RSP=00000000bfec1e00
R8 =0000000000e5878a R9 =00000000000003f6 R10=0000000000000000 R11=0000000000000000
R12=0000000000002710 R13=0000000000000000 R14=00000000be8a23d4 R15=0000000000000011
RIP=00000000beca28e6 RFL=00000206 [-----P-] CPL=0 II=0 A20=1 SMM=0 HLT=0
ES =0030 0000000000000000 ffffffff 00cf9300 DPL=0 DS   [-WA]
CS =0038 0000000000000000 ffffffff 00af9a00 DPL=0 CS64 [-R-]
SS =0030 0000000000000000 ffffffff 00cf9300 DPL=0 DS   [-WA]
DS =0030 0000000000000000 ffffffff 00cf9300 DPL=0 DS   [-WA]
FS =0030 0000000000000000 ffffffff 00cf9300 DPL=0 DS   [-WA]
GS =0030 0000000000000000 ffffffff 00cf9300 DPL=0 DS   [-WA]
LDT=0000 0000000000000000 0000ffff 00008200 DPL=0 LDT
TR =0000 0000000000000000 0000ffff 00008b00 DPL=0 TSS64-busy
GDT=     00000000bf9de000 00000047
IDT=     00000000bf4d2018 00000fff
CR0=80010033 CR2=0000000000000000 CR3=00000000bfc01000 CR4=00000668
DR0=0000000000000000 DR1=0000000000000000 DR2=0000000000000000 DR3=0000000000000000 
DR6=00000000ffff0ff0 DR7=0000000000000400
CCS=0000000000000004 CCD=00000000000073d1 CCO=EFLAGS
EFER=0000000000000d00
Servicing hardware INT=0x20
   351: v=20 e=0000 i=0 cpl=0 IP=0038:00000000beca28e6 pc=00000000beca28e6 SP=0030:00000000bfec1e50 env->regs[R_EAX]=00000000000088b6
RAX=00000000000088b6 RBX=0000000000e69bb4 RCX=000000000000b008 RDX=000000000000b008
RSI=000000000004baf0 RDI=0000000000000000 RBP=00000000be210000 RSP=00000000bfec1e50
R8 =0000000000e612fe R9 =00000000000003f6 R10=0000000000000000 R11=0000000000000000
R12=0000000000002710 R13=0000000000000000 R14=00000000be8a23d4 R15=0000000000000011
RIP=00000000beca28e6 RFL=00000202 [-------] CPL=0 II=0 A20=1 SMM=0 HLT=0
ES =0030 0000000000000000 ffffffff 00cf9300 DPL=0 DS   [-WA]
CS =0038 0000000000000000 ffffffff 00af9a00 DPL=0 CS64 [-R-]
SS =0030 0000000000000000 ffffffff 00cf9300 DPL=0 DS   [-WA]
DS =0030 0000000000000000 ffffffff 00cf9300 DPL=0 DS   [-WA]
FS =0030 0000000000000000 ffffffff 00cf9300 DPL=0 DS   [-WA]
GS =0030 0000000000000000 ffffffff 00cf9300 DPL=0 DS   [-WA]
LDT=0000 0000000000000000 0000ffff 00008200 DPL=0 LDT
TR =0000 0000000000000000 0000ffff 00008b00 DPL=0 TSS64-busy
GDT=     00000000bf9de000 00000047
IDT=     00000000bf4d2018 00000fff
CR0=80010033 CR2=0000000000000000 CR3=00000000bfc01000 CR4=00000668
DR0=0000000000000000 DR1=0000000000000000 DR2=0000000000000000 DR3=0000000000000000 
DR6=00000000ffff0ff0 DR7=0000000000000400
CCS=0000000000000000 CCD=00000000000088b6 CCO=EFLAGS
EFER=0000000000000d00
Servicing hardware INT=0x20
   352: v=20 e=0000 i=0 cpl=0 IP=0038:00000000bf0156ed pc=00000000bf0156ed SP=0030:00000000bfec1e40 env->regs[R_EAX]=0000000000000001
RAX=0000000000000001 RBX=0000000000000001 RCX=0000000000000001 RDX=0000000000000cf8
RSI=000000000000001c RDI=0000000000000001 RBP=00000000bfec207d RSP=00000000bfec1e40
R8 =0000000000000000 R9 =0000000000000cf8 R10=00000000000001ec R11=00000000000a0000
R12=0000000080000900 R13=0000000000000000 R14=00000000bf019f2b R15=00000000bf0193a0
RIP=00000000bf0156ed RFL=00000202 [-------] CPL=0 II=0 A20=1 SMM=0 HLT=0
ES =0030 0000000000000000 ffffffff 00cf9300 DPL=0 DS   [-WA]
CS =0038 0000000000000000 ffffffff 00af9a00 DPL=0 CS64 [-R-]
SS =0030 0000000000000000 ffffffff 00cf9300 DPL=0 DS   [-WA]
DS =0030 0000000000000000 ffffffff 00cf9300 DPL=0 DS   [-WA]
FS =0030 0000000000000000 ffffffff 00cf9300 DPL=0 DS   [-WA]
GS =0030 0000000000000000 ffffffff 00cf9300 DPL=0 DS   [-WA]
LDT=0000 0000000000000000 0000ffff 00008200 DPL=0 LDT
TR =0000 0000000000000000 0000ffff 00008b00 DPL=0 TSS64-busy
GDT=     00000000bf9de000 00000047
IDT=     00000000bf4d2018 00000fff
CR0=80010033 CR2=0000000000000000 CR3=00000000bfc01000 CR4=00000668
DR0=0000000000000000 DR1=0000000000000000 DR2=0000000000000000 DR3=0000000000000000 
DR6=00000000ffff0ff0 DR7=0000000000000400
CCS=0000000000000030 CCD=0000000000000001 CCO=LOGICB
EFER=0000000000000d00
Servicing hardware INT=0x20
   353: v=20 e=0000 i=0 cpl=0 IP=0038:00000000beca2896 pc=00000000beca2896 SP=0030:00000000bfec1f30 env->regs[R_EAX]=0000000000e72c28
RAX=0000000000e72c28 RBX=0000000000000000 RCX=000000000000b008 RDX=000000000000b008
RSI=000000000004baf0 RDI=0000000000000000 RBP=00000000be210000 RSP=00000000bfec1f30
R8 =0000000000e72b23 R9 =00000000000003f6 R10=0000000000000000 R11=0000000000000000
R12=000000000000b008 R13=0000000000000000 R14=00000000be8a23d4 R15=0000000000000011
RIP=00000000beca2896 RFL=00000293 [--S-A-C] CPL=0 II=0 A20=1 SMM=0 HLT=0
ES =0030 0000000000000000 ffffffff 00cf9300 DPL=0 DS   [-WA]
CS =0038 0000000000000000 ffffffff 00af9a00 DPL=0 CS64 [-R-]
SS =0030 0000000000000000 ffffffff 00cf9300 DPL=0 DS   [-WA]
DS =0030 0000000000000000 ffffffff 00cf9300 DPL=0 DS   [-WA]
FS =0030 0000000000000000 ffffffff 00cf9300 DPL=0 DS   [-WA]
GS =0030 0000000000000000 ffffffff 00cf9300 DPL=0 DS   [-WA]
LDT=0000 0000000000000000 0000ffff 00008200 DPL=0 LDT
TR =0000 0000000000000000 0000ffff 00008b00 DPL=0 TSS64-busy
GDT=     00000000bf9de000 00000047
IDT=     00000000bf4d2018 00000fff
CR0=80010033 CR2=0000000000000000 CR3=00000000bfc01000 CR4=00000668
DR0=0000000000000000 DR1=0000000000000000 DR2=0000000000000000 DR3=0000000000000000 
DR6=00000000ffff0ff0 DR7=0000000000000400
CCS=0000000000000091 CCD=fffffffffffffffe CCO=EFLAGS
EFER=0000000000000d00
Servicing hardware INT=0x20
   354: v=20 e=0000 i=0 cpl=0 IP=0038:00000000beca2896 pc=00000000beca2896 SP=0030:00000000bfec21e0 env->regs[R_EAX]=0000000000e7b78c
RAX=0000000000e7b78c RBX=0000000000000000 RCX=000000000000b008 RDX=000000000000b008
RSI=000000000004baf0 RDI=0000000000000000 RBP=00000000be210000 RSP=00000000bfec21e0
R8 =0000000000e7b6a2 R9 =00000000000003f6 R10=0000000000000000 R11=0000000000000000
R12=000000000000b008 R13=0000000000000000 R14=00000000be8a23d4 R15=0000000000000011
RIP=00000000beca2896 RFL=00000293 [--S-A-C] CPL=0 II=0 A20=1 SMM=0 HLT=0
ES =0030 0000000000000000 ffffffff 00cf9300 DPL=0 DS   [-WA]
CS =0038 0000000000000000 ffffffff 00af9a00 DPL=0 CS64 [-R-]
SS =0030 0000000000000000 ffffffff 00cf9300 DPL=0 DS   [-WA]
DS =0030 0000000000000000 ffffffff 00cf9300 DPL=0 DS   [-WA]
FS =0030 0000000000000000 ffffffff 00cf9300 DPL=0 DS   [-WA]
GS =0030 0000000000000000 ffffffff 00cf9300 DPL=0 DS   [-WA]
LDT=0000 0000000000000000 0000ffff 00008200 DPL=0 LDT
TR =0000 0000000000000000 0000ffff 00008b00 DPL=0 TSS64-busy
GDT=     00000000bf9de000 00000047
IDT=     00000000bf4d2018 00000fff
CR0=80010033 CR2=0000000000000000 CR3=00000000bfc01000 CR4=00000668
DR0=0000000000000000 DR1=0000000000000000 DR2=0000000000000000 DR3=0000000000000000 
DR6=00000000ffff0ff0 DR7=0000000000000400
CCS=0000000000000091 CCD=fffffffffffffffe CCO=EFLAGS
EFER=0000000000000d00
Servicing hardware INT=0x20
   355: v=20 e=0000 i=0 cpl=0 IP=0038:00000000beca28e6 pc=00000000beca28e6 SP=0030:00000000bfec2240 env->regs[R_EAX]=0000000000004e27
RAX=0000000000004e27 RBX=0000000000e89100 RCX=000000000000b008 RDX=000000000000b008
RSI=000000000004baf0 RDI=0000000000000000 RBP=00000000be210000 RSP=00000000bfec2240
R8 =0000000000e842d9 R9 =00000000000003f6 R10=0000000000000000 R11=0000000000000000
R12=0000000000002710 R13=0000000000000000 R14=00000000be8a23d4 R15=0000000000000011
RIP=00000000beca28e6 RFL=00000206 [-----P-] CPL=0 II=0 A20=1 SMM=0 HLT=0
ES =0030 0000000000000000 ffffffff 00cf9300 DPL=0 DS   [-WA]
CS =0038 0000000000000000 ffffffff 00af9a00 DPL=0 CS64 [-R-]
SS =0030 0000000000000000 ffffffff 00cf9300 DPL=0 DS   [-WA]
DS =0030 0000000000000000 ffffffff 00cf9300 DPL=0 DS   [-WA]
FS =0030 0000000000000000 ffffffff 00cf9300 DPL=0 DS   [-WA]
GS =0030 0000000000000000 ffffffff 00cf9300 DPL=0 DS   [-WA]
LDT=0000 0000000000000000 0000ffff 00008200 DPL=0 LDT
TR =0000 0000000000000000 0000ffff 00008b00 DPL=0 TSS64-busy
GDT=     00000000bf9de000 00000047
IDT=     00000000bf4d2018 00000fff
CR0=80010033 CR2=0000000000000000 CR3=00000000bfc01000 CR4=00000668
DR0=0000000000000000 DR1=0000000000000000 DR2=0000000000000000 DR3=0000000000000000 
DR6=00000000ffff0ff0 DR7=0000000000000400
CCS=0000000000000004 CCD=0000000000004e27 CCO=EFLAGS
EFER=0000000000000d00
Servicing hardware INT=0x20
   356: v=20 e=0000 i=0 cpl=0 IP=0038:00000000beca2896 pc=00000000beca2896 SP=0030:00000000bfec21e0 env->regs[R_EAX]=0000000000e8d010
RAX=0000000000e8d010 RBX=0000000000000000 RCX=000000000000b008 RDX=000000000000b008
RSI=000000000004baf0 RDI=0000000000000000 RBP=00000000be210000 RSP=00000000bfec21e0
R8 =0000000000e8ceff R9 =00000000000003f6 R10=0000000000000000 R11=0000000000000000
R12=000000000000b008 R13=0000000000000000 R14=00000000be8a23d4 R15=0000000000000011
RIP=00000000beca2896 RFL=00000293 [--S-A-C] CPL=0 II=0 A20=1 SMM=0 HLT=0
ES =0030 0000000000000000 ffffffff 00cf9300 DPL=0 DS   [-WA]
CS =0038 0000000000000000 ffffffff 00af9a00 DPL=0 CS64 [-R-]
SS =0030 0000000000000000 ffffffff 00cf9300 DPL=0 DS   [-WA]
DS =0030 0000000000000000 ffffffff 00cf9300 DPL=0 DS   [-WA]
FS =0030 0000000000000000 ffffffff 00cf9300 DPL=0 DS   [-WA]
GS =0030 0000000000000000 ffffffff 00cf9300 DPL=0 DS   [-WA]
LDT=0000 0000000000000000 0000ffff 00008200 DPL=0 LDT
TR =0000 0000000000000000 0000ffff 00008b00 DPL=0 TSS64-busy
GDT=     00000000bf9de000 00000047
IDT=     00000000bf4d2018 00000fff
CR0=80010033 CR2=0000000000000000 CR3=00000000bfc01000 CR4=00000668
DR0=0000000000000000 DR1=0000000000000000 DR2=0000000000000000 DR3=0000000000000000 
DR6=00000000ffff0ff0 DR7=0000000000000400
CCS=0000000000000091 CCD=fffffffffffffffe CCO=EFLAGS
EFER=0000000000000d00
Servicing hardware INT=0x20
   357: v=20 e=0000 i=0 cpl=0 IP=0038:00000000beca28e6 pc=00000000beca28e6 SP=0030:00000000bfec2240 env->regs[R_EAX]=0000000000006e00
RAX=0000000000006e00 RBX=0000000000e9c88c RCX=000000000000b008 RDX=000000000000b008
RSI=000000000004baf0 RDI=0000000000000000 RBP=00000000be210000 RSP=00000000bfec2240
R8 =0000000000e95a8c R9 =00000000000003f6 R10=0000000000000000 R11=0000000000000000
R12=0000000000002710 R13=0000000000000000 R14=00000000be8a23d4 R15=0000000000000011
RIP=00000000beca28e6 RFL=00000206 [-----P-] CPL=0 II=0 A20=1 SMM=0 HLT=0
ES =0030 0000000000000000 ffffffff 00cf9300 DPL=0 DS   [-WA]
CS =0038 0000000000000000 ffffffff 00af9a00 DPL=0 CS64 [-R-]
SS =0030 0000000000000000 ffffffff 00cf9300 DPL=0 DS   [-WA]
DS =0030 0000000000000000 ffffffff 00cf9300 DPL=0 DS   [-WA]
FS =0030 0000000000000000 ffffffff 00cf9300 DPL=0 DS   [-WA]
GS =0030 0000000000000000 ffffffff 00cf9300 DPL=0 DS   [-WA]
LDT=0000 0000000000000000 0000ffff 00008200 DPL=0 LDT
TR =0000 0000000000000000 0000ffff 00008b00 DPL=0 TSS64-busy
GDT=     00000000bf9de000 00000047
IDT=     00000000bf4d2018 00000fff
CR0=80010033 CR2=0000000000000000 CR3=00000000bfc01000 CR4=00000668
DR0=0000000000000000 DR1=0000000000000000 DR2=0000000000000000 DR3=0000000000000000 
DR6=00000000ffff0ff0 DR7=0000000000000400
CCS=0000000000000004 CCD=0000000000006e00 CCO=EFLAGS
EFER=0000000000000d00
Servicing hardware INT=0x20
   358: v=20 e=0000 i=0 cpl=0 IP=0038:00000000beca2896 pc=00000000beca2896 SP=0030:00000000bfec21e0 env->regs[R_EAX]=0000000000e9e71b
RAX=0000000000e9e71b RBX=0000000000000000 RCX=000000000000b008 RDX=000000000000b008
RSI=000000000004baf0 RDI=0000000000000000 RBP=00000000be210000 RSP=00000000bfec21e0
R8 =0000000000e9e62e R9 =00000000000003f6 R10=0000000000000000 R11=0000000000000000
R12=000000000000b008 R13=0000000000000000 R14=00000000be8a23d4 R15=0000000000000011
RIP=00000000beca2896 RFL=00000293 [--S-A-C] CPL=0 II=0 A20=1 SMM=0 HLT=0
ES =0030 0000000000000000 ffffffff 00cf9300 DPL=0 DS   [-WA]
CS =0038 0000000000000000 ffffffff 00af9a00 DPL=0 CS64 [-R-]
SS =0030 0000000000000000 ffffffff 00cf9300 DPL=0 DS   [-WA]
DS =0030 0000000000000000 ffffffff 00cf9300 DPL=0 DS   [-WA]
FS =0030 0000000000000000 ffffffff 00cf9300 DPL=0 DS   [-WA]
GS =0030 0000000000000000 ffffffff 00cf9300 DPL=0 DS   [-WA]
LDT=0000 0000000000000000 0000ffff 00008200 DPL=0 LDT
TR =0000 0000000000000000 0000ffff 00008b00 DPL=0 TSS64-busy
GDT=     00000000bf9de000 00000047
IDT=     00000000bf4d2018 00000fff
CR0=80010033 CR2=0000000000000000 CR3=00000000bfc01000 CR4=00000668
DR0=0000000000000000 DR1=0000000000000000 DR2=0000000000000000 DR3=0000000000000000 
DR6=00000000ffff0ff0 DR7=0000000000000400
CCS=0000000000000091 CCD=fffffffffffffffe CCO=EFLAGS
EFER=0000000000000d00
Servicing hardware INT=0x20
   359: v=20 e=0000 i=0 cpl=0 IP=0038:00000000beca2896 pc=00000000beca2896 SP=0030:00000000bfec21e0 env->regs[R_EAX]=0000000000ea747a
RAX=0000000000ea747a RBX=0000000000000000 RCX=000000000000b008 RDX=000000000000b008
RSI=000000000004baf1 RDI=0000000000000000 RBP=00000000be210000 RSP=00000000bfec21e0
R8 =0000000000ea733c R9 =000000000000c082 R10=0000000000000000 R11=0000000000000000
R12=000000000000b008 R13=0000000000000000 R14=00000000be8a23d4 R15=0000000000000011
RIP=00000000beca2896 RFL=00000293 [--S-A-C] CPL=0 II=0 A20=1 SMM=0 HLT=0
ES =0030 0000000000000000 ffffffff 00cf9300 DPL=0 DS   [-WA]
CS =0038 0000000000000000 ffffffff 00af9a00 DPL=0 CS64 [-R-]
SS =0030 0000000000000000 ffffffff 00cf9300 DPL=0 DS   [-WA]
DS =0030 0000000000000000 ffffffff 00cf9300 DPL=0 DS   [-WA]
FS =0030 0000000000000000 ffffffff 00cf9300 DPL=0 DS   [-WA]
GS =0030 0000000000000000 ffffffff 00cf9300 DPL=0 DS   [-WA]
LDT=0000 0000000000000000 0000ffff 00008200 DPL=0 LDT
TR =0000 0000000000000000 0000ffff 00008b00 DPL=0 TSS64-busy
GDT=     00000000bf9de000 00000047
IDT=     00000000bf4d2018 00000fff
CR0=80010033 CR2=0000000000000000 CR3=00000000bfc01000 CR4=00000668
DR0=0000000000000000 DR1=0000000000000000 DR2=0000000000000000 DR3=0000000000000000 
DR6=00000000ffff0ff0 DR7=0000000000000400
CCS=0000000000000091 CCD=fffffffffffffffe CCO=EFLAGS
EFER=0000000000000d00
Servicing hardware INT=0x20
   360: v=20 e=0000 i=0 cpl=0 IP=0038:00000000beca2896 pc=00000000beca2896 SP=0030:00000000bfec21e0 env->regs[R_EAX]=0000000000eaff16
RAX=0000000000eaff16 RBX=0000000000000000 RCX=000000000000b008 RDX=000000000000b008
RSI=000000000004baf0 RDI=0000000000000000 RBP=00000000be210000 RSP=00000000bfec21e0
R8 =0000000000eafdf2 R9 =00000000000003f6 R10=0000000000000000 R11=0000000000000000
R12=000000000000b008 R13=0000000000000000 R14=00000000be8a23d4 R15=0000000000000011
RIP=00000000beca2896 RFL=00000293 [--S-A-C] CPL=0 II=0 A20=1 SMM=0 HLT=0
ES =0030 0000000000000000 ffffffff 00cf9300 DPL=0 DS   [-WA]
CS =0038 0000000000000000 ffffffff 00af9a00 DPL=0 CS64 [-R-]
SS =0030 0000000000000000 ffffffff 00cf9300 DPL=0 DS   [-WA]
DS =0030 0000000000000000 ffffffff 00cf9300 DPL=0 DS   [-WA]
FS =0030 0000000000000000 ffffffff 00cf9300 DPL=0 DS   [-WA]
GS =0030 0000000000000000 ffffffff 00cf9300 DPL=0 DS   [-WA]
LDT=0000 0000000000000000 0000ffff 00008200 DPL=0 LDT
TR =0000 0000000000000000 0000ffff 00008b00 DPL=0 TSS64-busy
GDT=     00000000bf9de000 00000047
IDT=     00000000bf4d2018 00000fff
CR0=80010033 CR2=0000000000000000 CR3=00000000bfc01000 CR4=00000668
DR0=0000000000000000 DR1=0000000000000000 DR2=0000000000000000 DR3=0000000000000000 
DR6=00000000ffff0ff0 DR7=0000000000000400
CCS=0000000000000091 CCD=fffffffffffffffe CCO=EFLAGS
EFER=0000000000000d00
Servicing hardware INT=0x20
   361: v=20 e=0000 i=0 cpl=0 IP=0038:00000000beca2896 pc=00000000beca2896 SP=0030:00000000bfec21e0 env->regs[R_EAX]=0000000000eb8c79
RAX=0000000000eb8c79 RBX=0000000000000000 RCX=000000000000b008 RDX=000000000000b008
RSI=000000000004baf1 RDI=0000000000000000 RBP=00000000be210000 RSP=00000000bfec21e0
R8 =0000000000eb8a44 R9 =00000000000003f6 R10=0000000000000000 R11=0000000000000000
R12=000000000000b008 R13=0000000000000000 R14=00000000be8a23d4 R15=0000000000000011
RIP=00000000beca2896 RFL=00000293 [--S-A-C] CPL=0 II=0 A20=1 SMM=0 HLT=0
ES =0030 0000000000000000 ffffffff 00cf9300 DPL=0 DS   [-WA]
CS =0038 0000000000000000 ffffffff 00af9a00 DPL=0 CS64 [-R-]
SS =0030 0000000000000000 ffffffff 00cf9300 DPL=0 DS   [-WA]
DS =0030 0000000000000000 ffffffff 00cf9300 DPL=0 DS   [-WA]
FS =0030 0000000000000000 ffffffff 00cf9300 DPL=0 DS   [-WA]
GS =0030 0000000000000000 ffffffff 00cf9300 DPL=0 DS   [-WA]
LDT=0000 0000000000000000 0000ffff 00008200 DPL=0 LDT
TR =0000 0000000000000000 0000ffff 00008b00 DPL=0 TSS64-busy
GDT=     00000000bf9de000 00000047
IDT=     00000000bf4d2018 00000fff
CR0=80010033 CR2=0000000000000000 CR3=00000000bfc01000 CR4=00000668
DR0=0000000000000000 DR1=0000000000000000 DR2=0000000000000000 DR3=0000000000000000 
DR6=00000000ffff0ff0 DR7=0000000000000400
CCS=0000000000000091 CCD=fffffffffffffffe CCO=EFLAGS
EFER=0000000000000d00
Servicing hardware INT=0x20
   362: v=20 e=0000 i=0 cpl=0 IP=0038:00000000beca28e6 pc=00000000beca28e6 SP=0030:00000000bfec2240 env->regs[R_EAX]=000000000000281b
RAX=000000000000281b RBX=0000000000ec3ecd RCX=000000000000b008 RDX=000000000000b008
RSI=000000000004baf0 RDI=0000000000000000 RBP=00000000be210000 RSP=00000000bfec2240
R8 =0000000000ec16b2 R9 =00000000000003f6 R10=0000000000000000 R11=0000000000000000
R12=0000000000002710 R13=0000000000000000 R14=00000000be8a23d4 R15=0000000000000011
RIP=00000000beca28e6 RFL=00000206 [-----P-] CPL=0 II=0 A20=1 SMM=0 HLT=0
ES =0030 0000000000000000 ffffffff 00cf9300 DPL=0 DS   [-WA]
CS =0038 0000000000000000 ffffffff 00af9a00 DPL=0 CS64 [-R-]
SS =0030 0000000000000000 ffffffff 00cf9300 DPL=0 DS   [-WA]
DS =0030 0000000000000000 ffffffff 00cf9300 DPL=0 DS   [-WA]
FS =0030 0000000000000000 ffffffff 00cf9300 DPL=0 DS   [-WA]
GS =0030 0000000000000000 ffffffff 00cf9300 DPL=0 DS   [-WA]
LDT=0000 0000000000000000 0000ffff 00008200 DPL=0 LDT
TR =0000 0000000000000000 0000ffff 00008b00 DPL=0 TSS64-busy
GDT=     00000000bf9de000 00000047
IDT=     00000000bf4d2018 00000fff
CR0=80010033 CR2=0000000000000000 CR3=00000000bfc01000 CR4=00000668
DR0=0000000000000000 DR1=0000000000000000 DR2=0000000000000000 DR3=0000000000000000 
DR6=00000000ffff0ff0 DR7=0000000000000400
CCS=0000000000000004 CCD=000000000000281b CCO=EFLAGS
EFER=0000000000000d00
Servicing hardware INT=0x20
   363: v=20 e=0000 i=0 cpl=0 IP=0038:00000000beca28e6 pc=00000000beca28e6 SP=0030:00000000bfec2240 env->regs[R_EAX]=00000000000039dd
RAX=00000000000039dd RBX=0000000000ecda87 RCX=000000000000b008 RDX=000000000000b008
RSI=000000000004baf0 RDI=0000000000000000 RBP=00000000be210000 RSP=00000000bfec2240
R8 =0000000000eca0aa R9 =00000000000003f6 R10=0000000000000000 R11=0000000000000000
R12=0000000000002710 R13=0000000000000000 R14=00000000be8a23d4 R15=0000000000000011
RIP=00000000beca28e6 RFL=00000206 [-----P-] CPL=0 II=0 A20=1 SMM=0 HLT=0
ES =0030 0000000000000000 ffffffff 00cf9300 DPL=0 DS   [-WA]
CS =0038 0000000000000000 ffffffff 00af9a00 DPL=0 CS64 [-R-]
SS =0030 0000000000000000 ffffffff 00cf9300 DPL=0 DS   [-WA]
DS =0030 0000000000000000 ffffffff 00cf9300 DPL=0 DS   [-WA]
FS =0030 0000000000000000 ffffffff 00cf9300 DPL=0 DS   [-WA]
GS =0030 0000000000000000 ffffffff 00cf9300 DPL=0 DS   [-WA]
LDT=0000 0000000000000000 0000ffff 00008200 DPL=0 LDT
TR =0000 0000000000000000 0000ffff 00008b00 DPL=0 TSS64-busy
GDT=     00000000bf9de000 00000047
IDT=     00000000bf4d2018 00000fff
CR0=80010033 CR2=0000000000000000 CR3=00000000bfc01000 CR4=00000668
DR0=0000000000000000 DR1=0000000000000000 DR2=0000000000000000 DR3=0000000000000000 
DR6=00000000ffff0ff0 DR7=0000000000000400
CCS=0000000000000004 CCD=00000000000039dd CCO=EFLAGS
EFER=0000000000000d00
Servicing hardware INT=0x20
   364: v=20 e=0000 i=0 cpl=0 IP=0038:00000000beca28e6 pc=00000000beca28e6 SP=0030:00000000bfec2240 env->regs[R_EAX]=00000000000049ab
RAX=00000000000049ab RBX=0000000000ed76e5 RCX=000000000000b008 RDX=000000000000b008
RSI=000000000004baf0 RDI=0000000000000000 RBP=00000000be210000 RSP=00000000bfec2240
R8 =0000000000ed2d3a R9 =00000000000003f6 R10=0000000000000000 R11=0000000000000000
R12=0000000000002710 R13=0000000000000000 R14=00000000be8a23d4 R15=0000000000000011
RIP=00000000beca28e6 RFL=00000202 [-------] CPL=0 II=0 A20=1 SMM=0 HLT=0
ES =0030 0000000000000000 ffffffff 00cf9300 DPL=0 DS   [-WA]
CS =0038 0000000000000000 ffffffff 00af9a00 DPL=0 CS64 [-R-]
SS =0030 0000000000000000 ffffffff 00cf9300 DPL=0 DS   [-WA]
DS =0030 0000000000000000 ffffffff 00cf9300 DPL=0 DS   [-WA]
FS =0030 0000000000000000 ffffffff 00cf9300 DPL=0 DS   [-WA]
GS =0030 0000000000000000 ffffffff 00cf9300 DPL=0 DS   [-WA]
LDT=0000 0000000000000000 0000ffff 00008200 DPL=0 LDT
TR =0000 0000000000000000 0000ffff 00008b00 DPL=0 TSS64-busy
GDT=     00000000bf9de000 00000047
IDT=     00000000bf4d2018 00000fff
CR0=80010033 CR2=0000000000000000 CR3=00000000bfc01000 CR4=00000668
DR0=0000000000000000 DR1=0000000000000000 DR2=0000000000000000 DR3=0000000000000000 
DR6=00000000ffff0ff0 DR7=0000000000000400
CCS=0000000000000000 CCD=00000000000049ab CCO=EFLAGS
EFER=0000000000000d00
Servicing hardware INT=0x20
   365: v=20 e=0000 i=0 cpl=0 IP=0038:00000000beca2896 pc=00000000beca2896 SP=0030:00000000bfec21e0 env->regs[R_EAX]=0000000000edba10
RAX=0000000000edba10 RBX=0000000000000000 RCX=000000000000b008 RDX=000000000000b008
RSI=000000000004baef RDI=0000000000000000 RBP=00000000be210000 RSP=00000000bfec21e0
R8 =0000000000edb907 R9 =00000000000003f6 R10=0000000000000000 R11=0000000000000000
R12=000000000000b008 R13=0000000000000000 R14=00000000be8a23d4 R15=0000000000000011
RIP=00000000beca2896 RFL=00000293 [--S-A-C] CPL=0 II=0 A20=1 SMM=0 HLT=0
ES =0030 0000000000000000 ffffffff 00cf9300 DPL=0 DS   [-WA]
CS =0038 0000000000000000 ffffffff 00af9a00 DPL=0 CS64 [-R-]
SS =0030 0000000000000000 ffffffff 00cf9300 DPL=0 DS   [-WA]
DS =0030 0000000000000000 ffffffff 00cf9300 DPL=0 DS   [-WA]
FS =0030 0000000000000000 ffffffff 00cf9300 DPL=0 DS   [-WA]
GS =0030 0000000000000000 ffffffff 00cf9300 DPL=0 DS   [-WA]
LDT=0000 0000000000000000 0000ffff 00008200 DPL=0 LDT
TR =0000 0000000000000000 0000ffff 00008b00 DPL=0 TSS64-busy
GDT=     00000000bf9de000 00000047
IDT=     00000000bf4d2018 00000fff
CR0=80010033 CR2=0000000000000000 CR3=00000000bfc01000 CR4=00000668
DR0=0000000000000000 DR1=0000000000000000 DR2=0000000000000000 DR3=0000000000000000 
DR6=00000000ffff0ff0 DR7=0000000000000400
CCS=0000000000000091 CCD=fffffffffffffffe CCO=EFLAGS
EFER=0000000000000d00
Servicing hardware INT=0x20
   366: v=20 e=0000 i=0 cpl=0 IP=0038:00000000beca28e6 pc=00000000beca28e6 SP=0030:00000000bfec2240 env->regs[R_EAX]=0000000000006d31
RAX=0000000000006d31 RBX=0000000000eeb1fb RCX=000000000000b008 RDX=000000000000b008
RSI=000000000004baf0 RDI=0000000000000000 RBP=00000000be210000 RSP=00000000bfec2240
R8 =0000000000ee44ca R9 =00000000000003f6 R10=0000000000000000 R11=0000000000000000
R12=0000000000002710 R13=0000000000000000 R14=00000000be8a23d4 R15=0000000000000011
RIP=00000000beca28e6 RFL=00000202 [-------] CPL=0 II=0 A20=1 SMM=0 HLT=0
ES =0030 0000000000000000 ffffffff 00cf9300 DPL=0 DS   [-WA]
CS =0038 0000000000000000 ffffffff 00af9a00 DPL=0 CS64 [-R-]
SS =0030 0000000000000000 ffffffff 00cf9300 DPL=0 DS   [-WA]
DS =0030 0000000000000000 ffffffff 00cf9300 DPL=0 DS   [-WA]
FS =0030 0000000000000000 ffffffff 00cf9300 DPL=0 DS   [-WA]
GS =0030 0000000000000000 ffffffff 00cf9300 DPL=0 DS   [-WA]
LDT=0000 0000000000000000 0000ffff 00008200 DPL=0 LDT
TR =0000 0000000000000000 0000ffff 00008b00 DPL=0 TSS64-busy
GDT=     00000000bf9de000 00000047
IDT=     00000000bf4d2018 00000fff
CR0=80010033 CR2=0000000000000000 CR3=00000000bfc01000 CR4=00000668
DR0=0000000000000000 DR1=0000000000000000 DR2=0000000000000000 DR3=0000000000000000 
DR6=00000000ffff0ff0 DR7=0000000000000400
CCS=0000000000000000 CCD=0000000000006d31 CCO=EFLAGS
EFER=0000000000000d00
Servicing hardware INT=0x20
   367: v=20 e=0000 i=0 cpl=0 IP=0038:00000000beca2896 pc=00000000beca2896 SP=0030:00000000bfec21e0 env->regs[R_EAX]=0000000000eed1a8
RAX=0000000000eed1a8 RBX=0000000000000000 RCX=000000000000b008 RDX=000000000000b008
RSI=000000000004baf0 RDI=0000000000000000 RBP=00000000be210000 RSP=00000000bfec21e0
R8 =0000000000eed0a3 R9 =00000000000003f6 R10=0000000000000000 R11=0000000000000000
R12=000000000000b008 R13=0000000000000000 R14=00000000be8a23d4 R15=0000000000000011
RIP=00000000beca2896 RFL=00000293 [--S-A-C] CPL=0 II=0 A20=1 SMM=0 HLT=0
ES =0030 0000000000000000 ffffffff 00cf9300 DPL=0 DS   [-WA]
CS =0038 0000000000000000 ffffffff 00af9a00 DPL=0 CS64 [-R-]
SS =0030 0000000000000000 ffffffff 00cf9300 DPL=0 DS   [-WA]
DS =0030 0000000000000000 ffffffff 00cf9300 DPL=0 DS   [-WA]
FS =0030 0000000000000000 ffffffff 00cf9300 DPL=0 DS   [-WA]
GS =0030 0000000000000000 ffffffff 00cf9300 DPL=0 DS   [-WA]
LDT=0000 0000000000000000 0000ffff 00008200 DPL=0 LDT
TR =0000 0000000000000000 0000ffff 00008b00 DPL=0 TSS64-busy
GDT=     00000000bf9de000 00000047
IDT=     00000000bf4d2018 00000fff
CR0=80010033 CR2=0000000000000000 CR3=00000000bfc01000 CR4=00000668
DR0=0000000000000000 DR1=0000000000000000 DR2=0000000000000000 DR3=0000000000000000 
DR6=00000000ffff0ff0 DR7=0000000000000400
CCS=0000000000000091 CCD=fffffffffffffffe CCO=EFLAGS
EFER=0000000000000d00
Servicing hardware INT=0x20
   368: v=20 e=0000 i=0 cpl=0 IP=0038:00000000beca2896 pc=00000000beca2896 SP=0030:00000000bfec21e0 env->regs[R_EAX]=0000000000ef5d04
RAX=0000000000ef5d04 RBX=0000000000000000 RCX=000000000000b008 RDX=000000000000b008
RSI=000000000004baf1 RDI=0000000000000000 RBP=00000000be210000 RSP=00000000bfec21e0
R8 =0000000000ef5be0 R9 =000000000000c082 R10=0000000000000000 R11=0000000000000000
R12=000000000000b008 R13=0000000000000000 R14=00000000be8a23d4 R15=0000000000000011
RIP=00000000beca2896 RFL=00000293 [--S-A-C] CPL=0 II=0 A20=1 SMM=0 HLT=0
ES =0030 0000000000000000 ffffffff 00cf9300 DPL=0 DS   [-WA]
CS =0038 0000000000000000 ffffffff 00af9a00 DPL=0 CS64 [-R-]
SS =0030 0000000000000000 ffffffff 00cf9300 DPL=0 DS   [-WA]
DS =0030 0000000000000000 ffffffff 00cf9300 DPL=0 DS   [-WA]
FS =0030 0000000000000000 ffffffff 00cf9300 DPL=0 DS   [-WA]
GS =0030 0000000000000000 ffffffff 00cf9300 DPL=0 DS   [-WA]
LDT=0000 0000000000000000 0000ffff 00008200 DPL=0 LDT
TR =0000 0000000000000000 0000ffff 00008b00 DPL=0 TSS64-busy
GDT=     00000000bf9de000 00000047
IDT=     00000000bf4d2018 00000fff
CR0=80010033 CR2=0000000000000000 CR3=00000000bfc01000 CR4=00000668
DR0=0000000000000000 DR1=0000000000000000 DR2=0000000000000000 DR3=0000000000000000 
DR6=00000000ffff0ff0 DR7=0000000000000400
CCS=0000000000000091 CCD=fffffffffffffffe CCO=EFLAGS
EFER=0000000000000d00
Servicing hardware INT=0x20
   369: v=20 e=0000 i=0 cpl=0 IP=0038:00000000beca2896 pc=00000000beca2896 SP=0030:00000000bfec21e0 env->regs[R_EAX]=0000000000efe951
RAX=0000000000efe951 RBX=0000000000000000 RCX=000000000000b008 RDX=000000000000b008
RSI=000000000004baf0 RDI=0000000000000000 RBP=00000000be210000 RSP=00000000bfec21e0
R8 =0000000000efe823 R9 =00000000000003f6 R10=0000000000000000 R11=0000000000000000
R12=000000000000b008 R13=0000000000000000 R14=00000000be8a23d4 R15=0000000000000011
RIP=00000000beca2896 RFL=00000293 [--S-A-C] CPL=0 II=0 A20=1 SMM=0 HLT=0
ES =0030 0000000000000000 ffffffff 00cf9300 DPL=0 DS   [-WA]
CS =0038 0000000000000000 ffffffff 00af9a00 DPL=0 CS64 [-R-]
SS =0030 0000000000000000 ffffffff 00cf9300 DPL=0 DS   [-WA]
DS =0030 0000000000000000 ffffffff 00cf9300 DPL=0 DS   [-WA]
FS =0030 0000000000000000 ffffffff 00cf9300 DPL=0 DS   [-WA]
GS =0030 0000000000000000 ffffffff 00cf9300 DPL=0 DS   [-WA]
LDT=0000 0000000000000000 0000ffff 00008200 DPL=0 LDT
TR =0000 0000000000000000 0000ffff 00008b00 DPL=0 TSS64-busy
GDT=     00000000bf9de000 00000047
IDT=     00000000bf4d2018 00000fff
CR0=80010033 CR2=0000000000000000 CR3=00000000bfc01000 CR4=00000668
DR0=0000000000000000 DR1=0000000000000000 DR2=0000000000000000 DR3=0000000000000000 
DR6=00000000ffff0ff0 DR7=0000000000000400
CCS=0000000000000091 CCD=fffffffffffffffe CCO=EFLAGS
EFER=0000000000000d00
Servicing hardware INT=0x20
   370: v=20 e=0000 i=0 cpl=0 IP=0038:00000000beca28e6 pc=00000000beca28e6 SP=0030:00000000bfec2240 env->regs[R_EAX]=00000000000012f9
RAX=00000000000012f9 RBX=0000000000f0873e RCX=000000000000b008 RDX=000000000000b008
RSI=000000000004baf0 RDI=0000000000000000 RBP=00000000be210000 RSP=00000000bfec2240
R8 =0000000000f07445 R9 =00000000000003f6 R10=0000000000000000 R11=0000000000000000
R12=0000000000002710 R13=0000000000000000 R14=00000000be8a23d4 R15=0000000000000011
RIP=00000000beca28e6 RFL=00000206 [-----P-] CPL=0 II=0 A20=1 SMM=0 HLT=0
ES =0030 0000000000000000 ffffffff 00cf9300 DPL=0 DS   [-WA]
CS =0038 0000000000000000 ffffffff 00af9a00 DPL=0 CS64 [-R-]
SS =0030 0000000000000000 ffffffff 00cf9300 DPL=0 DS   [-WA]
DS =0030 0000000000000000 ffffffff 00cf9300 DPL=0 DS   [-WA]
FS =0030 0000000000000000 ffffffff 00cf9300 DPL=0 DS   [-WA]
GS =0030 0000000000000000 ffffffff 00cf9300 DPL=0 DS   [-WA]
LDT=0000 0000000000000000 0000ffff 00008200 DPL=0 LDT
TR =0000 0000000000000000 0000ffff 00008b00 DPL=0 TSS64-busy
GDT=     00000000bf9de000 00000047
IDT=     00000000bf4d2018 00000fff
CR0=80010033 CR2=0000000000000000 CR3=00000000bfc01000 CR4=00000668
DR0=0000000000000000 DR1=0000000000000000 DR2=0000000000000000 DR3=0000000000000000 
DR6=00000000ffff0ff0 DR7=0000000000000400
CCS=0000000000000004 CCD=00000000000012f9 CCO=EFLAGS
EFER=0000000000000d00
Servicing hardware INT=0x20
   371: v=20 e=0000 i=0 cpl=0 IP=0038:00000000beca2896 pc=00000000beca2896 SP=0030:00000000bfec21e0 env->regs[R_EAX]=0000000000f100ff
RAX=0000000000f100ff RBX=0000000000000000 RCX=000000000000b008 RDX=000000000000b008
RSI=000000000004baf0 RDI=0000000000000000 RBP=00000000be210000 RSP=00000000bfec21e0
R8 =0000000000f0ffdb R9 =00000000000003f6 R10=0000000000000000 R11=0000000000000000
R12=000000000000b008 R13=0000000000000000 R14=00000000be8a23d4 R15=0000000000000011
RIP=00000000beca2896 RFL=00000293 [--S-A-C] CPL=0 II=0 A20=1 SMM=0 HLT=0
ES =0030 0000000000000000 ffffffff 00cf9300 DPL=0 DS   [-WA]
CS =0038 0000000000000000 ffffffff 00af9a00 DPL=0 CS64 [-R-]
SS =0030 0000000000000000 ffffffff 00cf9300 DPL=0 DS   [-WA]
DS =0030 0000000000000000 ffffffff 00cf9300 DPL=0 DS   [-WA]
FS =0030 0000000000000000 ffffffff 00cf9300 DPL=0 DS   [-WA]
GS =0030 0000000000000000 ffffffff 00cf9300 DPL=0 DS   [-WA]
LDT=0000 0000000000000000 0000ffff 00008200 DPL=0 LDT
TR =0000 0000000000000000 0000ffff 00008b00 DPL=0 TSS64-busy
GDT=     00000000bf9de000 00000047
IDT=     00000000bf4d2018 00000fff
CR0=80010033 CR2=0000000000000000 CR3=00000000bfc01000 CR4=00000668
DR0=0000000000000000 DR1=0000000000000000 DR2=0000000000000000 DR3=0000000000000000 
DR6=00000000ffff0ff0 DR7=0000000000000400
CCS=0000000000000091 CCD=fffffffffffffffe CCO=EFLAGS
EFER=0000000000000d00
Servicing hardware INT=0x20
   372: v=20 e=0000 i=0 cpl=0 IP=0038:00000000beca2896 pc=00000000beca2896 SP=0030:00000000bfec21e0 env->regs[R_EAX]=0000000000f18c43
RAX=0000000000f18c43 RBX=0000000000000000 RCX=000000000000b008 RDX=000000000000b008
RSI=000000000004baf0 RDI=0000000000000000 RBP=00000000be210000 RSP=00000000bfec21e0
R8 =0000000000f18b56 R9 =00000000000003f6 R10=0000000000000000 R11=0000000000000000
R12=000000000000b008 R13=0000000000000000 R14=00000000be8a23d4 R15=0000000000000011
RIP=00000000beca2896 RFL=00000293 [--S-A-C] CPL=0 II=0 A20=1 SMM=0 HLT=0
ES =0030 0000000000000000 ffffffff 00cf9300 DPL=0 DS   [-WA]
CS =0038 0000000000000000 ffffffff 00af9a00 DPL=0 CS64 [-R-]
SS =0030 0000000000000000 ffffffff 00cf9300 DPL=0 DS   [-WA]
DS =0030 0000000000000000 ffffffff 00cf9300 DPL=0 DS   [-WA]
FS =0030 0000000000000000 ffffffff 00cf9300 DPL=0 DS   [-WA]
GS =0030 0000000000000000 ffffffff 00cf9300 DPL=0 DS   [-WA]
LDT=0000 0000000000000000 0000ffff 00008200 DPL=0 LDT
TR =0000 0000000000000000 0000ffff 00008b00 DPL=0 TSS64-busy
GDT=     00000000bf9de000 00000047
IDT=     00000000bf4d2018 00000fff
CR0=80010033 CR2=0000000000000000 CR3=00000000bfc01000 CR4=00000668
DR0=0000000000000000 DR1=0000000000000000 DR2=0000000000000000 DR3=0000000000000000 
DR6=00000000ffff0ff0 DR7=0000000000000400
CCS=0000000000000091 CCD=fffffffffffffffe CCO=EFLAGS
EFER=0000000000000d00
Servicing hardware INT=0x20
   373: v=20 e=0000 i=0 cpl=0 IP=0038:00000000be258040 pc=00000000be258040 SP=0030:00000000bfec16d0 env->regs[R_EAX]=0000000000000000
RAX=0000000000000000 RBX=00000000005ef000 RCX=00000000004b0001 RDX=00000000005ef000
RSI=0000000000000000 RDI=00000000b9c6dfff RBP=00000000bfec1720 RSP=00000000bfec16d0
R8 =00000000000000a7 R9 =0000000000000002 R10=00000000000001f2 R11=00000000000a0000
R12=00000000bfec16e8 R13=00000000ffffffff R14=00000000be2a4018 R15=00000000b9b2f000
RIP=00000000be258040 RFL=00010246 [---Z-P-] CPL=0 II=0 A20=1 SMM=0 HLT=0
ES =0030 0000000000000000 ffffffff 00cf9300 DPL=0 DS   [-WA]
CS =0038 0000000000000000 ffffffff 00af9a00 DPL=0 CS64 [-R-]
SS =0030 0000000000000000 ffffffff 00cf9300 DPL=0 DS   [-WA]
DS =0030 0000000000000000 ffffffff 00cf9300 DPL=0 DS   [-WA]
FS =0030 0000000000000000 ffffffff 00cf9300 DPL=0 DS   [-WA]
GS =0030 0000000000000000 ffffffff 00cf9300 DPL=0 DS   [-WA]
LDT=0000 0000000000000000 0000ffff 00008200 DPL=0 LDT
TR =0000 0000000000000000 0000ffff 00008b00 DPL=0 TSS64-busy
GDT=     00000000bf9de000 00000047
IDT=     00000000bf4d2018 00000fff
CR0=80010033 CR2=0000000000000000 CR3=00000000bfc01000 CR4=00000668
DR0=0000000000000000 DR1=0000000000000000 DR2=0000000000000000 DR3=0000000000000000 
DR6=00000000ffff0ff0 DR7=0000000000000400
CCS=0000000000000044 CCD=00000000bfec16a8 CCO=EFLAGS
EFER=0000000000000d00
Servicing hardware INT=0x20
   374: v=20 e=0000 i=0 cpl=0 IP=0038:00000000be258040 pc=00000000be258040 SP=0030:00000000bfec16d0 env->regs[R_EAX]=0000000000000000
RAX=0000000000000000 RBX=00000000005ef000 RCX=0000000000030001 RDX=00000000005ef000
RSI=0000000000000000 RDI=00000000ba0edfff RBP=00000000bfec1720 RSP=00000000bfec16d0
R8 =00000000000000a7 R9 =0000000000000002 R10=00000000000001f2 R11=00000000000a0000
R12=00000000bfec16e8 R13=00000000ffffffff R14=00000000be2a4018 R15=00000000b9b2f000
RIP=00000000be258040 RFL=00010246 [---Z-P-] CPL=0 II=0 A20=1 SMM=0 HLT=0
ES =0030 0000000000000000 ffffffff 00cf9300 DPL=0 DS   [-WA]
CS =0038 0000000000000000 ffffffff 00af9a00 DPL=0 CS64 [-R-]
SS =0030 0000000000000000 ffffffff 00cf9300 DPL=0 DS   [-WA]
DS =0030 0000000000000000 ffffffff 00cf9300 DPL=0 DS   [-WA]
FS =0030 0000000000000000 ffffffff 00cf9300 DPL=0 DS   [-WA]
GS =0030 0000000000000000 ffffffff 00cf9300 DPL=0 DS   [-WA]
LDT=0000 0000000000000000 0000ffff 00008200 DPL=0 LDT
TR =0000 0000000000000000 0000ffff 00008b00 DPL=0 TSS64-busy
GDT=     00000000bf9de000 00000047
IDT=     00000000bf4d2018 00000fff
CR0=80010033 CR2=0000000000000000 CR3=00000000bfc01000 CR4=00000668
DR0=0000000000000000 DR1=0000000000000000 DR2=0000000000000000 DR3=0000000000000000 
DR6=00000000ffff0ff0 DR7=0000000000000400
CCS=0000000000000044 CCD=0000000000000000 CCO=EFLAGS
EFER=0000000000000d00
Servicing hardware INT=0x20
   375: v=20 e=0000 i=0 cpl=0 IP=0038:00000000be258040 pc=00000000be258040 SP=0030:00000000bfec16d0 env->regs[R_EAX]=0000000000000000
RAX=0000000000000000 RBX=00000000005ef000 RCX=0000000000290001 RDX=00000000005ef000
RSI=0000000000000000 RDI=00000000b989efff RBP=00000000bfec1720 RSP=00000000bfec16d0
R8 =00000000000000a7 R9 =0000000000000002 R10=00000000000001f2 R11=fffffffffffffffd
R12=00000000bfec16e8 R13=00000000ffffffff R14=00000000be2a4018 R15=00000000b9540000
RIP=00000000be258040 RFL=00010246 [---Z-P-] CPL=0 II=0 A20=1 SMM=0 HLT=0
ES =0030 0000000000000000 ffffffff 00cf9300 DPL=0 DS   [-WA]
CS =0038 0000000000000000 ffffffff 00af9a00 DPL=0 CS64 [-R-]
SS =0030 0000000000000000 ffffffff 00cf9300 DPL=0 DS   [-WA]
DS =0030 0000000000000000 ffffffff 00cf9300 DPL=0 DS   [-WA]
FS =0030 0000000000000000 ffffffff 00cf9300 DPL=0 DS   [-WA]
GS =0030 0000000000000000 ffffffff 00cf9300 DPL=0 DS   [-WA]
LDT=0000 0000000000000000 0000ffff 00008200 DPL=0 LDT
TR =0000 0000000000000000 0000ffff 00008b00 DPL=0 TSS64-busy
GDT=     00000000bf9de000 00000047
IDT=     00000000bf4d2018 00000fff
CR0=80010033 CR2=0000000000000000 CR3=00000000bfc01000 CR4=00000668
DR0=0000000000000000 DR1=0000000000000000 DR2=0000000000000000 DR3=0000000000000000 
DR6=00000000ffff0ff0 DR7=0000000000000400
CCS=0000000000000044 CCD=00000000bfec16a8 CCO=EFLAGS
EFER=0000000000000d00
Servicing hardware INT=0x20
   376: v=20 e=0000 i=0 cpl=0 IP=0038:00000000be258040 pc=00000000be258040 SP=0030:00000000bfec16d0 env->regs[R_EAX]=0000000000000000
RAX=0000000000000000 RBX=00000000005ef000 RCX=0000000000450001 RDX=00000000005ef000
RSI=0000000000000000 RDI=00000000b90effff RBP=00000000bfec1720 RSP=00000000bfec16d0
R8 =00000000000000a7 R9 =0000000000000002 R10=00000000000001f2 R11=fffffffffffffffd
R12=00000000bfec16e8 R13=00000000ffffffff R14=00000000be2a4018 R15=00000000b8f51000
RIP=00000000be258040 RFL=00010246 [---Z-P-] CPL=0 II=0 A20=1 SMM=0 HLT=0
ES =0030 0000000000000000 ffffffff 00cf9300 DPL=0 DS   [-WA]
CS =0038 0000000000000000 ffffffff 00af9a00 DPL=0 CS64 [-R-]
SS =0030 0000000000000000 ffffffff 00cf9300 DPL=0 DS   [-WA]
DS =0030 0000000000000000 ffffffff 00cf9300 DPL=0 DS   [-WA]
FS =0030 0000000000000000 ffffffff 00cf9300 DPL=0 DS   [-WA]
GS =0030 0000000000000000 ffffffff 00cf9300 DPL=0 DS   [-WA]
LDT=0000 0000000000000000 0000ffff 00008200 DPL=0 LDT
TR =0000 0000000000000000 0000ffff 00008b00 DPL=0 TSS64-busy
GDT=     00000000bf9de000 00000047
IDT=     00000000bf4d2018 00000fff
CR0=80010033 CR2=0000000000000000 CR3=00000000bfc01000 CR4=00000668
DR0=0000000000000000 DR1=0000000000000000 DR2=0000000000000000 DR3=0000000000000000 
DR6=00000000ffff0ff0 DR7=0000000000000400
CCS=0000000000000044 CCD=00000000bfec16a8 CCO=EFLAGS
EFER=0000000000000d00
Servicing hardware INT=0x20
   377: v=20 e=0000 i=0 cpl=0 IP=0038:00000000be23b2d9 pc=00000000be23b2d9 SP=0030:00000000bfec17a0 env->regs[R_EAX]=00000000bbfae185
RAX=00000000bbfae185 RBX=000000000000000c RCX=0000000000000000 RDX=00000000bbfae184
RSI=00000000bfe590e8 RDI=00000000bfec2590 RBP=00000000bfec1d10 RSP=00000000bfec17a0
R8 =0000000000000071 R9 =000000000000000a R10=0000000000000169 R11=0000000000000100
R12=00000000be25b694 R13=00000000be2438e0 R14=00000000bfec2590 R15=00000000bfe57000
RIP=00000000be23b2d9 RFL=00000297 [--S-APC] CPL=0 II=0 A20=1 SMM=0 HLT=0
ES =0030 0000000000000000 ffffffff 00cf9300 DPL=0 DS   [-WA]
CS =0038 0000000000000000 ffffffff 00af9a00 DPL=0 CS64 [-R-]
SS =0030 0000000000000000 ffffffff 00cf9300 DPL=0 DS   [-WA]
DS =0030 0000000000000000 ffffffff 00cf9300 DPL=0 DS   [-WA]
FS =0030 0000000000000000 ffffffff 00cf9300 DPL=0 DS   [-WA]
GS =0030 0000000000000000 ffffffff 00cf9300 DPL=0 DS   [-WA]
LDT=0000 0000000000000000 0000ffff 00008200 DPL=0 LDT
TR =0000 0000000000000000 0000ffff 00008b00 DPL=0 TSS64-busy
GDT=     00000000bf9de000 00000047
IDT=     00000000bf4d2018 00000fff
CR0=80010033 CR2=0000000000000000 CR3=00000000bfc01000 CR4=00000668
DR0=0000000000000000 DR1=0000000000000000 DR2=0000000000000000 DR3=0000000000000000 
DR6=00000000ffff0ff0 DR7=0000000000000400
CCS=0000000000000095 CCD=fffffffffff83c27 CCO=EFLAGS
EFER=0000000000000d00
Servicing hardware INT=0x20
   378: v=20 e=0000 i=0 cpl=0 IP=0038:00000000be2436b0 pc=00000000be2436b0 SP=0030:00000000bfec1640 env->regs[R_EAX]=000000000000008a
RAX=000000000000008a RBX=000000000000008a RCX=000000000000008a RDX=00000000b956610f
RSI=0000000000000000 RDI=000000000000008a RBP=00000000bfec1790 RSP=00000000bfec1640
R8 =00000000000000dc R9 =0000000000000000 R10=000000000000008a R11=0000000000000000
R12=0000000000000000 R13=0000000000000000 R14=0000000000000000 R15=0000000000000000
RIP=00000000be2436b0 RFL=00000287 [--S--PC] CPL=0 II=0 A20=1 SMM=0 HLT=0
ES =0030 0000000000000000 ffffffff 00cf9300 DPL=0 DS   [-WA]
CS =0038 0000000000000000 ffffffff 00af9a00 DPL=0 CS64 [-R-]
SS =0030 0000000000000000 ffffffff 00cf9300 DPL=0 DS   [-WA]
DS =0030 0000000000000000 ffffffff 00cf9300 DPL=0 DS   [-WA]
FS =0030 0000000000000000 ffffffff 00cf9300 DPL=0 DS   [-WA]
GS =0030 0000000000000000 ffffffff 00cf9300 DPL=0 DS   [-WA]
LDT=0000 0000000000000000 0000ffff 00008200 DPL=0 LDT
TR =0000 0000000000000000 0000ffff 00008b00 DPL=0 TSS64-busy
GDT=     00000000bf9de000 00000047
IDT=     00000000bf4d2018 00000fff
CR0=80010033 CR2=0000000000000000 CR3=00000000bfc01000 CR4=00000668
DR0=0000000000000000 DR1=0000000000000000 DR2=0000000000000000 DR3=0000000000000000 
DR6=00000000ffff0ff0 DR7=0000000000000400
CCS=0000000000000085 CCD=ffffffffffffffc0 CCO=EFLAGS
EFER=0000000000000d00
Servicing hardware INT=0x20
   379: v=20 e=0000 i=0 cpl=0 IP=0038:00000000be243460 pc=00000000be243460 SP=0030:00000000bfec1798 env->regs[R_EAX]=00000000bfe57000
RAX=00000000bfe57000 RBX=0000000000000000 RCX=0000000000000001 RDX=00000000bfec17b0
RSI=0000000000000b40 RDI=00000000b95893f8 RBP=00000000bfec1d10 RSP=00000000bfec1798
R8 =00000000bfe5aa98 R9 =0000000000000001 R10=0000000000000005 R11=0000000000000000
R12=00000000bfe5b710 R13=0000000000000000 R14=0000000000049200 R15=00000000000001e8
RIP=00000000be243460 RFL=00000202 [-------] CPL=0 II=0 A20=1 SMM=0 HLT=0
ES =0030 0000000000000000 ffffffff 00cf9300 DPL=0 DS   [-WA]
CS =0038 0000000000000000 ffffffff 00af9a00 DPL=0 CS64 [-R-]
SS =0030 0000000000000000 ffffffff 00cf9300 DPL=0 DS   [-WA]
DS =0030 0000000000000000 ffffffff 00cf9300 DPL=0 DS   [-WA]
FS =0030 0000000000000000 ffffffff 00cf9300 DPL=0 DS   [-WA]
GS =0030 0000000000000000 ffffffff 00cf9300 DPL=0 DS   [-WA]
LDT=0000 0000000000000000 0000ffff 00008200 DPL=0 LDT
TR =0000 0000000000000000 0000ffff 00008b00 DPL=0 TSS64-busy
GDT=     00000000bf9de000 00000047
IDT=     00000000bf4d2018 00000fff
CR0=80010033 CR2=0000000000000000 CR3=00000000bfc01000 CR4=00000668
DR0=0000000000000000 DR1=0000000000000000 DR2=0000000000000000 DR3=0000000000000000 
DR6=00000000ffff0ff0 DR7=0000000000000400
CCS=0000000000000000 CCD=00000000b95893f8 CCO=EFLAGS
EFER=0000000000000d00
Servicing hardware INT=0x20
   380: v=20 e=0000 i=0 cpl=0 IP=0038:00000000be24556b pc=00000000be24556b SP=0030:00000000bfec1750 env->regs[R_EAX]=000000000000001e
RAX=000000000000001e RBX=00000000bfe57010 RCX=00000000bbfb6202 RDX=0000000000000016
RSI=00000000fffffc79 RDI=00000000bfe57010 RBP=00000000bfec1790 RSP=00000000bfec1750
R8 =00000000bfe5a698 R9 =0000000000000000 R10=0000000000000083 R11=0000000000000000
R12=00000000bfe5a698 R13=0000000000000001 R14=00000000bfe5a498 R15=00000000bfe58a58
RIP=00000000be24556b RFL=00000206 [-----P-] CPL=0 II=0 A20=1 SMM=0 HLT=0
ES =0030 0000000000000000 ffffffff 00cf9300 DPL=0 DS   [-WA]
CS =0038 0000000000000000 ffffffff 00af9a00 DPL=0 CS64 [-R-]
SS =0030 0000000000000000 ffffffff 00cf9300 DPL=0 DS   [-WA]
DS =0030 0000000000000000 ffffffff 00cf9300 DPL=0 DS   [-WA]
FS =0030 0000000000000000 ffffffff 00cf9300 DPL=0 DS   [-WA]
GS =0030 0000000000000000 ffffffff 00cf9300 DPL=0 DS   [-WA]
LDT=0000 0000000000000000 0000ffff 00008200 DPL=0 LDT
TR =0000 0000000000000000 0000ffff 00008b00 DPL=0 TSS64-busy
GDT=     00000000bf9de000 00000047
IDT=     00000000bf4d2018 00000fff
CR0=80010033 CR2=0000000000000000 CR3=00000000bfc01000 CR4=00000668
DR0=0000000000000000 DR1=0000000000000000 DR2=0000000000000000 DR3=0000000000000000 
DR6=00000000ffff0ff0 DR7=0000000000000400
CCS=0000000000000004 CCD=00000000bfec1728 CCO=EFLAGS
EFER=0000000000000d00
Servicing hardware INT=0x20
   381: v=20 e=0000 i=0 cpl=0 IP=0038:00000000be23c3dd pc=00000000be23c3dd SP=0030:00000000bfec17a0 env->regs[R_EAX]=0000000000000006
RAX=0000000000000006 RBX=0000000000000000 RCX=0000000000000006 RDX=00000000b9bccf57
RSI=00000000ffffdca8 RDI=0000000000000006 RBP=00000000bfec1d10 RSP=00000000bfec17a0
R8 =000000000000011c R9 =00000000ffff9b68 R10=0000000000000006 R11=00000000ffff6980
R12=00000000bfe5b6b0 R13=0000000000000000 R14=0000000000097e00 R15=0000000000000740
RIP=00000000be23c3dd RFL=00000202 [-------] CPL=0 II=0 A20=1 SMM=0 HLT=0
ES =0030 0000000000000000 ffffffff 00cf9300 DPL=0 DS   [-WA]
CS =0038 0000000000000000 ffffffff 00af9a00 DPL=0 CS64 [-R-]
SS =0030 0000000000000000 ffffffff 00cf9300 DPL=0 DS   [-WA]
DS =0030 0000000000000000 ffffffff 00cf9300 DPL=0 DS   [-WA]
FS =0030 0000000000000000 ffffffff 00cf9300 DPL=0 DS   [-WA]
GS =0030 0000000000000000 ffffffff 00cf9300 DPL=0 DS   [-WA]
LDT=0000 0000000000000000 0000ffff 00008200 DPL=0 LDT
TR =0000 0000000000000000 0000ffff 00008b00 DPL=0 TSS64-busy
GDT=     00000000bf9de000 00000047
IDT=     00000000bf4d2018 00000fff
CR0=80010033 CR2=0000000000000000 CR3=00000000bfc01000 CR4=00000668
DR0=0000000000000000 DR1=0000000000000000 DR2=0000000000000000 DR3=0000000000000000 
DR6=00000000ffff0ff0 DR7=0000000000000400
CCS=0000000000000000 CCD=00000000bfec1768 CCO=EFLAGS
EFER=0000000000000d00
Servicing hardware INT=0x20
   382: v=20 e=0000 i=0 cpl=0 IP=0038:00000000be2434a4 pc=00000000be2434a4 SP=0030:00000000bfec1640 env->regs[R_EAX]=0000000000000000
RAX=0000000000000000 RBX=0000000000000000 RCX=0000000000000002 RDX=00000000bfec17b0
RSI=0000000000000038 RDI=00000000b9beede0 RBP=00000000bfec1790 RSP=00000000bfec1640
R8 =0000000000000000 R9 =0000000000000000 R10=0000000000000084 R11=0000000000000000
R12=00000000bfe5b6b0 R13=0000000000000000 R14=00000000000bf400 R15=00000000000009d0
RIP=00000000be2434a4 RFL=00000246 [---Z-P-] CPL=0 II=0 A20=1 SMM=0 HLT=0
ES =0030 0000000000000000 ffffffff 00cf9300 DPL=0 DS   [-WA]
CS =0038 0000000000000000 ffffffff 00af9a00 DPL=0 CS64 [-R-]
SS =0030 0000000000000000 ffffffff 00cf9300 DPL=0 DS   [-WA]
DS =0030 0000000000000000 ffffffff 00cf9300 DPL=0 DS   [-WA]
FS =0030 0000000000000000 ffffffff 00cf9300 DPL=0 DS   [-WA]
GS =0030 0000000000000000 ffffffff 00cf9300 DPL=0 DS   [-WA]
LDT=0000 0000000000000000 0000ffff 00008200 DPL=0 LDT
TR =0000 0000000000000000 0000ffff 00008b00 DPL=0 TSS64-busy
GDT=     00000000bf9de000 00000047
IDT=     00000000bf4d2018 00000fff
CR0=80010033 CR2=0000000000000000 CR3=00000000bfc01000 CR4=00000668
DR0=0000000000000000 DR1=0000000000000000 DR2=0000000000000000 DR3=0000000000000000 
DR6=00000000ffff0ff0 DR7=0000000000000400
CCS=0000000000000044 CCD=0000000000000000 CCO=EFLAGS
EFER=0000000000000d00
Servicing hardware INT=0x20
   383: v=20 e=0000 i=0 cpl=0 IP=0038:00000000be23c32e pc=00000000be23c32e SP=0030:00000000bfec17a0 env->regs[R_EAX]=0000000000000001
RAX=0000000000000001 RBX=0000000000000000 RCX=000000000000000a RDX=00000000b9c10adf
RSI=00000000fffff2bf RDI=000000000000000a RBP=00000000bfec1d10 RSP=00000000bfec17a0
R8 =00000000bfe5b6b0 R9 =00000000ffffda47 R10=000000000000000a R11=00000000ffffc790
R12=00000000bfe5b6b0 R13=0000000000000001 R14=00000000bfe57010 R15=0000000000000001
RIP=00000000be23c32e RFL=00000246 [---Z-P-] CPL=0 II=0 A20=1 SMM=0 HLT=0
ES =0030 0000000000000000 ffffffff 00cf9300 DPL=0 DS   [-WA]
CS =0038 0000000000000000 ffffffff 00af9a00 DPL=0 CS64 [-R-]
SS =0030 0000000000000000 ffffffff 00cf9300 DPL=0 DS   [-WA]
DS =0030 0000000000000000 ffffffff 00cf9300 DPL=0 DS   [-WA]
FS =0030 0000000000000000 ffffffff 00cf9300 DPL=0 DS   [-WA]
GS =0030 0000000000000000 ffffffff 00cf9300 DPL=0 DS   [-WA]
LDT=0000 0000000000000000 0000ffff 00008200 DPL=0 LDT
TR =0000 0000000000000000 0000ffff 00008b00 DPL=0 TSS64-busy
GDT=     00000000bf9de000 00000047
IDT=     00000000bf4d2018 00000fff
CR0=80010033 CR2=0000000000000000 CR3=00000000bfc01000 CR4=00000668
DR0=0000000000000000 DR1=0000000000000000 DR2=0000000000000000 DR3=0000000000000000 
DR6=00000000ffff0ff0 DR7=0000000000000400
CCS=0000000000000044 CCD=0000000000000000 CCO=EFLAGS
EFER=0000000000000d00
Servicing hardware INT=0x20
   384: v=20 e=0000 i=0 cpl=0 IP=0038:00000000be24363d pc=00000000be24363d SP=0030:00000000bfec1640 env->regs[R_EAX]=0000000000000000
RAX=0000000000000000 RBX=0000000000000000 RCX=0000000000000000 RDX=00000000bfec17b0
RSI=000000000000003e RDI=00000000b90598d0 RBP=00000000bfec1790 RSP=00000000bfec1640
R8 =0000000000000000 R9 =0000000000000000 R10=0000000000000093 R11=0000000000000000
R12=00000000bfe5b770 R13=0000000000000000 R14=0000000000108600 R15=00000000000002c0
RIP=00000000be24363d RFL=00000246 [---Z-P-] CPL=0 II=0 A20=1 SMM=0 HLT=0
ES =0030 0000000000000000 ffffffff 00cf9300 DPL=0 DS   [-WA]
CS =0038 0000000000000000 ffffffff 00af9a00 DPL=0 CS64 [-R-]
SS =0030 0000000000000000 ffffffff 00cf9300 DPL=0 DS   [-WA]
DS =0030 0000000000000000 ffffffff 00cf9300 DPL=0 DS   [-WA]
FS =0030 0000000000000000 ffffffff 00cf9300 DPL=0 DS   [-WA]
GS =0030 0000000000000000 ffffffff 00cf9300 DPL=0 DS   [-WA]
LDT=0000 0000000000000000 0000ffff 00008200 DPL=0 LDT
TR =0000 0000000000000000 0000ffff 00008b00 DPL=0 TSS64-busy
GDT=     00000000bf9de000 00000047
IDT=     00000000bf4d2018 00000fff
CR0=80010033 CR2=0000000000000000 CR3=00000000bfc01000 CR4=00000668
DR0=0000000000000000 DR1=0000000000000000 DR2=0000000000000000 DR3=0000000000000000 
DR6=00000000ffff0ff0 DR7=0000000000000400
CCS=0000000000000044 CCD=0000000000000000 CCO=EFLAGS
EFER=0000000000000d00
Servicing hardware INT=0x20
   385: v=20 e=0000 i=0 cpl=0 IP=0038:00000000be258042 pc=00000000be258042 SP=0030:00000000bfec1740 env->regs[R_EAX]=0000000000000000
RAX=0000000000000000 RBX=00000000bfe57010 RCX=0000000000000000 RDX=0000000000000080
RSI=0000000000000000 RDI=00000000bfec1830 RBP=00000000bfec1790 RSP=00000000bfec1740
R8 =00000000bfe5a698 R9 =0000000000000000 R10=0000000000000085 R11=0000000000000000
R12=0000000000000000 R13=0000000000000000 R14=0000000000000003 R15=00000000bfe58a58
RIP=00000000be258042 RFL=00000246 [---Z-P-] CPL=0 II=0 A20=1 SMM=0 HLT=0
ES =0030 0000000000000000 ffffffff 00cf9300 DPL=0 DS   [-WA]
CS =0038 0000000000000000 ffffffff 00af9a00 DPL=0 CS64 [-R-]
SS =0030 0000000000000000 ffffffff 00cf9300 DPL=0 DS   [-WA]
DS =0030 0000000000000000 ffffffff 00cf9300 DPL=0 DS   [-WA]
FS =0030 0000000000000000 ffffffff 00cf9300 DPL=0 DS   [-WA]
GS =0030 0000000000000000 ffffffff 00cf9300 DPL=0 DS   [-WA]
LDT=0000 0000000000000000 0000ffff 00008200 DPL=0 LDT
TR =0000 0000000000000000 0000ffff 00008b00 DPL=0 TSS64-busy
GDT=     00000000bf9de000 00000047
IDT=     00000000bf4d2018 00000fff
CR0=80010033 CR2=0000000000000000 CR3=00000000bfc01000 CR4=00000668
DR0=0000000000000000 DR1=0000000000000000 DR2=0000000000000000 DR3=0000000000000000 
DR6=00000000ffff0ff0 DR7=0000000000000400
CCS=0000000000000044 CCD=fffffffffffffff4 CCO=EFLAGS
EFER=0000000000000d00
Servicing hardware INT=0x20
   386: v=20 e=0000 i=0 cpl=0 IP=0038:00000000be2436b0 pc=00000000be2436b0 SP=0030:00000000bfec1640 env->regs[R_EAX]=000000000000008f
RAX=000000000000008f RBX=000000000000008f RCX=000000000000008f RDX=00000000b969bcb7
RSI=0000000000000000 RDI=000000000000008f RBP=00000000bfec1790 RSP=00000000bfec1640
R8 =00000000000000dc R9 =0000000000000000 R10=000000000000008f R11=0000000000000000
R12=0000000000000000 R13=0000000000000000 R14=0000000000000000 R15=0000000000000000
RIP=00000000be2436b0 RFL=00000287 [--S--PC] CPL=0 II=0 A20=1 SMM=0 HLT=0
ES =0030 0000000000000000 ffffffff 00cf9300 DPL=0 DS   [-WA]
CS =0038 0000000000000000 ffffffff 00af9a00 DPL=0 CS64 [-R-]
SS =0030 0000000000000000 ffffffff 00cf9300 DPL=0 DS   [-WA]
DS =0030 0000000000000000 ffffffff 00cf9300 DPL=0 DS   [-WA]
FS =0030 0000000000000000 ffffffff 00cf9300 DPL=0 DS   [-WA]
GS =0030 0000000000000000 ffffffff 00cf9300 DPL=0 DS   [-WA]
LDT=0000 0000000000000000 0000ffff 00008200 DPL=0 LDT
TR =0000 0000000000000000 0000ffff 00008b00 DPL=0 TSS64-busy
GDT=     00000000bf9de000 00000047
IDT=     00000000bf4d2018 00000fff
CR0=80010033 CR2=0000000000000000 CR3=00000000bfc01000 CR4=00000668
DR0=0000000000000000 DR1=0000000000000000 DR2=0000000000000000 DR3=0000000000000000 
DR6=00000000ffff0ff0 DR7=0000000000000400
CCS=0000000000000085 CCD=ffffffffffffffc0 CCO=EFLAGS
EFER=0000000000000d00
Servicing hardware INT=0x20
   387: v=20 e=0000 i=0 cpl=0 IP=0038:00000000be258042 pc=00000000be258042 SP=0030:00000000bfec1740 env->regs[R_EAX]=0000000000000000
RAX=0000000000000000 RBX=00000000bfe57010 RCX=0000000000000000 RDX=0000000000000080
RSI=0000000000000000 RDI=00000000bfec1830 RBP=00000000bfec1790 RSP=00000000bfec1740
R8 =00000000bfe5aa98 R9 =0000000000000002 R10=0000000000000093 R11=0000000000000000
R12=0000000000000000 R13=0000000000000002 R14=0000000000000001 R15=00000000bfe590e8
RIP=00000000be258042 RFL=00000246 [---Z-P-] CPL=0 II=0 A20=1 SMM=0 HLT=0
ES =0030 0000000000000000 ffffffff 00cf9300 DPL=0 DS   [-WA]
CS =0038 0000000000000000 ffffffff 00af9a00 DPL=0 CS64 [-R-]
SS =0030 0000000000000000 ffffffff 00cf9300 DPL=0 DS   [-WA]
DS =0030 0000000000000000 ffffffff 00cf9300 DPL=0 DS   [-WA]
FS =0030 0000000000000000 ffffffff 00cf9300 DPL=0 DS   [-WA]
GS =0030 0000000000000000 ffffffff 00cf9300 DPL=0 DS   [-WA]
LDT=0000 0000000000000000 0000ffff 00008200 DPL=0 LDT
TR =0000 0000000000000000 0000ffff 00008b00 DPL=0 TSS64-busy
GDT=     00000000bf9de000 00000047
IDT=     00000000bf4d2018 00000fff
CR0=80010033 CR2=0000000000000000 CR3=00000000bfc01000 CR4=00000668
DR0=0000000000000000 DR1=0000000000000000 DR2=0000000000000000 DR3=0000000000000000 
DR6=00000000ffff0ff0 DR7=0000000000000400
CCS=0000000000000044 CCD=fffffffffffffff2 CCO=EFLAGS
EFER=0000000000000d00
Servicing hardware INT=0x20
   388: v=20 e=0000 i=0 cpl=0 IP=0038:00000000be23c3ee pc=00000000be23c3ee SP=0030:00000000bfec17a0 env->regs[R_EAX]=0000000000000023
RAX=0000000000000023 RBX=0000000000000000 RCX=0000000000000023 RDX=00000000b9cdb0bf
RSI=0000000000003099 RDI=0000000000000024 RBP=00000000bfec1d10 RSP=00000000bfec17a0
R8 =000000000000011c R9 =0000000000008a51 R10=0000000000000023 R11=000000000000cef0
R12=00000000bfe5b6b0 R13=0000000000000001 R14=00000000001a5e00 R15=0000000000000001
RIP=00000000be23c3ee RFL=00000246 [---Z-P-] CPL=0 II=0 A20=1 SMM=0 HLT=0
ES =0030 0000000000000000 ffffffff 00cf9300 DPL=0 DS   [-WA]
CS =0038 0000000000000000 ffffffff 00af9a00 DPL=0 CS64 [-R-]
SS =0030 0000000000000000 ffffffff 00cf9300 DPL=0 DS   [-WA]
DS =0030 0000000000000000 ffffffff 00cf9300 DPL=0 DS   [-WA]
FS =0030 0000000000000000 ffffffff 00cf9300 DPL=0 DS   [-WA]
GS =0030 0000000000000000 ffffffff 00cf9300 DPL=0 DS   [-WA]
LDT=0000 0000000000000000 0000ffff 00008200 DPL=0 LDT
TR =0000 0000000000000000 0000ffff 00008b00 DPL=0 TSS64-busy
GDT=     00000000bf9de000 00000047
IDT=     00000000bf4d2018 00000fff
CR0=80010033 CR2=0000000000000000 CR3=00000000bfc01000 CR4=00000668
DR0=0000000000000000 DR1=0000000000000000 DR2=0000000000000000 DR3=0000000000000000 
DR6=00000000ffff0ff0 DR7=0000000000000400
CCS=0000000000000044 CCD=0000000000000000 CCO=EFLAGS
EFER=0000000000000d00
Servicing hardware INT=0x20
   389: v=20 e=0000 i=0 cpl=0 IP=0038:00000000be2436b0 pc=00000000be2436b0 SP=0030:00000000bfec1640 env->regs[R_EAX]=0000000000000086
RAX=0000000000000086 RBX=0000000000000086 RCX=0000000000000086 RDX=00000000b91203af
RSI=0000000000000000 RDI=0000000000000086 RBP=00000000bfec1790 RSP=00000000bfec1640
R8 =000000000000005c R9 =0000000000000000 R10=0000000000000086 R11=0000000000000000
R12=0000000000000000 R13=0000000000000000 R14=0000000000000000 R15=0000000000000000
RIP=00000000be2436b0 RFL=00000283 [--S---C] CPL=0 II=0 A20=1 SMM=0 HLT=0
ES =0030 0000000000000000 ffffffff 00cf9300 DPL=0 DS   [-WA]
CS =0038 0000000000000000 ffffffff 00af9a00 DPL=0 CS64 [-R-]
SS =0030 0000000000000000 ffffffff 00cf9300 DPL=0 DS   [-WA]
DS =0030 0000000000000000 ffffffff 00cf9300 DPL=0 DS   [-WA]
FS =0030 0000000000000000 ffffffff 00cf9300 DPL=0 DS   [-WA]
GS =0030 0000000000000000 ffffffff 00cf9300 DPL=0 DS   [-WA]
LDT=0000 0000000000000000 0000ffff 00008200 DPL=0 LDT
TR =0000 0000000000000000 0000ffff 00008b00 DPL=0 TSS64-busy
GDT=     00000000bf9de000 00000047
IDT=     00000000bf4d2018 00000fff
CR0=80010033 CR2=0000000000000000 CR3=00000000bfc01000 CR4=00000668
DR0=0000000000000000 DR1=0000000000000000 DR2=0000000000000000 DR3=0000000000000000 
DR6=00000000ffff0ff0 DR7=0000000000000400
CCS=0000000000000081 CCD=ffffffffffffff40 CCO=EFLAGS
EFER=0000000000000d00
Servicing hardware INT=0x20
   390: v=20 e=0000 i=0 cpl=0 IP=0038:00000000be2436b0 pc=00000000be2436b0 SP=0030:00000000bfec1640 env->regs[R_EAX]=0000000000000039
RAX=0000000000000039 RBX=0000000000000038 RCX=0000000000000039 RDX=00000000b9d2645f
RSI=000000000000852c RDI=0000000000000038 RBP=00000000bfec1790 RSP=00000000bfec1640
R8 =000000000000007c R9 =000000000000d800 R10=0000000000000038 R11=00000000ffffe9ac
R12=00000000fffffffc R13=000000000000bf0c R14=00000000fffec574 R15=00000000fffffff4
RIP=00000000be2436b0 RFL=00000287 [--S--PC] CPL=0 II=0 A20=1 SMM=0 HLT=0
ES =0030 0000000000000000 ffffffff 00cf9300 DPL=0 DS   [-WA]
CS =0038 0000000000000000 ffffffff 00af9a00 DPL=0 CS64 [-R-]
SS =0030 0000000000000000 ffffffff 00cf9300 DPL=0 DS   [-WA]
DS =0030 0000000000000000 ffffffff 00cf9300 DPL=0 DS   [-WA]
FS =0030 0000000000000000 ffffffff 00cf9300 DPL=0 DS   [-WA]
GS =0030 0000000000000000 ffffffff 00cf9300 DPL=0 DS   [-WA]
LDT=0000 0000000000000000 0000ffff 00008200 DPL=0 LDT
TR =0000 0000000000000000 0000ffff 00008b00 DPL=0 TSS64-busy
GDT=     00000000bf9de000 00000047
IDT=     00000000bf4d2018 00000fff
CR0=80010033 CR2=0000000000000000 CR3=00000000bfc01000 CR4=00000668
DR0=0000000000000000 DR1=0000000000000000 DR2=0000000000000000 DR3=0000000000000000 
DR6=00000000ffff0ff0 DR7=0000000000000400
CCS=0000000000000085 CCD=ffffffffffffff60 CCO=EFLAGS
EFER=0000000000000d00
Servicing hardware INT=0x20
   391: v=20 e=0000 i=0 cpl=0 IP=0038:00000000be245302 pc=00000000be245302 SP=0030:00000000bfec1750 env->regs[R_EAX]=0000000000000001
RAX=0000000000000001 RBX=00000000bfe57010 RCX=00000000bfe590e8 RDX=00000000bfe576a8
RSI=00000000986a4000 RDI=00000000bfe57010 RBP=00000000bfec1790 RSP=00000000bfec1750
R8 =00000000bfe5aa98 R9 =0000000000000002 R10=0000000000000091 R11=0000000000000000
R12=00000000bfe5aa98 R13=0000000000000002 R14=00000000bfe576a8 R15=00000000bfe590e8
RIP=00000000be245302 RFL=00000293 [--S-A-C] CPL=0 II=0 A20=1 SMM=0 HLT=0
ES =0030 0000000000000000 ffffffff 00cf9300 DPL=0 DS   [-WA]
CS =0038 0000000000000000 ffffffff 00af9a00 DPL=0 CS64 [-R-]
SS =0030 0000000000000000 ffffffff 00cf9300 DPL=0 DS   [-WA]
DS =0030 0000000000000000 ffffffff 00cf9300 DPL=0 DS   [-WA]
FS =0030 0000000000000000 ffffffff 00cf9300 DPL=0 DS   [-WA]
GS =0030 0000000000000000 ffffffff 00cf9300 DPL=0 DS   [-WA]
LDT=0000 0000000000000000 0000ffff 00008200 DPL=0 LDT
TR =0000 0000000000000000 0000ffff 00008b00 DPL=0 TSS64-busy
GDT=     00000000bf9de000 00000047
IDT=     00000000bf4d2018 00000fff
CR0=80010033 CR2=0000000000000000 CR3=00000000bfc01000 CR4=00000668
DR0=0000000000000000 DR1=0000000000000000 DR2=0000000000000000 DR3=0000000000000000 
DR6=00000000ffff0ff0 DR7=0000000000000400
CCS=0000000000000091 CCD=ffffffffffffff02 CCO=EFLAGS
EFER=0000000000000d00
Servicing hardware INT=0x20
   392: v=20 e=0000 i=0 cpl=0 IP=0038:00000000be2457a9 pc=00000000be2457a9 SP=0030:00000000bfec1720 env->regs[R_EAX]=0000000000000012
RAX=0000000000000012 RBX=00000000bfe57010 RCX=00000000bfec17b0 RDX=0000000000000001
RSI=00000000f5e00000 RDI=00000000bfe57010 RBP=00000000bfec1740 RSP=00000000bfec1720
R8 =0000000000000004 R9 =0000000000000002 R10=0000000000000094 R11=000000000000a585
R12=00000000bfe5aa98 R13=0000000000000005 R14=00000000bfe5a518 R15=00000000bfe590e8
RIP=00000000be2457a9 RFL=00000293 [--S-A-C] CPL=0 II=0 A20=1 SMM=0 HLT=0
ES =0030 0000000000000000 ffffffff 00cf9300 DPL=0 DS   [-WA]
CS =0038 0000000000000000 ffffffff 00af9a00 DPL=0 CS64 [-R-]
SS =0030 0000000000000000 ffffffff 00cf9300 DPL=0 DS   [-WA]
DS =0030 0000000000000000 ffffffff 00cf9300 DPL=0 DS   [-WA]
FS =0030 0000000000000000 ffffffff 00cf9300 DPL=0 DS   [-WA]
GS =0030 0000000000000000 ffffffff 00cf9300 DPL=0 DS   [-WA]
LDT=0000 0000000000000000 0000ffff 00008200 DPL=0 LDT
TR =0000 0000000000000000 0000ffff 00008b00 DPL=0 TSS64-busy
GDT=     00000000bf9de000 00000047
IDT=     00000000bf4d2018 00000fff
CR0=80010033 CR2=0000000000000000 CR3=00000000bfc01000 CR4=00000668
DR0=0000000000000000 DR1=0000000000000000 DR2=0000000000000000 DR3=0000000000000000 
DR6=00000000ffff0ff0 DR7=0000000000000400
CCS=0000000000000091 CCD=fffffffffffffffd CCO=EFLAGS
EFER=0000000000000d00
Servicing hardware INT=0x20
   393: v=20 e=0000 i=0 cpl=0 IP=0038:00000000be258042 pc=00000000be258042 SP=0030:00000000bfec1740 env->regs[R_EAX]=0000000000000000
RAX=0000000000000000 RBX=00000000bfe57010 RCX=0000000000000000 RDX=0000000000000080
RSI=0000000000000000 RDI=00000000bfec1830 RBP=00000000bfec1790 RSP=00000000bfec1740
R8 =00000000bfe5aa98 R9 =0000000000000002 R10=0000000000000099 R11=0000000000000000
R12=0000000000000000 R13=0000000000000002 R14=0000000000000001 R15=00000000bfe590e8
RIP=00000000be258042 RFL=00000246 [---Z-P-] CPL=0 II=0 A20=1 SMM=0 HLT=0
ES =0030 0000000000000000 ffffffff 00cf9300 DPL=0 DS   [-WA]
CS =0038 0000000000000000 ffffffff 00af9a00 DPL=0 CS64 [-R-]
SS =0030 0000000000000000 ffffffff 00cf9300 DPL=0 DS   [-WA]
DS =0030 0000000000000000 ffffffff 00cf9300 DPL=0 DS   [-WA]
FS =0030 0000000000000000 ffffffff 00cf9300 DPL=0 DS   [-WA]
GS =0030 0000000000000000 ffffffff 00cf9300 DPL=0 DS   [-WA]
LDT=0000 0000000000000000 0000ffff 00008200 DPL=0 LDT
TR =0000 0000000000000000 0000ffff 00008b00 DPL=0 TSS64-busy
GDT=     00000000bf9de000 00000047
IDT=     00000000bf4d2018 00000fff
CR0=80010033 CR2=0000000000000000 CR3=00000000bfc01000 CR4=00000668
DR0=0000000000000000 DR1=0000000000000000 DR2=0000000000000000 DR3=0000000000000000 
DR6=00000000ffff0ff0 DR7=0000000000000400
CCS=0000000000000044 CCD=fffffffffffffff2 CCO=EFLAGS
EFER=0000000000000d00
Servicing hardware INT=0x20
   394: v=20 e=0000 i=0 cpl=0 IP=0038:00000000be23c31e pc=00000000be23c31e SP=0030:00000000bfec17a0 env->regs[R_EAX]=0000000000000001
RAX=0000000000000001 RBX=0000000000000001 RCX=0000000000000003 RDX=0000000000000002
RSI=00000000ffffcafc RDI=0000000000000096 RBP=00000000bfec1d10 RSP=00000000bfec17a0
R8 =00000000bfe5b6b0 R9 =00000000ffff691c R10=0000000000000097 R11=00000000ffff1e40
R12=00000000000000c0 R13=0000000000000001 R14=00000000bfe57010 R15=00000000bfe57000
RIP=00000000be23c31e RFL=00000202 [-------] CPL=0 II=0 A20=1 SMM=0 HLT=0
ES =0030 0000000000000000 ffffffff 00cf9300 DPL=0 DS   [-WA]
CS =0038 0000000000000000 ffffffff 00af9a00 DPL=0 CS64 [-R-]
SS =0030 0000000000000000 ffffffff 00cf9300 DPL=0 DS   [-WA]
DS =0030 0000000000000000 ffffffff 00cf9300 DPL=0 DS   [-WA]
FS =0030 0000000000000000 ffffffff 00cf9300 DPL=0 DS   [-WA]
GS =0030 0000000000000000 ffffffff 00cf9300 DPL=0 DS   [-WA]
LDT=0000 0000000000000000 0000ffff 00008200 DPL=0 LDT
TR =0000 0000000000000000 0000ffff 00008b00 DPL=0 TSS64-busy
GDT=     00000000bf9de000 00000047
IDT=     00000000bf4d2018 00000fff
CR0=80010033 CR2=0000000000000000 CR3=00000000bfc01000 CR4=00000668
DR0=0000000000000000 DR1=0000000000000000 DR2=0000000000000000 DR3=0000000000000000 
DR6=00000000ffff0ff0 DR7=0000000000000400
CCS=0000000000000000 CCD=0000000000000001 CCO=EFLAGS
EFER=0000000000000d00
Servicing hardware INT=0x20
   395: v=20 e=0000 i=0 cpl=0 IP=0038:00000000be258042 pc=00000000be258042 SP=0030:00000000bfec1740 env->regs[R_EAX]=0000000000000000
RAX=0000000000000000 RBX=00000000bfe57010 RCX=0000000000000000 RDX=0000000000000080
RSI=0000000000000000 RDI=00000000bfec1830 RBP=00000000bfec1790 RSP=00000000bfec1740
R8 =00000000bfe5a698 R9 =0000000000000000 R10=0000000000000085 R11=0000000000000000
R12=0000000000000000 R13=0000000000000000 R14=0000000000000003 R15=00000000bfe58a58
RIP=00000000be258042 RFL=00000246 [---Z-P-] CPL=0 II=0 A20=1 SMM=0 HLT=0
ES =0030 0000000000000000 ffffffff 00cf9300 DPL=0 DS   [-WA]
CS =0038 0000000000000000 ffffffff 00af9a00 DPL=0 CS64 [-R-]
SS =0030 0000000000000000 ffffffff 00cf9300 DPL=0 DS   [-WA]
DS =0030 0000000000000000 ffffffff 00cf9300 DPL=0 DS   [-WA]
FS =0030 0000000000000000 ffffffff 00cf9300 DPL=0 DS   [-WA]
GS =0030 0000000000000000 ffffffff 00cf9300 DPL=0 DS   [-WA]
LDT=0000 0000000000000000 0000ffff 00008200 DPL=0 LDT
TR =0000 0000000000000000 0000ffff 00008b00 DPL=0 TSS64-busy
GDT=     00000000bf9de000 00000047
IDT=     00000000bf4d2018 00000fff
CR0=80010033 CR2=0000000000000000 CR3=00000000bfc01000 CR4=00000668
DR0=0000000000000000 DR1=0000000000000000 DR2=0000000000000000 DR3=0000000000000000 
DR6=00000000ffff0ff0 DR7=0000000000000400
CCS=0000000000000044 CCD=fffffffffffffff4 CCO=EFLAGS
EFER=0000000000000d00
Servicing hardware INT=0x20
   396: v=20 e=0000 i=0 cpl=0 IP=0038:00000000be2438cb pc=00000000be2438cb SP=0030:00000000bfec1640 env->regs[R_EAX]=0000000000000015
RAX=0000000000000015 RBX=0000000000000015 RCX=0000000000000015 RDX=00000000b9e0ffef
RSI=000000000000f90a RDI=0000000000000016 RBP=00000000bfec1790 RSP=00000000bfec1640
R8 =000000000000011c R9 =000000000001ddd9 R10=0000000000000015 R11=000000000000e179
R12=0000000000000008 R13=0000000000020fc1 R14=00000000ffff71c8 R15=00000000ffffffef
RIP=00000000be2438cb RFL=00000246 [---Z-P-] CPL=0 II=0 A20=1 SMM=0 HLT=0
ES =0030 0000000000000000 ffffffff 00cf9300 DPL=0 DS   [-WA]
CS =0038 0000000000000000 ffffffff 00af9a00 DPL=0 CS64 [-R-]
SS =0030 0000000000000000 ffffffff 00cf9300 DPL=0 DS   [-WA]
DS =0030 0000000000000000 ffffffff 00cf9300 DPL=0 DS   [-WA]
FS =0030 0000000000000000 ffffffff 00cf9300 DPL=0 DS   [-WA]
GS =0030 0000000000000000 ffffffff 00cf9300 DPL=0 DS   [-WA]
LDT=0000 0000000000000000 0000ffff 00008200 DPL=0 LDT
TR =0000 0000000000000000 0000ffff 00008b00 DPL=0 TSS64-busy
GDT=     00000000bf9de000 00000047
IDT=     00000000bf4d2018 00000fff
CR0=80010033 CR2=0000000000000000 CR3=00000000bfc01000 CR4=00000668
DR0=0000000000000000 DR1=0000000000000000 DR2=0000000000000000 DR3=0000000000000000 
DR6=00000000ffff0ff0 DR7=0000000000000400
CCS=0000000000000044 CCD=0000000000000000 CCO=EFLAGS
EFER=0000000000000d00
Servicing hardware INT=0x20
   397: v=20 e=0000 i=0 cpl=0 IP=0038:00000000be258042 pc=00000000be258042 SP=0030:00000000bfec1740 env->regs[R_EAX]=0000000000000000
RAX=0000000000000000 RBX=00000000bfe57010 RCX=0000000000000000 RDX=0000000000000080
RSI=0000000000000000 RDI=00000000bfec1830 RBP=00000000bfec1790 RSP=00000000bfec1740
R8 =00000000bfe5aa98 R9 =0000000000000001 R10=000000000000003a R11=0000000000000000
R12=0000000000000000 R13=0000000000000001 R14=0000000000000000 R15=00000000bfe590e8
RIP=00000000be258042 RFL=00000246 [---Z-P-] CPL=0 II=0 A20=1 SMM=0 HLT=0
ES =0030 0000000000000000 ffffffff 00cf9300 DPL=0 DS   [-WA]
CS =0038 0000000000000000 ffffffff 00af9a00 DPL=0 CS64 [-R-]
SS =0030 0000000000000000 ffffffff 00cf9300 DPL=0 DS   [-WA]
DS =0030 0000000000000000 ffffffff 00cf9300 DPL=0 DS   [-WA]
FS =0030 0000000000000000 ffffffff 00cf9300 DPL=0 DS   [-WA]
GS =0030 0000000000000000 ffffffff 00cf9300 DPL=0 DS   [-WA]
LDT=0000 0000000000000000 0000ffff 00008200 DPL=0 LDT
TR =0000 0000000000000000 0000ffff 00008b00 DPL=0 TSS64-busy
GDT=     00000000bf9de000 00000047
IDT=     00000000bf4d2018 00000fff
CR0=80010033 CR2=0000000000000000 CR3=00000000bfc01000 CR4=00000668
DR0=0000000000000000 DR1=0000000000000000 DR2=0000000000000000 DR3=0000000000000000 
DR6=00000000ffff0ff0 DR7=0000000000000400
CCS=0000000000000044 CCD=fffffffffffffff1 CCO=EFLAGS
EFER=0000000000000d00
Servicing hardware INT=0x20
   398: v=20 e=0000 i=0 cpl=0 IP=0038:00000000be24556b pc=00000000be24556b SP=0030:00000000bfec1750 env->regs[R_EAX]=0000000000000012
RAX=0000000000000012 RBX=00000000bfe57010 RCX=00000000bfec17b0 RDX=0000000000000000
RSI=00000000953b2000 RDI=0000000000000002 RBP=00000000bfec1790 RSP=00000000bfec1750
R8 =0000000000000004 R9 =0000000000000000 R10=0000000000000085 R11=0000000000000000
R12=00000000bfe5a698 R13=0000000000000005 R14=00000000bfe5a498 R15=00000000bfe58a58
RIP=00000000be24556b RFL=00000212 [----A--] CPL=0 II=0 A20=1 SMM=0 HLT=0
ES =0030 0000000000000000 ffffffff 00cf9300 DPL=0 DS   [-WA]
CS =0038 0000000000000000 ffffffff 00af9a00 DPL=0 CS64 [-R-]
SS =0030 0000000000000000 ffffffff 00cf9300 DPL=0 DS   [-WA]
DS =0030 0000000000000000 ffffffff 00cf9300 DPL=0 DS   [-WA]
FS =0030 0000000000000000 ffffffff 00cf9300 DPL=0 DS   [-WA]
GS =0030 0000000000000000 ffffffff 00cf9300 DPL=0 DS   [-WA]
LDT=0000 0000000000000000 0000ffff 00008200 DPL=0 LDT
TR =0000 0000000000000000 0000ffff 00008b00 DPL=0 TSS64-busy
GDT=     00000000bf9de000 00000047
IDT=     00000000bf4d2018 00000fff
CR0=80010033 CR2=0000000000000000 CR3=00000000bfc01000 CR4=00000668
DR0=0000000000000000 DR1=0000000000000000 DR2=0000000000000000 DR3=0000000000000000 
DR6=00000000ffff0ff0 DR7=0000000000000400
CCS=0000000000000010 CCD=0000000000000004 CCO=EFLAGS
EFER=0000000000000d00
Servicing hardware INT=0x20
   399: v=20 e=0000 i=0 cpl=0 IP=0038:00000000be258042 pc=00000000be258042 SP=0030:00000000bfec1740 env->regs[R_EAX]=0000000000000000
RAX=0000000000000000 RBX=00000000bfe57010 RCX=0000000000000000 RDX=0000000000000080
RSI=0000000000000000 RDI=00000000bfec1830 RBP=00000000bfec1790 RSP=00000000bfec1740
R8 =00000000bfe5aa98 R9 =0000000000000002 R10=0000000000000090 R11=0000000000000000
R12=0000000000000000 R13=0000000000000002 R14=0000000000000000 R15=00000000bfe590e8
RIP=00000000be258042 RFL=00000246 [---Z-P-] CPL=0 II=0 A20=1 SMM=0 HLT=0
ES =0030 0000000000000000 ffffffff 00cf9300 DPL=0 DS   [-WA]
CS =0038 0000000000000000 ffffffff 00af9a00 DPL=0 CS64 [-R-]
SS =0030 0000000000000000 ffffffff 00cf9300 DPL=0 DS   [-WA]
DS =0030 0000000000000000 ffffffff 00cf9300 DPL=0 DS   [-WA]
FS =0030 0000000000000000 ffffffff 00cf9300 DPL=0 DS   [-WA]
GS =0030 0000000000000000 ffffffff 00cf9300 DPL=0 DS   [-WA]
LDT=0000 0000000000000000 0000ffff 00008200 DPL=0 LDT
TR =0000 0000000000000000 0000ffff 00008b00 DPL=0 TSS64-busy
GDT=     00000000bf9de000 00000047
IDT=     00000000bf4d2018 00000fff
CR0=80010033 CR2=0000000000000000 CR3=00000000bfc01000 CR4=00000668
DR0=0000000000000000 DR1=0000000000000000 DR2=0000000000000000 DR3=0000000000000000 
DR6=00000000ffff0ff0 DR7=0000000000000400
CCS=0000000000000044 CCD=fffffffffffffff1 CCO=EFLAGS
EFER=0000000000000d00
Servicing hardware INT=0x20
   400: v=20 e=0000 i=0 cpl=0 IP=0038:00000000be258042 pc=00000000be258042 SP=0030:00000000bfec1740 env->regs[R_EAX]=0000000000000000
RAX=0000000000000000 RBX=00000000bfe57010 RCX=0000000000000000 RDX=0000000000000080
RSI=0000000000000000 RDI=00000000bfec1830 RBP=00000000bfec1790 RSP=00000000bfec1740
R8 =00000000bfe5aa98 R9 =0000000000000002 R10=000000000000008f R11=0000000000000000
R12=0000000000000000 R13=0000000000000002 R14=0000000000000001 R15=00000000bfe590e8
RIP=00000000be258042 RFL=00000246 [---Z-P-] CPL=0 II=0 A20=1 SMM=0 HLT=0
ES =0030 0000000000000000 ffffffff 00cf9300 DPL=0 DS   [-WA]
CS =0038 0000000000000000 ffffffff 00af9a00 DPL=0 CS64 [-R-]
SS =0030 0000000000000000 ffffffff 00cf9300 DPL=0 DS   [-WA]
DS =0030 0000000000000000 ffffffff 00cf9300 DPL=0 DS   [-WA]
FS =0030 0000000000000000 ffffffff 00cf9300 DPL=0 DS   [-WA]
GS =0030 0000000000000000 ffffffff 00cf9300 DPL=0 DS   [-WA]
LDT=0000 0000000000000000 0000ffff 00008200 DPL=0 LDT
TR =0000 0000000000000000 0000ffff 00008b00 DPL=0 TSS64-busy
GDT=     00000000bf9de000 00000047
IDT=     00000000bf4d2018 00000fff
CR0=80010033 CR2=0000000000000000 CR3=00000000bfc01000 CR4=00000668
DR0=0000000000000000 DR1=0000000000000000 DR2=0000000000000000 DR3=0000000000000000 
DR6=00000000ffff0ff0 DR7=0000000000000400
CCS=0000000000000044 CCD=fffffffffffffff2 CCO=EFLAGS
EFER=0000000000000d00
Servicing hardware INT=0x20
   401: v=20 e=0000 i=0 cpl=0 IP=0038:00000000be2436b0 pc=00000000be2436b0 SP=0030:00000000bfec1640 env->regs[R_EAX]=0000000000000011
RAX=0000000000000011 RBX=0000000000000011 RCX=0000000000000011 RDX=00000000b9ec591f
RSI=00000000ffffb4e5 RDI=0000000000000010 RBP=00000000bfec1790 RSP=00000000bfec1640
R8 =000000000000005c R9 =00000000ffff2a3d R10=0000000000000011 R11=00000000fffec030
R12=00000000ffffffef R13=00000000fffec030 R14=00000000fffe869d R15=0000000000000000
RIP=00000000be2436b0 RFL=00000283 [--S---C] CPL=0 II=0 A20=1 SMM=0 HLT=0
ES =0030 0000000000000000 ffffffff 00cf9300 DPL=0 DS   [-WA]
CS =0038 0000000000000000 ffffffff 00af9a00 DPL=0 CS64 [-R-]
SS =0030 0000000000000000 ffffffff 00cf9300 DPL=0 DS   [-WA]
DS =0030 0000000000000000 ffffffff 00cf9300 DPL=0 DS   [-WA]
FS =0030 0000000000000000 ffffffff 00cf9300 DPL=0 DS   [-WA]
GS =0030 0000000000000000 ffffffff 00cf9300 DPL=0 DS   [-WA]
LDT=0000 0000000000000000 0000ffff 00008200 DPL=0 LDT
TR =0000 0000000000000000 0000ffff 00008b00 DPL=0 TSS64-busy
GDT=     00000000bf9de000 00000047
IDT=     00000000bf4d2018 00000fff
CR0=80010033 CR2=0000000000000000 CR3=00000000bfc01000 CR4=00000668
DR0=0000000000000000 DR1=0000000000000000 DR2=0000000000000000 DR3=0000000000000000 
DR6=00000000ffff0ff0 DR7=0000000000000400
CCS=0000000000000081 CCD=ffffffffffffff40 CCO=EFLAGS
EFER=0000000000000d00
Servicing hardware INT=0x20
   402: v=20 e=0000 i=0 cpl=0 IP=0038:00000000be243490 pc=00000000be243490 SP=0030:00000000bfec1640 env->regs[R_EAX]=0000000000000000
RAX=0000000000000000 RBX=0000000000000000 RCX=0000000000000000 RDX=00000000bfec17b0
RSI=000000000000003c RDI=00000000b930d6b0 RBP=00000000bfec1790 RSP=00000000bfec1640
R8 =0000000000000000 R9 =0000000000000000 R10=0000000000000090 R11=0000000000000000
R12=00000000bfe5b770 R13=0000000000000000 R14=00000000003bc400 R15=00000000000002a0
RIP=00000000be243490 RFL=00000287 [--S--PC] CPL=0 II=0 A20=1 SMM=0 HLT=0
ES =0030 0000000000000000 ffffffff 00cf9300 DPL=0 DS   [-WA]
CS =0038 0000000000000000 ffffffff 00af9a00 DPL=0 CS64 [-R-]
SS =0030 0000000000000000 ffffffff 00cf9300 DPL=0 DS   [-WA]
DS =0030 0000000000000000 ffffffff 00cf9300 DPL=0 DS   [-WA]
FS =0030 0000000000000000 ffffffff 00cf9300 DPL=0 DS   [-WA]
GS =0030 0000000000000000 ffffffff 00cf9300 DPL=0 DS   [-WA]
LDT=0000 0000000000000000 0000ffff 00008200 DPL=0 LDT
TR =0000 0000000000000000 0000ffff 00008b00 DPL=0 TSS64-busy
GDT=     00000000bf9de000 00000047
IDT=     00000000bf4d2018 00000fff
CR0=80010033 CR2=0000000000000000 CR3=00000000bfc01000 CR4=00000668
DR0=0000000000000000 DR1=0000000000000000 DR2=0000000000000000 DR3=0000000000000000 
DR6=00000000ffff0ff0 DR7=0000000000000400
CCS=0000000000000085 CCD=fffffffffffffffc CCO=EFLAGS
EFER=0000000000000d00
Servicing hardware INT=0x20
   403: v=20 e=0000 i=0 cpl=0 IP=0038:00000000be2436b0 pc=00000000be2436b0 SP=0030:00000000bfec1640 env->regs[R_EAX]=000000000000000e
RAX=000000000000000e RBX=0000000000000010 RCX=000000000000000e RDX=00000000b9f16417
RSI=00000000ffff6052 RDI=000000000000000f RBP=00000000bfec1790 RSP=00000000bfec1640
R8 =00000000000000bc R9 =00000000fffedc8e R10=0000000000000010 R11=00000000ffffa574
R12=00000000fffffffe R13=00000000fffed014 R14=000000000000b55a R15=000000000000000c
RIP=00000000be2436b0 RFL=00000287 [--S--PC] CPL=0 II=0 A20=1 SMM=0 HLT=0
ES =0030 0000000000000000 ffffffff 00cf9300 DPL=0 DS   [-WA]
CS =0038 0000000000000000 ffffffff 00af9a00 DPL=0 CS64 [-R-]
SS =0030 0000000000000000 ffffffff 00cf9300 DPL=0 DS   [-WA]
DS =0030 0000000000000000 ffffffff 00cf9300 DPL=0 DS   [-WA]
FS =0030 0000000000000000 ffffffff 00cf9300 DPL=0 DS   [-WA]
GS =0030 0000000000000000 ffffffff 00cf9300 DPL=0 DS   [-WA]
LDT=0000 0000000000000000 0000ffff 00008200 DPL=0 LDT
TR =0000 0000000000000000 0000ffff 00008b00 DPL=0 TSS64-busy
GDT=     00000000bf9de000 00000047
IDT=     00000000bf4d2018 00000fff
CR0=80010033 CR2=0000000000000000 CR3=00000000bfc01000 CR4=00000668
DR0=0000000000000000 DR1=0000000000000000 DR2=0000000000000000 DR3=0000000000000000 
DR6=00000000ffff0ff0 DR7=0000000000000400
CCS=0000000000000085 CCD=ffffffffffffffa0 CCO=EFLAGS
EFER=0000000000000d00
Servicing hardware INT=0x20
   404: v=20 e=0000 i=0 cpl=0 IP=0038:00000000be2436b0 pc=00000000be2436b0 SP=0030:00000000bfec1640 env->regs[R_EAX]=000000000000000c
RAX=000000000000000c RBX=000000000000000c RCX=000000000000000c RDX=00000000b9f3f1c7
RSI=0000000000000000 RDI=000000000000000c RBP=00000000bfec1790 RSP=00000000bfec1640
R8 =00000000000000fc R9 =0000000000000000 R10=000000000000000c R11=0000000000000000
R12=0000000000000000 R13=0000000000000000 R14=0000000000000000 R15=0000000000000000
RIP=00000000be2436b0 RFL=00000283 [--S---C] CPL=0 II=0 A20=1 SMM=0 HLT=0
ES =0030 0000000000000000 ffffffff 00cf9300 DPL=0 DS   [-WA]
CS =0038 0000000000000000 ffffffff 00af9a00 DPL=0 CS64 [-R-]
SS =0030 0000000000000000 ffffffff 00cf9300 DPL=0 DS   [-WA]
DS =0030 0000000000000000 ffffffff 00cf9300 DPL=0 DS   [-WA]
FS =0030 0000000000000000 ffffffff 00cf9300 DPL=0 DS   [-WA]
GS =0030 0000000000000000 ffffffff 00cf9300 DPL=0 DS   [-WA]
LDT=0000 0000000000000000 0000ffff 00008200 DPL=0 LDT
TR =0000 0000000000000000 0000ffff 00008b00 DPL=0 TSS64-busy
GDT=     00000000bf9de000 00000047
IDT=     00000000bf4d2018 00000fff
CR0=80010033 CR2=0000000000000000 CR3=00000000bfc01000 CR4=00000668
DR0=0000000000000000 DR1=0000000000000000 DR2=0000000000000000 DR3=0000000000000000 
DR6=00000000ffff0ff0 DR7=0000000000000400
CCS=0000000000000081 CCD=ffffffffffffffe0 CCO=EFLAGS
EFER=0000000000000d00
Servicing hardware INT=0x20
   405: v=20 e=0000 i=0 cpl=0 IP=0038:00000000be2436b0 pc=00000000be2436b0 SP=0030:00000000bfec1640 env->regs[R_EAX]=000000000000000d
RAX=000000000000000d RBX=000000000000000d RCX=000000000000000d RDX=00000000b9f62307
RSI=0000000000000000 RDI=000000000000000d RBP=00000000bfec1790 RSP=00000000bfec1640
R8 =000000000000003c R9 =0000000000000000 R10=000000000000000d R11=0000000000000000
R12=0000000000000000 R13=0000000000000000 R14=0000000000000000 R15=0000000000000000
RIP=00000000be2436b0 RFL=00000283 [--S---C] CPL=0 II=0 A20=1 SMM=0 HLT=0
ES =0030 0000000000000000 ffffffff 00cf9300 DPL=0 DS   [-WA]
CS =0038 0000000000000000 ffffffff 00af9a00 DPL=0 CS64 [-R-]
SS =0030 0000000000000000 ffffffff 00cf9300 DPL=0 DS   [-WA]
DS =0030 0000000000000000 ffffffff 00cf9300 DPL=0 DS   [-WA]
FS =0030 0000000000000000 ffffffff 00cf9300 DPL=0 DS   [-WA]
GS =0030 0000000000000000 ffffffff 00cf9300 DPL=0 DS   [-WA]
LDT=0000 0000000000000000 0000ffff 00008200 DPL=0 LDT
TR =0000 0000000000000000 0000ffff 00008b00 DPL=0 TSS64-busy
GDT=     00000000bf9de000 00000047
IDT=     00000000bf4d2018 00000fff
CR0=80010033 CR2=0000000000000000 CR3=00000000bfc01000 CR4=00000668
DR0=0000000000000000 DR1=0000000000000000 DR2=0000000000000000 DR3=0000000000000000 
DR6=00000000ffff0ff0 DR7=0000000000000400
CCS=0000000000000081 CCD=ffffffffffffff20 CCO=EFLAGS
EFER=0000000000000d00
Servicing hardware INT=0x20
   406: v=20 e=0000 i=0 cpl=0 IP=0038:00000000be2434d3 pc=00000000be2434d3 SP=0030:00000000bfec1640 env->regs[R_EAX]=0000000000000003
RAX=0000000000000003 RBX=0000000000000000 RCX=0000000000000001 RDX=00000000bfec17b0
RSI=0000000000000038 RDI=00000000b9999ed8 RBP=00000000bfec1790 RSP=00000000bfec1640
R8 =0000000000000000 R9 =0000000000000003 R10=000000000000000e R11=0000000000019de0
R12=00000000bfe5b710 R13=0000000000000000 R14=0000000000459c00 R15=00000000000002c8
RIP=00000000be2434d3 RFL=00000206 [-----P-] CPL=0 II=0 A20=1 SMM=0 HLT=0
ES =0030 0000000000000000 ffffffff 00cf9300 DPL=0 DS   [-WA]
CS =0038 0000000000000000 ffffffff 00af9a00 DPL=0 CS64 [-R-]
SS =0030 0000000000000000 ffffffff 00cf9300 DPL=0 DS   [-WA]
DS =0030 0000000000000000 ffffffff 00cf9300 DPL=0 DS   [-WA]
FS =0030 0000000000000000 ffffffff 00cf9300 DPL=0 DS   [-WA]
GS =0030 0000000000000000 ffffffff 00cf9300 DPL=0 DS   [-WA]
LDT=0000 0000000000000000 0000ffff 00008200 DPL=0 LDT
TR =0000 0000000000000000 0000ffff 00008b00 DPL=0 TSS64-busy
GDT=     00000000bf9de000 00000047
IDT=     00000000bf4d2018 00000fff
CR0=80010033 CR2=0000000000000000 CR3=00000000bfc01000 CR4=00000668
DR0=0000000000000000 DR1=0000000000000000 DR2=0000000000000000 DR3=0000000000000000 
DR6=00000000ffff0ff0 DR7=0000000000000400
CCS=0000000000000004 CCD=0000000000000003 CCO=EFLAGS
EFER=0000000000000d00
Servicing hardware INT=0x20
   407: v=20 e=0000 i=0 cpl=0 IP=0038:00000000be258042 pc=00000000be258042 SP=0030:00000000bfec1740 env->regs[R_EAX]=0000000000000000
RAX=0000000000000000 RBX=00000000bfe57010 RCX=0000000000000000 RDX=0000000000000080
RSI=0000000000000000 RDI=00000000bfec1830 RBP=00000000bfec1790 RSP=00000000bfec1740
R8 =00000000bfe5aa98 R9 =0000000000000001 R10=000000000000000c R11=0000000000000000
R12=0000000000000000 R13=0000000000000001 R14=0000000000000001 R15=00000000bfe590e8
RIP=00000000be258042 RFL=00000246 [---Z-P-] CPL=0 II=0 A20=1 SMM=0 HLT=0
ES =0030 0000000000000000 ffffffff 00cf9300 DPL=0 DS   [-WA]
CS =0038 0000000000000000 ffffffff 00af9a00 DPL=0 CS64 [-R-]
SS =0030 0000000000000000 ffffffff 00cf9300 DPL=0 DS   [-WA]
DS =0030 0000000000000000 ffffffff 00cf9300 DPL=0 DS   [-WA]
FS =0030 0000000000000000 ffffffff 00cf9300 DPL=0 DS   [-WA]
GS =0030 0000000000000000 ffffffff 00cf9300 DPL=0 DS   [-WA]
LDT=0000 0000000000000000 0000ffff 00008200 DPL=0 LDT
TR =0000 0000000000000000 0000ffff 00008b00 DPL=0 TSS64-busy
GDT=     00000000bf9de000 00000047
IDT=     00000000bf4d2018 00000fff
CR0=80010033 CR2=0000000000000000 CR3=00000000bfc01000 CR4=00000668
DR0=0000000000000000 DR1=0000000000000000 DR2=0000000000000000 DR3=0000000000000000 
DR6=00000000ffff0ff0 DR7=0000000000000400
CCS=0000000000000044 CCD=fffffffffffffff2 CCO=EFLAGS
EFER=0000000000000d00
Servicing hardware INT=0x20
   408: v=20 e=0000 i=0 cpl=0 IP=0038:00000000be24364b pc=00000000be24364b SP=0030:00000000bfec1640 env->regs[R_EAX]=0000000000000000
RAX=0000000000000000 RBX=0000000000000000 RCX=0000000000000000 RDX=00000000bfec17b0
RSI=000000000000003b RDI=00000000b93eeaa8 RBP=00000000bfec1790 RSP=00000000bfec1640
R8 =0000000000000000 R9 =0000000000000000 R10=0000000000000091 R11=0000000000000000
R12=00000000bfe5b770 R13=0000000000000000 R14=000000000049d400 R15=0000000000000698
RIP=00000000be24364b RFL=00000246 [---Z-P-] CPL=0 II=0 A20=1 SMM=0 HLT=0
ES =0030 0000000000000000 ffffffff 00cf9300 DPL=0 DS   [-WA]
CS =0038 0000000000000000 ffffffff 00af9a00 DPL=0 CS64 [-R-]
SS =0030 0000000000000000 ffffffff 00cf9300 DPL=0 DS   [-WA]
DS =0030 0000000000000000 ffffffff 00cf9300 DPL=0 DS   [-WA]
FS =0030 0000000000000000 ffffffff 00cf9300 DPL=0 DS   [-WA]
GS =0030 0000000000000000 ffffffff 00cf9300 DPL=0 DS   [-WA]
LDT=0000 0000000000000000 0000ffff 00008200 DPL=0 LDT
TR =0000 0000000000000000 0000ffff 00008b00 DPL=0 TSS64-busy
GDT=     00000000bf9de000 00000047
IDT=     00000000bf4d2018 00000fff
CR0=80010033 CR2=0000000000000000 CR3=00000000bfc01000 CR4=00000668
DR0=0000000000000000 DR1=0000000000000000 DR2=0000000000000000 DR3=0000000000000000 
DR6=00000000ffff0ff0 DR7=0000000000000400
CCS=0000000000000044 CCD=0000000000000000 CCO=EFLAGS
EFER=0000000000000d00
Servicing hardware INT=0x20
   409: v=20 e=0000 i=0 cpl=0 IP=0038:00000000be2452a0 pc=00000000be2452a0 SP=0030:00000000bfec1798 env->regs[R_EAX]=00000000bfe5a498
RAX=00000000bfe5a498 RBX=0000000000000000 RCX=00000000bfe58a58 RDX=00000000bfe57018
RSI=00000000bfec17b0 RDI=00000000bfe57010 RBP=00000000bfec1d10 RSP=00000000bfec1798
R8 =00000000bfe5a698 R9 =0000000000000000 R10=0000000000000089 R11=0000000000000000
R12=00000000bfe5b6b0 R13=0000000000000000 R14=0000000000000001 R15=0000000000000001
RIP=00000000be2452a0 RFL=00000202 [-------] CPL=0 II=0 A20=1 SMM=0 HLT=0
ES =0030 0000000000000000 ffffffff 00cf9300 DPL=0 DS   [-WA]
CS =0038 0000000000000000 ffffffff 00af9a00 DPL=0 CS64 [-R-]
SS =0030 0000000000000000 ffffffff 00cf9300 DPL=0 DS   [-WA]
DS =0030 0000000000000000 ffffffff 00cf9300 DPL=0 DS   [-WA]
FS =0030 0000000000000000 ffffffff 00cf9300 DPL=0 DS   [-WA]
GS =0030 0000000000000000 ffffffff 00cf9300 DPL=0 DS   [-WA]
LDT=0000 0000000000000000 0000ffff 00008200 DPL=0 LDT
TR =0000 0000000000000000 0000ffff 00008b00 DPL=0 TSS64-busy
GDT=     00000000bf9de000 00000047
IDT=     00000000bf4d2018 00000fff
CR0=80010033 CR2=0000000000000000 CR3=00000000bfc01000 CR4=00000668
DR0=0000000000000000 DR1=0000000000000000 DR2=0000000000000000 DR3=0000000000000000 
DR6=00000000ffff0ff0 DR7=0000000000000400
CCS=0000000000000000 CCD=00000000bfe5a498 CCO=EFLAGS
EFER=0000000000000d00
Servicing hardware INT=0x20
   410: v=20 e=0000 i=0 cpl=0 IP=0038:00000000be258042 pc=00000000be258042 SP=0030:00000000bfec1740 env->regs[R_EAX]=0000000000000000
RAX=0000000000000000 RBX=00000000bfe57010 RCX=0000000000000000 RDX=0000000000000080
RSI=0000000000000000 RDI=00000000bfec1830 RBP=00000000bfec1790 RSP=00000000bfec1740
R8 =00000000bfe5aa98 R9 =0000000000000002 R10=0000000000000092 R11=0000000000000000
R12=0000000000000000 R13=0000000000000002 R14=0000000000000001 R15=00000000bfe590e8
RIP=00000000be258042 RFL=00000246 [---Z-P-] CPL=0 II=0 A20=1 SMM=0 HLT=0
ES =0030 0000000000000000 ffffffff 00cf9300 DPL=0 DS   [-WA]
CS =0038 0000000000000000 ffffffff 00af9a00 DPL=0 CS64 [-R-]
SS =0030 0000000000000000 ffffffff 00cf9300 DPL=0 DS   [-WA]
DS =0030 0000000000000000 ffffffff 00cf9300 DPL=0 DS   [-WA]
FS =0030 0000000000000000 ffffffff 00cf9300 DPL=0 DS   [-WA]
GS =0030 0000000000000000 ffffffff 00cf9300 DPL=0 DS   [-WA]
LDT=0000 0000000000000000 0000ffff 00008200 DPL=0 LDT
TR =0000 0000000000000000 0000ffff 00008b00 DPL=0 TSS64-busy
GDT=     00000000bf9de000 00000047
IDT=     00000000bf4d2018 00000fff
CR0=80010033 CR2=0000000000000000 CR3=00000000bfc01000 CR4=00000668
DR0=0000000000000000 DR1=0000000000000000 DR2=0000000000000000 DR3=0000000000000000 
DR6=00000000ffff0ff0 DR7=0000000000000400
CCS=0000000000000044 CCD=fffffffffffffff2 CCO=EFLAGS
EFER=0000000000000d00
Servicing hardware INT=0x20
   411: v=20 e=0000 i=0 cpl=0 IP=0038:00000000be258042 pc=00000000be258042 SP=0030:00000000bfec1740 env->regs[R_EAX]=0000000000000000
RAX=0000000000000000 RBX=00000000bfe57010 RCX=0000000000000000 RDX=0000000000000080
RSI=0000000000000000 RDI=00000000bfec1830 RBP=00000000bfec1790 RSP=00000000bfec1740
R8 =00000000bfe5aa98 R9 =0000000000000002 R10=0000000000000091 R11=0000000000000000
R12=0000000000000000 R13=0000000000000002 R14=0000000000000001 R15=00000000bfe590e8
RIP=00000000be258042 RFL=00000246 [---Z-P-] CPL=0 II=0 A20=1 SMM=0 HLT=0
ES =0030 0000000000000000 ffffffff 00cf9300 DPL=0 DS   [-WA]
CS =0038 0000000000000000 ffffffff 00af9a00 DPL=0 CS64 [-R-]
SS =0030 0000000000000000 ffffffff 00cf9300 DPL=0 DS   [-WA]
DS =0030 0000000000000000 ffffffff 00cf9300 DPL=0 DS   [-WA]
FS =0030 0000000000000000 ffffffff 00cf9300 DPL=0 DS   [-WA]
GS =0030 0000000000000000 ffffffff 00cf9300 DPL=0 DS   [-WA]
LDT=0000 0000000000000000 0000ffff 00008200 DPL=0 LDT
TR =0000 0000000000000000 0000ffff 00008b00 DPL=0 TSS64-busy
GDT=     00000000bf9de000 00000047
IDT=     00000000bf4d2018 00000fff
CR0=80010033 CR2=0000000000000000 CR3=00000000bfc01000 CR4=00000668
DR0=0000000000000000 DR1=0000000000000000 DR2=0000000000000000 DR3=0000000000000000 
DR6=00000000ffff0ff0 DR7=0000000000000400
CCS=0000000000000044 CCD=fffffffffffffff2 CCO=EFLAGS
EFER=0000000000000d00
Servicing hardware INT=0x20
   412: v=20 e=0000 i=0 cpl=0 IP=0038:00000000be2436b0 pc=00000000be2436b0 SP=0030:00000000bfec1640 env->regs[R_EAX]=000000000000001b
RAX=000000000000001b RBX=000000000000001b RCX=000000000000001b RDX=00000000ba06c927
RSI=0000000000000000 RDI=000000000000001b RBP=00000000bfec1790 RSP=00000000bfec1640
R8 =000000000000009c R9 =0000000000000000 R10=000000000000001b R11=0000000000000000
R12=0000000000000000 R13=0000000000000000 R14=0000000000000000 R15=0000000000000000
RIP=00000000be2436b0 RFL=00000283 [--S---C] CPL=0 II=0 A20=1 SMM=0 HLT=0
ES =0030 0000000000000000 ffffffff 00cf9300 DPL=0 DS   [-WA]
CS =0038 0000000000000000 ffffffff 00af9a00 DPL=0 CS64 [-R-]
SS =0030 0000000000000000 ffffffff 00cf9300 DPL=0 DS   [-WA]
DS =0030 0000000000000000 ffffffff 00cf9300 DPL=0 DS   [-WA]
FS =0030 0000000000000000 ffffffff 00cf9300 DPL=0 DS   [-WA]
GS =0030 0000000000000000 ffffffff 00cf9300 DPL=0 DS   [-WA]
LDT=0000 0000000000000000 0000ffff 00008200 DPL=0 LDT
TR =0000 0000000000000000 0000ffff 00008b00 DPL=0 TSS64-busy
GDT=     00000000bf9de000 00000047
IDT=     00000000bf4d2018 00000fff
CR0=80010033 CR2=0000000000000000 CR3=00000000bfc01000 CR4=00000668
DR0=0000000000000000 DR1=0000000000000000 DR2=0000000000000000 DR3=0000000000000000 
DR6=00000000ffff0ff0 DR7=0000000000000400
CCS=0000000000000081 CCD=ffffffffffffff80 CCO=EFLAGS
EFER=0000000000000d00
Servicing hardware INT=0x20
   413: v=20 e=0000 i=0 cpl=0 IP=0038:00000000be2436b0 pc=00000000be2436b0 SP=0030:00000000bfec1640 env->regs[R_EAX]=000000000000008b
RAX=000000000000008b RBX=000000000000008b RCX=000000000000008b RDX=00000000b94b499f
RSI=0000000000000000 RDI=000000000000008b RBP=00000000bfec1790 RSP=00000000bfec1640
R8 =000000000000005c R9 =0000000000000000 R10=000000000000008b R11=0000000000000000
R12=0000000000000000 R13=0000000000000000 R14=0000000000000000 R15=0000000000000000
RIP=00000000be2436b0 RFL=00000283 [--S---C] CPL=0 II=0 A20=1 SMM=0 HLT=0
ES =0030 0000000000000000 ffffffff 00cf9300 DPL=0 DS   [-WA]
CS =0038 0000000000000000 ffffffff 00af9a00 DPL=0 CS64 [-R-]
SS =0030 0000000000000000 ffffffff 00cf9300 DPL=0 DS   [-WA]
DS =0030 0000000000000000 ffffffff 00cf9300 DPL=0 DS   [-WA]
FS =0030 0000000000000000 ffffffff 00cf9300 DPL=0 DS   [-WA]
GS =0030 0000000000000000 ffffffff 00cf9300 DPL=0 DS   [-WA]
LDT=0000 0000000000000000 0000ffff 00008200 DPL=0 LDT
TR =0000 0000000000000000 0000ffff 00008b00 DPL=0 TSS64-busy
GDT=     00000000bf9de000 00000047
IDT=     00000000bf4d2018 00000fff
CR0=80010033 CR2=0000000000000000 CR3=00000000bfc01000 CR4=00000668
DR0=0000000000000000 DR1=0000000000000000 DR2=0000000000000000 DR3=0000000000000000 
DR6=00000000ffff0ff0 DR7=0000000000000400
CCS=0000000000000081 CCD=ffffffffffffff40 CCO=EFLAGS
EFER=0000000000000d00
Servicing hardware INT=0x20
   414: v=20 e=0000 i=0 cpl=0 IP=0038:00000000be23c338 pc=00000000be23c338 SP=0030:00000000bfec17a0 env->regs[R_EAX]=0000000000000001
RAX=0000000000000001 RBX=0000000000000000 RCX=0000000000000003 RDX=0000000000000000
RSI=0000000000000000 RDI=000000000000008d RBP=00000000bfec1d10 RSP=00000000bfec17a0
R8 =00000000bfe5b6b0 R9 =0000000000000000 R10=000000000000008d R11=0000000000000000
R12=00000000bfe5b6b0 R13=0000000000000001 R14=00000000bfe57010 R15=0000000000000001
RIP=00000000be23c338 RFL=00000246 [---Z-P-] CPL=0 II=0 A20=1 SMM=0 HLT=0
ES =0030 0000000000000000 ffffffff 00cf9300 DPL=0 DS   [-WA]
CS =0038 0000000000000000 ffffffff 00af9a00 DPL=0 CS64 [-R-]
SS =0030 0000000000000000 ffffffff 00cf9300 DPL=0 DS   [-WA]
DS =0030 0000000000000000 ffffffff 00cf9300 DPL=0 DS   [-WA]
FS =0030 0000000000000000 ffffffff 00cf9300 DPL=0 DS   [-WA]
GS =0030 0000000000000000 ffffffff 00cf9300 DPL=0 DS   [-WA]
LDT=0000 0000000000000000 0000ffff 00008200 DPL=0 LDT
TR =0000 0000000000000000 0000ffff 00008b00 DPL=0 TSS64-busy
GDT=     00000000bf9de000 00000047
IDT=     00000000bf4d2018 00000fff
CR0=80010033 CR2=0000000000000000 CR3=00000000bfc01000 CR4=00000668
DR0=0000000000000000 DR1=0000000000000000 DR2=0000000000000000 DR3=0000000000000000 
DR6=00000000ffff0ff0 DR7=0000000000000400
CCS=0000000000000044 CCD=00000000bfe5b6b0 CCO=EFLAGS
EFER=0000000000000d00
Servicing hardware INT=0x20
   415: v=20 e=0000 i=0 cpl=0 IP=0038:00000000be2438cb pc=00000000be2438cb SP=0030:00000000bfec1640 env->regs[R_EAX]=000000000000008d
RAX=000000000000008d RBX=000000000000008d RCX=000000000000008d RDX=00000000b950288f
RSI=0000000000000000 RDI=000000000000008d RBP=00000000bfec1790 RSP=00000000bfec1640
R8 =000000000000011c R9 =0000000000000000 R10=000000000000008d R11=0000000000000000
R12=0000000000000000 R13=0000000000000000 R14=0000000000000000 R15=0000000000000000
RIP=00000000be2438cb RFL=00000246 [---Z-P-] CPL=0 II=0 A20=1 SMM=0 HLT=0
ES =0030 0000000000000000 ffffffff 00cf9300 DPL=0 DS   [-WA]
CS =0038 0000000000000000 ffffffff 00af9a00 DPL=0 CS64 [-R-]
SS =0030 0000000000000000 ffffffff 00cf9300 DPL=0 DS   [-WA]
DS =0030 0000000000000000 ffffffff 00cf9300 DPL=0 DS   [-WA]
FS =0030 0000000000000000 ffffffff 00cf9300 DPL=0 DS   [-WA]
GS =0030 0000000000000000 ffffffff 00cf9300 DPL=0 DS   [-WA]
LDT=0000 0000000000000000 0000ffff 00008200 DPL=0 LDT
TR =0000 0000000000000000 0000ffff 00008b00 DPL=0 TSS64-busy
GDT=     00000000bf9de000 00000047
IDT=     00000000bf4d2018 00000fff
CR0=80010033 CR2=0000000000000000 CR3=00000000bfc01000 CR4=00000668
DR0=0000000000000000 DR1=0000000000000000 DR2=0000000000000000 DR3=0000000000000000 
DR6=00000000ffff0ff0 DR7=0000000000000400
CCS=0000000000000044 CCD=0000000000000000 CCO=EFLAGS
EFER=0000000000000d00
Servicing hardware INT=0x20
   416: v=20 e=0000 i=0 cpl=0 IP=0038:00000000be258039 pc=00000000be258039 SP=0030:00000000bfec1748 env->regs[R_EAX]=00000000bfe57aa9
RAX=00000000bfe57aa9 RBX=00000000bfe57010 RCX=00000000be25c99c RDX=0000000000000080
RSI=0000000000000000 RDI=00000000bfec17b0 RBP=00000000bfec1790 RSP=00000000bfec1748
R8 =00000000bfe5aa98 R9 =0000000000000002 R10=0000000000000097 R11=0000000000000000
R12=0000000000000000 R13=0000000000000002 R14=0000000000000001 R15=00000000bfe590e8
RIP=00000000be258039 RFL=00000246 [---Z-P-] CPL=0 II=0 A20=1 SMM=0 HLT=0
ES =0030 0000000000000000 ffffffff 00cf9300 DPL=0 DS   [-WA]
CS =0038 0000000000000000 ffffffff 00af9a00 DPL=0 CS64 [-R-]
SS =0030 0000000000000000 ffffffff 00cf9300 DPL=0 DS   [-WA]
DS =0030 0000000000000000 ffffffff 00cf9300 DPL=0 DS   [-WA]
FS =0030 0000000000000000 ffffffff 00cf9300 DPL=0 DS   [-WA]
GS =0030 0000000000000000 ffffffff 00cf9300 DPL=0 DS   [-WA]
LDT=0000 0000000000000000 0000ffff 00008200 DPL=0 LDT
TR =0000 0000000000000000 0000ffff 00008b00 DPL=0 TSS64-busy
GDT=     00000000bf9de000 00000047
IDT=     00000000bf4d2018 00000fff
CR0=80010033 CR2=0000000000000000 CR3=00000000bfc01000 CR4=00000668
DR0=0000000000000000 DR1=0000000000000000 DR2=0000000000000000 DR3=0000000000000000 
DR6=00000000ffff0ff0 DR7=0000000000000400
CCS=0000000000000044 CCD=fffffffffffffff2 CCO=EFLAGS
EFER=0000000000000d00
Servicing hardware INT=0x20
   417: v=20 e=0000 i=0 cpl=0 IP=0038:00000000be258040 pc=00000000be258040 SP=0030:00000000bfec1740 env->regs[R_EAX]=0000000000000000
RAX=0000000000000000 RBX=00000000017bc000 RCX=0000000001710001 RDX=00000000017bc000
RSI=0000000000000000 RDI=00000000b7840fff RBP=00000000bfec1790 RSP=00000000bfec1740
R8 =00000000000000a7 R9 =0000000000000002 R10=00000000000001f2 R11=fffffffffffffffd
R12=00000000bfec1758 R13=00000000ffffffff R14=00000000be2a4018 R15=00000000b7795000
RIP=00000000be258040 RFL=00010246 [---Z-P-] CPL=0 II=0 A20=1 SMM=0 HLT=0
ES =0030 0000000000000000 ffffffff 00cf9300 DPL=0 DS   [-WA]
CS =0038 0000000000000000 ffffffff 00af9a00 DPL=0 CS64 [-R-]
SS =0030 0000000000000000 ffffffff 00cf9300 DPL=0 DS   [-WA]
DS =0030 0000000000000000 ffffffff 00cf9300 DPL=0 DS   [-WA]
FS =0030 0000000000000000 ffffffff 00cf9300 DPL=0 DS   [-WA]
GS =0030 0000000000000000 ffffffff 00cf9300 DPL=0 DS   [-WA]
LDT=0000 0000000000000000 0000ffff 00008200 DPL=0 LDT
TR =0000 0000000000000000 0000ffff 00008b00 DPL=0 TSS64-busy
GDT=     00000000bf9de000 00000047
IDT=     00000000bf4d2018 00000fff
CR0=80010033 CR2=0000000000000000 CR3=00000000bfc01000 CR4=00000668
DR0=0000000000000000 DR1=0000000000000000 DR2=0000000000000000 DR3=0000000000000000 
DR6=00000000ffff0ff0 DR7=0000000000000400
CCS=0000000000000044 CCD=00000000bfec1718 CCO=EFLAGS
EFER=0000000000000d00
Servicing hardware INT=0x20
   418: v=20 e=0000 i=0 cpl=0 IP=0038:00000000be258040 pc=00000000be258040 SP=0030:00000000bfec1740 env->regs[R_EAX]=0000000000000000
RAX=0000000000000000 RBX=00000000017bc000 RCX=00000000012b0001 RDX=00000000017bc000
RSI=0000000000000000 RDI=00000000b7ca0fff RBP=00000000bfec1790 RSP=00000000bfec1740
R8 =00000000000000a7 R9 =0000000000000002 R10=00000000000001f2 R11=fffffffffffffffd
R12=00000000bfec1758 R13=00000000ffffffff R14=00000000be2a4018 R15=00000000b7795000
RIP=00000000be258040 RFL=00010246 [---Z-P-] CPL=0 II=0 A20=1 SMM=0 HLT=0
ES =0030 0000000000000000 ffffffff 00cf9300 DPL=0 DS   [-WA]
CS =0038 0000000000000000 ffffffff 00af9a00 DPL=0 CS64 [-R-]
SS =0030 0000000000000000 ffffffff 00cf9300 DPL=0 DS   [-WA]
DS =0030 0000000000000000 ffffffff 00cf9300 DPL=0 DS   [-WA]
FS =0030 0000000000000000 ffffffff 00cf9300 DPL=0 DS   [-WA]
GS =0030 0000000000000000 ffffffff 00cf9300 DPL=0 DS   [-WA]
LDT=0000 0000000000000000 0000ffff 00008200 DPL=0 LDT
TR =0000 0000000000000000 0000ffff 00008b00 DPL=0 TSS64-busy
GDT=     00000000bf9de000 00000047
IDT=     00000000bf4d2018 00000fff
CR0=80010033 CR2=0000000000000000 CR3=00000000bfc01000 CR4=00000668
DR0=0000000000000000 DR1=0000000000000000 DR2=0000000000000000 DR3=0000000000000000 
DR6=00000000ffff0ff0 DR7=0000000000000400
CCS=0000000000000044 CCD=0000000000000000 CCO=EFLAGS
EFER=0000000000000d00
Servicing hardware INT=0x20
   419: v=20 e=0000 i=0 cpl=0 IP=0038:00000000be258040 pc=00000000be258040 SP=0030:00000000bfec1740 env->regs[R_EAX]=0000000000000000
RAX=0000000000000000 RBX=00000000017bc000 RCX=0000000000e60001 RDX=00000000017bc000
RSI=0000000000000000 RDI=00000000b80f0fff RBP=00000000bfec1790 RSP=00000000bfec1740
R8 =00000000000000a7 R9 =0000000000000002 R10=00000000000001f2 R11=fffffffffffffffd
R12=00000000bfec1758 R13=00000000ffffffff R14=00000000be2a4018 R15=00000000b7795000
RIP=00000000be258040 RFL=00010246 [---Z-P-] CPL=0 II=0 A20=1 SMM=0 HLT=0
ES =0030 0000000000000000 ffffffff 00cf9300 DPL=0 DS   [-WA]
CS =0038 0000000000000000 ffffffff 00af9a00 DPL=0 CS64 [-R-]
SS =0030 0000000000000000 ffffffff 00cf9300 DPL=0 DS   [-WA]
DS =0030 0000000000000000 ffffffff 00cf9300 DPL=0 DS   [-WA]
FS =0030 0000000000000000 ffffffff 00cf9300 DPL=0 DS   [-WA]
GS =0030 0000000000000000 ffffffff 00cf9300 DPL=0 DS   [-WA]
LDT=0000 0000000000000000 0000ffff 00008200 DPL=0 LDT
TR =0000 0000000000000000 0000ffff 00008b00 DPL=0 TSS64-busy
GDT=     00000000bf9de000 00000047
IDT=     00000000bf4d2018 00000fff
CR0=80010033 CR2=0000000000000000 CR3=00000000bfc01000 CR4=00000668
DR0=0000000000000000 DR1=0000000000000000 DR2=0000000000000000 DR3=0000000000000000 
DR6=00000000ffff0ff0 DR7=0000000000000400
CCS=0000000000000044 CCD=0000000000000000 CCO=EFLAGS
EFER=0000000000000d00
Servicing hardware INT=0x20
   420: v=20 e=0000 i=0 cpl=0 IP=0038:00000000be258040 pc=00000000be258040 SP=0030:00000000bfec1740 env->regs[R_EAX]=0000000000000000
RAX=0000000000000000 RBX=00000000017bc000 RCX=0000000000a10001 RDX=00000000017bc000
RSI=0000000000000000 RDI=00000000b8540fff RBP=00000000bfec1790 RSP=00000000bfec1740
R8 =00000000000000a7 R9 =0000000000000002 R10=00000000000001f2 R11=fffffffffffffffd
R12=00000000bfec1758 R13=00000000ffffffff R14=00000000be2a4018 R15=00000000b7795000
RIP=00000000be258040 RFL=00010246 [---Z-P-] CPL=0 II=0 A20=1 SMM=0 HLT=0
ES =0030 0000000000000000 ffffffff 00cf9300 DPL=0 DS   [-WA]
CS =0038 0000000000000000 ffffffff 00af9a00 DPL=0 CS64 [-R-]
SS =0030 0000000000000000 ffffffff 00cf9300 DPL=0 DS   [-WA]
DS =0030 0000000000000000 ffffffff 00cf9300 DPL=0 DS   [-WA]
FS =0030 0000000000000000 ffffffff 00cf9300 DPL=0 DS   [-WA]
GS =0030 0000000000000000 ffffffff 00cf9300 DPL=0 DS   [-WA]
LDT=0000 0000000000000000 0000ffff 00008200 DPL=0 LDT
TR =0000 0000000000000000 0000ffff 00008b00 DPL=0 TSS64-busy
GDT=     00000000bf9de000 00000047
IDT=     00000000bf4d2018 00000fff
CR0=80010033 CR2=0000000000000000 CR3=00000000bfc01000 CR4=00000668
DR0=0000000000000000 DR1=0000000000000000 DR2=0000000000000000 DR3=0000000000000000 
DR6=00000000ffff0ff0 DR7=0000000000000400
CCS=0000000000000044 CCD=0000000000000000 CCO=EFLAGS
EFER=0000000000000d00
Servicing hardware INT=0x20
   421: v=20 e=0000 i=0 cpl=0 IP=0038:00000000be258040 pc=00000000be258040 SP=0030:00000000bfec1740 env->regs[R_EAX]=0000000000000000
RAX=0000000000000000 RBX=00000000017bc000 RCX=00000000005e0001 RDX=00000000017bc000
RSI=0000000000000000 RDI=00000000b8970fff RBP=00000000bfec1790 RSP=00000000bfec1740
R8 =00000000000000a7 R9 =0000000000000002 R10=00000000000001f2 R11=fffffffffffffffd
R12=00000000bfec1758 R13=00000000ffffffff R14=00000000be2a4018 R15=00000000b7795000
RIP=00000000be258040 RFL=00010246 [---Z-P-] CPL=0 II=0 A20=1 SMM=0 HLT=0
ES =0030 0000000000000000 ffffffff 00cf9300 DPL=0 DS   [-WA]
CS =0038 0000000000000000 ffffffff 00af9a00 DPL=0 CS64 [-R-]
SS =0030 0000000000000000 ffffffff 00cf9300 DPL=0 DS   [-WA]
DS =0030 0000000000000000 ffffffff 00cf9300 DPL=0 DS   [-WA]
FS =0030 0000000000000000 ffffffff 00cf9300 DPL=0 DS   [-WA]
GS =0030 0000000000000000 ffffffff 00cf9300 DPL=0 DS   [-WA]
LDT=0000 0000000000000000 0000ffff 00008200 DPL=0 LDT
TR =0000 0000000000000000 0000ffff 00008b00 DPL=0 TSS64-busy
GDT=     00000000bf9de000 00000047
IDT=     00000000bf4d2018 00000fff
CR0=80010033 CR2=0000000000000000 CR3=00000000bfc01000 CR4=00000668
DR0=0000000000000000 DR1=0000000000000000 DR2=0000000000000000 DR3=0000000000000000 
DR6=00000000ffff0ff0 DR7=0000000000000400
CCS=0000000000000044 CCD=0000000000000000 CCO=EFLAGS
EFER=0000000000000d00
Servicing hardware INT=0x20
   422: v=20 e=0000 i=0 cpl=0 IP=0038:00000000be258040 pc=00000000be258040 SP=0030:00000000bfec1740 env->regs[R_EAX]=0000000000000000
RAX=0000000000000000 RBX=00000000017bc000 RCX=00000000000f0001 RDX=00000000017bc000
RSI=0000000000000000 RDI=00000000b8e60fff RBP=00000000bfec1790 RSP=00000000bfec1740
R8 =00000000000000a7 R9 =0000000000000002 R10=00000000000001f2 R11=fffffffffffffffd
R12=00000000bfec1758 R13=00000000ffffffff R14=00000000be2a4018 R15=00000000b7795000
RIP=00000000be258040 RFL=00010246 [---Z-P-] CPL=0 II=0 A20=1 SMM=0 HLT=0
ES =0030 0000000000000000 ffffffff 00cf9300 DPL=0 DS   [-WA]
CS =0038 0000000000000000 ffffffff 00af9a00 DPL=0 CS64 [-R-]
SS =0030 0000000000000000 ffffffff 00cf9300 DPL=0 DS   [-WA]
DS =0030 0000000000000000 ffffffff 00cf9300 DPL=0 DS   [-WA]
FS =0030 0000000000000000 ffffffff 00cf9300 DPL=0 DS   [-WA]
GS =0030 0000000000000000 ffffffff 00cf9300 DPL=0 DS   [-WA]
LDT=0000 0000000000000000 0000ffff 00008200 DPL=0 LDT
TR =0000 0000000000000000 0000ffff 00008b00 DPL=0 TSS64-busy
GDT=     00000000bf9de000 00000047
IDT=     00000000bf4d2018 00000fff
CR0=80010033 CR2=0000000000000000 CR3=00000000bfc01000 CR4=00000668
DR0=0000000000000000 DR1=0000000000000000 DR2=0000000000000000 DR3=0000000000000000 
DR6=00000000ffff0ff0 DR7=0000000000000400
CCS=0000000000000044 CCD=0000000000000000 CCO=EFLAGS
EFER=0000000000000d00
Servicing hardware INT=0x20
   423: v=20 e=0000 i=0 cpl=0 IP=0038:00000000be243910 pc=00000000be243910 SP=0030:00000000bfec1770 env->regs[R_EAX]=0000000000000004
RAX=0000000000000004 RBX=0000000000000018 RCX=00000000b8fa6c90 RDX=00000000b9595c90
RSI=00000000b9b84c90 RDI=00000000b78edbf3 RBP=00000000bfec1790 RSP=00000000bfec1770
R8 =0000000000000b40 R9 =0000000000000000 R10=0000000000000678 R11=0000000000000009
R12=0000000000512600 R13=00000000000001e8 R14=0000000000000001 R15=00000000011b8400
RIP=00000000be243910 RFL=00000293 [--S-A-C] CPL=0 II=0 A20=1 SMM=0 HLT=0
ES =0030 0000000000000000 ffffffff 00cf9300 DPL=0 DS   [-WA]
CS =0038 0000000000000000 ffffffff 00af9a00 DPL=0 CS64 [-R-]
SS =0030 0000000000000000 ffffffff 00cf9300 DPL=0 DS   [-WA]
DS =0030 0000000000000000 ffffffff 00cf9300 DPL=0 DS   [-WA]
FS =0030 0000000000000000 ffffffff 00cf9300 DPL=0 DS   [-WA]
GS =0030 0000000000000000 ffffffff 00cf9300 DPL=0 DS   [-WA]
LDT=0000 0000000000000000 0000ffff 00008200 DPL=0 LDT
TR =0000 0000000000000000 0000ffff 00008b00 DPL=0 TSS64-busy
GDT=     00000000bf9de000 00000047
IDT=     00000000bf4d2018 00000fff
CR0=80010033 CR2=0000000000000000 CR3=00000000bfc01000 CR4=00000668
DR0=0000000000000000 DR1=0000000000000000 DR2=0000000000000000 DR3=0000000000000000 
DR6=00000000ffff0ff0 DR7=0000000000000400
CCS=0000000000000091 CCD=ffffffffffffff19 CCO=EFLAGS
EFER=0000000000000d00
Servicing hardware INT=0x20
   424: v=20 e=0000 i=0 cpl=0 IP=0038:00000000be2439a1 pc=00000000be2439a1 SP=0030:00000000bfec1770 env->regs[R_EAX]=0000000000000004
RAX=0000000000000004 RBX=0000000001a00000 RCX=00000000b9024a50 RDX=00000000b9613a50
RSI=00000000b9c02a50 RDI=00000000b7ae5c9b RBP=00000000bfec1790 RSP=00000000bfec1770
R8 =0000000000000b40 R9 =0000000000000000 R10=00000000000008e2 R11=0000000000000021
R12=00000000016edf00 R13=00000000000004b4 R14=0000000000000011 R15=0000000000000011
RIP=00000000be2439a1 RFL=00000206 [-----P-] CPL=0 II=0 A20=1 SMM=0 HLT=0
ES =0030 0000000000000000 ffffffff 00cf9300 DPL=0 DS   [-WA]
CS =0038 0000000000000000 ffffffff 00af9a00 DPL=0 CS64 [-R-]
SS =0030 0000000000000000 ffffffff 00cf9300 DPL=0 DS   [-WA]
DS =0030 0000000000000000 ffffffff 00cf9300 DPL=0 DS   [-WA]
FS =0030 0000000000000000 ffffffff 00cf9300 DPL=0 DS   [-WA]
GS =0030 0000000000000000 ffffffff 00cf9300 DPL=0 DS   [-WA]
LDT=0000 0000000000000000 0000ffff 00008200 DPL=0 LDT
TR =0000 0000000000000000 0000ffff 00008b00 DPL=0 TSS64-busy
GDT=     00000000bf9de000 00000047
IDT=     00000000bf4d2018 00000fff
CR0=80010033 CR2=0000000000000000 CR3=00000000bfc01000 CR4=00000668
DR0=0000000000000000 DR1=0000000000000000 DR2=0000000000000000 DR3=0000000000000000 
DR6=00000000ffff0ff0 DR7=0000000000000400
CCS=0000000000000004 CCD=0000000000000011 CCO=EFLAGS
EFER=0000000000000d00
Servicing hardware INT=0x20
   425: v=20 e=0000 i=0 cpl=0 IP=0038:00000000be243969 pc=00000000be243969 SP=0030:00000000bfec1770 env->regs[R_EAX]=0000000000000004
RAX=0000000000000004 RBX=0000000001800000 RCX=00000000b90a3350 RDX=00000000b9692350
RSI=00000000b9c81350 RDI=00000000b7cdfe7f RBP=00000000bfec1790 RSP=00000000bfec1770
R8 =0000000000000b40 R9 =0000000000000000 R10=000000000000085b R11=0000000000000020
R12=0000000001437200 R13=0000000000000784 R14=0000000000000006 R15=0000000001e1fa00
RIP=00000000be243969 RFL=00000297 [--S-APC] CPL=0 II=0 A20=1 SMM=0 HLT=0
ES =0030 0000000000000000 ffffffff 00cf9300 DPL=0 DS   [-WA]
CS =0038 0000000000000000 ffffffff 00af9a00 DPL=0 CS64 [-R-]
SS =0030 0000000000000000 ffffffff 00cf9300 DPL=0 DS   [-WA]
DS =0030 0000000000000000 ffffffff 00cf9300 DPL=0 DS   [-WA]
FS =0030 0000000000000000 ffffffff 00cf9300 DPL=0 DS   [-WA]
GS =0030 0000000000000000 ffffffff 00cf9300 DPL=0 DS   [-WA]
LDT=0000 0000000000000000 0000ffff 00008200 DPL=0 LDT
TR =0000 0000000000000000 0000ffff 00008b00 DPL=0 TSS64-busy
GDT=     00000000bf9de000 00000047
IDT=     00000000bf4d2018 00000fff
CR0=80010033 CR2=0000000000000000 CR3=00000000bfc01000 CR4=00000668
DR0=0000000000000000 DR1=0000000000000000 DR2=0000000000000000 DR3=0000000000000000 
DR6=00000000ffff0ff0 DR7=0000000000000400
CCS=0000000000000095 CCD=ffffffffffffff21 CCO=EFLAGS
EFER=0000000000000d00
Servicing hardware INT=0x20
   426: v=20 e=0000 i=0 cpl=0 IP=0038:00000000be24392d pc=00000000be24392d SP=0030:00000000bfec1770 env->regs[R_EAX]=0000000000000004
RAX=0000000000000004 RBX=0000000000000072 RCX=00000000b9123e10 RDX=00000000b9712e10
RSI=00000000b9d01e10 RDI=00000000b7ee1007 RBP=00000000bfec1790 RSP=00000000bfec1770
R8 =0000000000000b40 R9 =0000000000000000 R10=00000000000001fd R11=0000000000000045
R12=0000000003680500 R13=0000000000000a60 R14=000000000000002b R15=00000000036ee600
RIP=00000000be24392d RFL=00000212 [----A--] CPL=0 II=0 A20=1 SMM=0 HLT=0
ES =0030 0000000000000000 ffffffff 00cf9300 DPL=0 DS   [-WA]
CS =0038 0000000000000000 ffffffff 00af9a00 DPL=0 CS64 [-R-]
SS =0030 0000000000000000 ffffffff 00cf9300 DPL=0 DS   [-WA]
DS =0030 0000000000000000 ffffffff 00cf9300 DPL=0 DS   [-WA]
FS =0030 0000000000000000 ffffffff 00cf9300 DPL=0 DS   [-WA]
GS =0030 0000000000000000 ffffffff 00cf9300 DPL=0 DS   [-WA]
LDT=0000 0000000000000000 0000ffff 00008200 DPL=0 LDT
TR =0000 0000000000000000 0000ffff 00008b00 DPL=0 TSS64-busy
GDT=     00000000bf9de000 00000047
IDT=     00000000bf4d2018 00000fff
CR0=80010033 CR2=0000000000000000 CR3=00000000bfc01000 CR4=00000668
DR0=0000000000000000 DR1=0000000000000000 DR2=0000000000000000 DR3=0000000000000000 
DR6=00000000ffff0ff0 DR7=0000000000000400
CCS=0000000000000010 CCD=0000000000000943 CCO=EFLAGS
EFER=0000000000000d00
Servicing hardware INT=0x20
   427: v=20 e=0000 i=0 cpl=0 IP=0038:00000000be2439a1 pc=00000000be2439a1 SP=0030:00000000bfec1770 env->regs[R_EAX]=0000000000000004
RAX=0000000000000004 RBX=0000000001c00000 RCX=00000000b91a3250 RDX=00000000b9792250
RSI=00000000b9d81250 RDI=00000000b80df28f RBP=00000000bfec1790 RSP=00000000bfec1770
R8 =0000000000000b40 R9 =0000000000000000 R10=000000000000065f R11=0000000000000023
R12=00000000018edf00 R13=0000000000000d34 R14=0000000000000011 R15=0000000000000014
RIP=00000000be2439a1 RFL=00000206 [-----P-] CPL=0 II=0 A20=1 SMM=0 HLT=0
ES =0030 0000000000000000 ffffffff 00cf9300 DPL=0 DS   [-WA]
CS =0038 0000000000000000 ffffffff 00af9a00 DPL=0 CS64 [-R-]
SS =0030 0000000000000000 ffffffff 00cf9300 DPL=0 DS   [-WA]
DS =0030 0000000000000000 ffffffff 00cf9300 DPL=0 DS   [-WA]
FS =0030 0000000000000000 ffffffff 00cf9300 DPL=0 DS   [-WA]
GS =0030 0000000000000000 ffffffff 00cf9300 DPL=0 DS   [-WA]
LDT=0000 0000000000000000 0000ffff 00008200 DPL=0 LDT
TR =0000 0000000000000000 0000ffff 00008b00 DPL=0 TSS64-busy
GDT=     00000000bf9de000 00000047
IDT=     00000000bf4d2018 00000fff
CR0=80010033 CR2=0000000000000000 CR3=00000000bfc01000 CR4=00000668
DR0=0000000000000000 DR1=0000000000000000 DR2=0000000000000000 DR3=0000000000000000 
DR6=00000000ffff0ff0 DR7=0000000000000400
CCS=0000000000000004 CCD=0000000000000011 CCO=EFLAGS
EFER=0000000000000d00
Servicing hardware INT=0x20
   428: v=20 e=0000 i=0 cpl=0 IP=0038:00000000be24392d pc=00000000be24392d SP=0030:00000000bfec1770 env->regs[R_EAX]=0000000000000004
RAX=0000000000000004 RBX=000000000000005c RCX=00000000b9222690 RDX=00000000b9811690
RSI=00000000b9e00690 RDI=00000000b82dc1af RBP=00000000bfec1790 RSP=00000000bfec1770
R8 =0000000000000b40 R9 =0000000000000000 R10=00000000000005e7 R11=0000000000000031
R12=00000000026edf00 R13=0000000000001008 R14=000000000000001d R15=000000000319d800
RIP=00000000be24392d RFL=00000216 [----AP-] CPL=0 II=0 A20=1 SMM=0 HLT=0
ES =0030 0000000000000000 ffffffff 00cf9300 DPL=0 DS   [-WA]
CS =0038 0000000000000000 ffffffff 00af9a00 DPL=0 CS64 [-R-]
SS =0030 0000000000000000 ffffffff 00cf9300 DPL=0 DS   [-WA]
DS =0030 0000000000000000 ffffffff 00cf9300 DPL=0 DS   [-WA]
FS =0030 0000000000000000 ffffffff 00cf9300 DPL=0 DS   [-WA]
GS =0030 0000000000000000 ffffffff 00cf9300 DPL=0 DS   [-WA]
LDT=0000 0000000000000000 0000ffff 00008200 DPL=0 LDT
TR =0000 0000000000000000 0000ffff 00008b00 DPL=0 TSS64-busy
GDT=     00000000bf9de000 00000047
IDT=     00000000bf4d2018 00000fff
CR0=80010033 CR2=0000000000000000 CR3=00000000bfc01000 CR4=00000668
DR0=0000000000000000 DR1=0000000000000000 DR2=0000000000000000 DR3=0000000000000000 
DR6=00000000ffff0ff0 DR7=0000000000000400
CCS=0000000000000014 CCD=0000000000000559 CCO=EFLAGS
EFER=0000000000000d00
Servicing hardware INT=0x20
   429: v=20 e=0000 i=0 cpl=0 IP=0038:00000000be2439a1 pc=00000000be2439a1 SP=0030:00000000bfec1770 env->regs[R_EAX]=0000000000000004
RAX=0000000000000004 RBX=0000000001800000 RCX=00000000b92a3150 RDX=00000000b9892150
RSI=00000000b9e81150 RDI=00000000b84df243 RBP=00000000bfec1790 RSP=00000000bfec1770
R8 =0000000000000b40 R9 =0000000000000000 R10=000000000000074c R11=000000000000001e
R12=00000000015a4c00 R13=00000000000012e4 R14=000000000000000f R15=0000000000000011
RIP=00000000be2439a1 RFL=00000206 [-----P-] CPL=0 II=0 A20=1 SMM=0 HLT=0
ES =0030 0000000000000000 ffffffff 00cf9300 DPL=0 DS   [-WA]
CS =0038 0000000000000000 ffffffff 00af9a00 DPL=0 CS64 [-R-]
SS =0030 0000000000000000 ffffffff 00cf9300 DPL=0 DS   [-WA]
DS =0030 0000000000000000 ffffffff 00cf9300 DPL=0 DS   [-WA]
FS =0030 0000000000000000 ffffffff 00cf9300 DPL=0 DS   [-WA]
GS =0030 0000000000000000 ffffffff 00cf9300 DPL=0 DS   [-WA]
LDT=0000 0000000000000000 0000ffff 00008200 DPL=0 LDT
TR =0000 0000000000000000 0000ffff 00008b00 DPL=0 TSS64-busy
GDT=     00000000bf9de000 00000047
IDT=     00000000bf4d2018 00000fff
CR0=80010033 CR2=0000000000000000 CR3=00000000bfc01000 CR4=00000668
DR0=0000000000000000 DR1=0000000000000000 DR2=0000000000000000 DR3=0000000000000000 
DR6=00000000ffff0ff0 DR7=0000000000000400
CCS=0000000000000004 CCD=000000000000000f CCO=EFLAGS
EFER=0000000000000d00
Servicing hardware INT=0x20
   430: v=20 e=0000 i=0 cpl=0 IP=0038:00000000be243969 pc=00000000be243969 SP=0030:00000000bfec1770 env->regs[R_EAX]=0000000000000004
RAX=0000000000000004 RBX=0000000001d00000 RCX=00000000b931f890 RDX=00000000b990e890
RSI=00000000b9efd890 RDI=00000000b86d19d3 RBP=00000000bfec1790 RSP=00000000bfec1770
R8 =0000000000000b40 R9 =0000000000000000 R10=00000000000009f0 R11=0000000000000027
R12=0000000001780500 R13=00000000000015a8 R14=0000000000000007 R15=0000000001fe5400
RIP=00000000be243969 RFL=00000297 [--S-APC] CPL=0 II=0 A20=1 SMM=0 HLT=0
ES =0030 0000000000000000 ffffffff 00cf9300 DPL=0 DS   [-WA]
CS =0038 0000000000000000 ffffffff 00af9a00 DPL=0 CS64 [-R-]
SS =0030 0000000000000000 ffffffff 00cf9300 DPL=0 DS   [-WA]
DS =0030 0000000000000000 ffffffff 00cf9300 DPL=0 DS   [-WA]
FS =0030 0000000000000000 ffffffff 00cf9300 DPL=0 DS   [-WA]
GS =0030 0000000000000000 ffffffff 00cf9300 DPL=0 DS   [-WA]
LDT=0000 0000000000000000 0000ffff 00008200 DPL=0 LDT
TR =0000 0000000000000000 0000ffff 00008b00 DPL=0 TSS64-busy
GDT=     00000000bf9de000 00000047
IDT=     00000000bf4d2018 00000fff
CR0=80010033 CR2=0000000000000000 CR3=00000000bfc01000 CR4=00000668
DR0=0000000000000000 DR1=0000000000000000 DR2=0000000000000000 DR3=0000000000000000 
DR6=00000000ffff0ff0 DR7=0000000000000400
CCS=0000000000000095 CCD=ffffffffffffff28 CCO=EFLAGS
EFER=0000000000000d00
Servicing hardware INT=0x20
   431: v=20 e=0000 i=0 cpl=0 IP=0038:00000000be24392d pc=00000000be24392d SP=0030:00000000bfec1770 env->regs[R_EAX]=0000000000000004
RAX=0000000000000004 RBX=000000000000002a RCX=00000000b939d650 RDX=00000000b998c650
RSI=00000000b9f7b650 RDI=00000000b88c83ab RBP=00000000bfec1790 RSP=00000000bfec1770
R8 =0000000000000b40 R9 =0000000000000000 R10=00000000000006a6 R11=0000000000000018
R12=0000000000980500 R13=0000000000001874 R14=0000000000000003 R15=0000000001c5a000
RIP=00000000be24392d RFL=00000216 [----AP-] CPL=0 II=0 A20=1 SMM=0 HLT=0
ES =0030 0000000000000000 ffffffff 00cf9300 DPL=0 DS   [-WA]
CS =0038 0000000000000000 ffffffff 00af9a00 DPL=0 CS64 [-R-]
SS =0030 0000000000000000 ffffffff 00cf9300 DPL=0 DS   [-WA]
DS =0030 0000000000000000 ffffffff 00cf9300 DPL=0 DS   [-WA]
FS =0030 0000000000000000 ffffffff 00cf9300 DPL=0 DS   [-WA]
GS =0030 0000000000000000 ffffffff 00cf9300 DPL=0 DS   [-WA]
LDT=0000 0000000000000000 0000ffff 00008200 DPL=0 LDT
TR =0000 0000000000000000 0000ffff 00008b00 DPL=0 TSS64-busy
GDT=     00000000bf9de000 00000047
IDT=     00000000bf4d2018 00000fff
CR0=80010033 CR2=0000000000000000 CR3=00000000bfc01000 CR4=00000668
DR0=0000000000000000 DR1=0000000000000000 DR2=0000000000000000 DR3=0000000000000000 
DR6=00000000ffff0ff0 DR7=0000000000000400
CCS=0000000000000014 CCD=000000000000049a CCO=EFLAGS
EFER=0000000000000d00
Servicing hardware INT=0x20
   432: v=20 e=0000 i=0 cpl=0 IP=0038:00000000be243969 pc=00000000be243969 SP=0030:00000000bfec1770 env->regs[R_EAX]=0000000000000004
RAX=0000000000000004 RBX=0000000002800000 RCX=00000000b941d5d0 RDX=00000000b9a0c5d0
RSI=00000000b9ffb5d0 RDI=00000000b8ac6873 RBP=00000000bfec1790 RSP=00000000bfec1770
R8 =0000000000000b40 R9 =0000000000000000 R10=0000000000000058 R11=0000000000000033
R12=00000000022c9800 R13=0000000000001b4c R14=0000000000000008 R15=0000000002a87000
RIP=00000000be243969 RFL=00000293 [--S-A-C] CPL=0 II=0 A20=1 SMM=0 HLT=0
ES =0030 0000000000000000 ffffffff 00cf9300 DPL=0 DS   [-WA]
CS =0038 0000000000000000 ffffffff 00af9a00 DPL=0 CS64 [-R-]
SS =0030 0000000000000000 ffffffff 00cf9300 DPL=0 DS   [-WA]
DS =0030 0000000000000000 ffffffff 00cf9300 DPL=0 DS   [-WA]
FS =0030 0000000000000000 ffffffff 00cf9300 DPL=0 DS   [-WA]
GS =0030 0000000000000000 ffffffff 00cf9300 DPL=0 DS   [-WA]
LDT=0000 0000000000000000 0000ffff 00008200 DPL=0 LDT
TR =0000 0000000000000000 0000ffff 00008b00 DPL=0 TSS64-busy
GDT=     00000000bf9de000 00000047
IDT=     00000000bf4d2018 00000fff
CR0=80010033 CR2=0000000000000000 CR3=00000000bfc01000 CR4=00000668
DR0=0000000000000000 DR1=0000000000000000 DR2=0000000000000000 DR3=0000000000000000 
DR6=00000000ffff0ff0 DR7=0000000000000400
CCS=0000000000000091 CCD=ffffffffffffff34 CCO=EFLAGS
EFER=0000000000000d00
Servicing hardware INT=0x20
   433: v=20 e=0000 i=0 cpl=0 IP=0038:00000000be243969 pc=00000000be243969 SP=0030:00000000bfec1770 env->regs[R_EAX]=0000000000000004
RAX=0000000000000004 RBX=0000000002000000 RCX=00000000b94991d0 RDX=00000000b9a881d0
RSI=00000000ba0771d0 RDI=00000000b8cb58cb RBP=00000000bfec1790 RSP=00000000bfec1770
R8 =0000000000000b40 R9 =0000000000000000 R10=000000000000006e R11=000000000000002f
R12=00000000018a5100 R13=0000000000001e0c R14=000000000000000b R15=0000000002370800
RIP=00000000be243969 RFL=00000287 [--S--PC] CPL=0 II=0 A20=1 SMM=0 HLT=0
ES =0030 0000000000000000 ffffffff 00cf9300 DPL=0 DS   [-WA]
CS =0038 0000000000000000 ffffffff 00af9a00 DPL=0 CS64 [-R-]
SS =0030 0000000000000000 ffffffff 00cf9300 DPL=0 DS   [-WA]
DS =0030 0000000000000000 ffffffff 00cf9300 DPL=0 DS   [-WA]
FS =0030 0000000000000000 ffffffff 00cf9300 DPL=0 DS   [-WA]
GS =0030 0000000000000000 ffffffff 00cf9300 DPL=0 DS   [-WA]
LDT=0000 0000000000000000 0000ffff 00008200 DPL=0 LDT
TR =0000 0000000000000000 0000ffff 00008b00 DPL=0 TSS64-busy
GDT=     00000000bf9de000 00000047
IDT=     00000000bf4d2018 00000fff
CR0=80010033 CR2=0000000000000000 CR3=00000000bfc01000 CR4=00000668
DR0=0000000000000000 DR1=0000000000000000 DR2=0000000000000000 DR3=0000000000000000 
DR6=00000000ffff0ff0 DR7=0000000000000400
CCS=0000000000000085 CCD=ffffffffffffff30 CCO=EFLAGS
EFER=0000000000000d00
Servicing hardware INT=0x20
   434: v=20 e=0000 i=0 cpl=0 IP=0038:00000000be2439a1 pc=00000000be2439a1 SP=0030:00000000bfec1770 env->regs[R_EAX]=0000000000000004
RAX=0000000000000004 RBX=0000000002700000 RCX=00000000b950f3d0 RDX=00000000b9afe3d0
RSI=00000000ba0ed3d0 RDI=00000000b8e8eebb RBP=00000000bfec1790 RSP=00000000bfec1770
R8 =0000000000000b40 R9 =0000000000000000 R10=00000000000003ea R11=0000000000000039
R12=0000000001e37700 R13=00000000000020ac R14=0000000000000016 R15=0000000000000016
RIP=00000000be2439a1 RFL=00000202 [-------] CPL=0 II=0 A20=1 SMM=0 HLT=0
ES =0030 0000000000000000 ffffffff 00cf9300 DPL=0 DS   [-WA]
CS =0038 0000000000000000 ffffffff 00af9a00 DPL=0 CS64 [-R-]
SS =0030 0000000000000000 ffffffff 00cf9300 DPL=0 DS   [-WA]
DS =0030 0000000000000000 ffffffff 00cf9300 DPL=0 DS   [-WA]
FS =0030 0000000000000000 ffffffff 00cf9300 DPL=0 DS   [-WA]
GS =0030 0000000000000000 ffffffff 00cf9300 DPL=0 DS   [-WA]
LDT=0000 0000000000000000 0000ffff 00008200 DPL=0 LDT
TR =0000 0000000000000000 0000ffff 00008b00 DPL=0 TSS64-busy
GDT=     00000000bf9de000 00000047
IDT=     00000000bf4d2018 00000fff
CR0=80010033 CR2=0000000000000000 CR3=00000000bfc01000 CR4=00000668
DR0=0000000000000000 DR1=0000000000000000 DR2=0000000000000000 DR3=0000000000000000 
DR6=00000000ffff0ff0 DR7=0000000000000400
CCS=0000000000000000 CCD=0000000000000016 CCO=EFLAGS
EFER=0000000000000d00
Servicing hardware INT=0x20
   435: v=20 e=0000 i=0 cpl=0 IP=0038:00000000be2368a0 pc=00000000be2368a0 SP=0030:00000000bfec2680 env->regs[R_EAX]=00000000000000a8
RAX=00000000000000a8 RBX=00000000bfe5f000 RCX=00000000b7795010 RDX=0000000000097262
RSI=0000000000000b40 RDI=0000000000000870 RBP=00000000bfec26b0 RSP=00000000bfec2680
R8 =00000000005eec00 R9 =0000000000000002 R10=00000000000001f2 R11=fffffffffffffffe
R12=0000000000000000 R13=0000000000000000 R14=00000000bfe5c000 R15=00000000bbfae000
RIP=00000000be2368a0 RFL=00000283 [--S---C] CPL=0 II=0 A20=1 SMM=0 HLT=0
ES =0030 0000000000000000 ffffffff 00cf9300 DPL=0 DS   [-WA]
CS =0038 0000000000000000 ffffffff 00af9a00 DPL=0 CS64 [-R-]
SS =0030 0000000000000000 ffffffff 00cf9300 DPL=0 DS   [-WA]
DS =0030 0000000000000000 ffffffff 00cf9300 DPL=0 DS   [-WA]
FS =0030 0000000000000000 ffffffff 00cf9300 DPL=0 DS   [-WA]
GS =0030 0000000000000000 ffffffff 00cf9300 DPL=0 DS   [-WA]
LDT=0000 0000000000000000 0000ffff 00008200 DPL=0 LDT
TR =0000 0000000000000000 0000ffff 00008b00 DPL=0 TSS64-busy
GDT=     00000000bf9de000 00000047
IDT=     00000000bf4d2018 00000fff
CR0=80010033 CR2=0000000000000000 CR3=00000000bfc01000 CR4=00000668
DR0=0000000000000000 DR1=0000000000000000 DR2=0000000000000000 DR3=0000000000000000 
DR6=00000000ffff0ff0 DR7=0000000000000400
CCS=0000000000000081 CCD=ffffffffffaa8662 CCO=EFLAGS
EFER=0000000000000d00
Servicing hardware INT=0x20
   436: v=20 e=0000 i=0 cpl=0 IP=0038:00000000be2368a0 pc=00000000be2368a0 SP=0030:00000000bfec2680 env->regs[R_EAX]=00000000000000a8
RAX=00000000000000a8 RBX=00000000bfe5f000 RCX=00000000b7795010 RDX=00000000001e04e1
RSI=0000000000000b40 RDI=0000000000000870 RBP=00000000bfec26b0 RSP=00000000bfec2680
R8 =00000000005eec00 R9 =0000000000000002 R10=00000000000001f2 R11=fffffffffffffffe
R12=0000000000000000 R13=0000000000000000 R14=00000000bfe5c000 R15=00000000bbfae000
RIP=00000000be2368a0 RFL=00000287 [--S--PC] CPL=0 II=0 A20=1 SMM=0 HLT=0
ES =0030 0000000000000000 ffffffff 00cf9300 DPL=0 DS   [-WA]
CS =0038 0000000000000000 ffffffff 00af9a00 DPL=0 CS64 [-R-]
SS =0030 0000000000000000 ffffffff 00cf9300 DPL=0 DS   [-WA]
DS =0030 0000000000000000 ffffffff 00cf9300 DPL=0 DS   [-WA]
FS =0030 0000000000000000 ffffffff 00cf9300 DPL=0 DS   [-WA]
GS =0030 0000000000000000 ffffffff 00cf9300 DPL=0 DS   [-WA]
LDT=0000 0000000000000000 0000ffff 00008200 DPL=0 LDT
TR =0000 0000000000000000 0000ffff 00008b00 DPL=0 TSS64-busy
GDT=     00000000bf9de000 00000047
IDT=     00000000bf4d2018 00000fff
CR0=80010033 CR2=0000000000000000 CR3=00000000bfc01000 CR4=00000668
DR0=0000000000000000 DR1=0000000000000000 DR2=0000000000000000 DR3=0000000000000000 
DR6=00000000ffff0ff0 DR7=0000000000000400
CCS=0000000000000085 CCD=ffffffffffbf18e1 CCO=EFLAGS
EFER=0000000000000d00
Servicing hardware INT=0x20
   437: v=20 e=0000 i=0 cpl=0 IP=0038:00000000be2368a0 pc=00000000be2368a0 SP=0030:00000000bfec2680 env->regs[R_EAX]=00000000000000a8
RAX=00000000000000a8 RBX=00000000bfe5f000 RCX=00000000b7795010 RDX=0000000000330662
RSI=0000000000000b40 RDI=0000000000000870 RBP=00000000bfec26b0 RSP=00000000bfec2680
R8 =00000000005eec00 R9 =0000000000000002 R10=00000000000001f2 R11=fffffffffffffffe
R12=0000000000000000 R13=0000000000000000 R14=00000000bfe5c000 R15=00000000bbfae000
RIP=00000000be2368a0 RFL=00000283 [--S---C] CPL=0 II=0 A20=1 SMM=0 HLT=0
ES =0030 0000000000000000 ffffffff 00cf9300 DPL=0 DS   [-WA]
CS =0038 0000000000000000 ffffffff 00af9a00 DPL=0 CS64 [-R-]
SS =0030 0000000000000000 ffffffff 00cf9300 DPL=0 DS   [-WA]
DS =0030 0000000000000000 ffffffff 00cf9300 DPL=0 DS   [-WA]
FS =0030 0000000000000000 ffffffff 00cf9300 DPL=0 DS   [-WA]
GS =0030 0000000000000000 ffffffff 00cf9300 DPL=0 DS   [-WA]
LDT=0000 0000000000000000 0000ffff 00008200 DPL=0 LDT
TR =0000 0000000000000000 0000ffff 00008b00 DPL=0 TSS64-busy
GDT=     00000000bf9de000 00000047
IDT=     00000000bf4d2018 00000fff
CR0=80010033 CR2=0000000000000000 CR3=00000000bfc01000 CR4=00000668
DR0=0000000000000000 DR1=0000000000000000 DR2=0000000000000000 DR3=0000000000000000 
DR6=00000000ffff0ff0 DR7=0000000000000400
CCS=0000000000000081 CCD=ffffffffffd41a62 CCO=EFLAGS
EFER=0000000000000d00
Servicing hardware INT=0x20
   438: v=20 e=0000 i=0 cpl=0 IP=0038:00000000be2368a0 pc=00000000be2368a0 SP=0030:00000000bfec2680 env->regs[R_EAX]=00000000000000a8
RAX=00000000000000a8 RBX=00000000bfe5f000 RCX=00000000b7795010 RDX=0000000000476627
RSI=0000000000000b40 RDI=0000000000000870 RBP=00000000bfec26b0 RSP=00000000bfec2680
R8 =00000000005eec00 R9 =0000000000000002 R10=00000000000001f2 R11=fffffffffffffffe
R12=0000000000000000 R13=0000000000000000 R14=00000000bfe5c000 R15=00000000bbfae000
RIP=00000000be2368a0 RFL=00000287 [--S--PC] CPL=0 II=0 A20=1 SMM=0 HLT=0
ES =0030 0000000000000000 ffffffff 00cf9300 DPL=0 DS   [-WA]
CS =0038 0000000000000000 ffffffff 00af9a00 DPL=0 CS64 [-R-]
SS =0030 0000000000000000 ffffffff 00cf9300 DPL=0 DS   [-WA]
DS =0030 0000000000000000 ffffffff 00cf9300 DPL=0 DS   [-WA]
FS =0030 0000000000000000 ffffffff 00cf9300 DPL=0 DS   [-WA]
GS =0030 0000000000000000 ffffffff 00cf9300 DPL=0 DS   [-WA]
LDT=0000 0000000000000000 0000ffff 00008200 DPL=0 LDT
TR =0000 0000000000000000 0000ffff 00008b00 DPL=0 TSS64-busy
GDT=     00000000bf9de000 00000047
IDT=     00000000bf4d2018 00000fff
CR0=80010033 CR2=0000000000000000 CR3=00000000bfc01000 CR4=00000668
DR0=0000000000000000 DR1=0000000000000000 DR2=0000000000000000 DR3=0000000000000000 
DR6=00000000ffff0ff0 DR7=0000000000000400
CCS=0000000000000085 CCD=ffffffffffe87a27 CCO=EFLAGS
EFER=0000000000000d00
Servicing hardware INT=0x20
   439: v=20 e=0000 i=0 cpl=0 IP=0038:00000000be2368a0 pc=00000000be2368a0 SP=0030:00000000bfec2680 env->regs[R_EAX]=00000000000000a8
RAX=00000000000000a8 RBX=00000000bfe5f000 RCX=00000000b7795010 RDX=00000000005c7b48
RSI=0000000000000b40 RDI=0000000000000870 RBP=00000000bfec26b0 RSP=00000000bfec2680
R8 =00000000005eec00 R9 =0000000000000002 R10=00000000000001f2 R11=fffffffffffffffe
R12=0000000000000000 R13=0000000000000000 R14=00000000bfe5c000 R15=00000000bbfae000
RIP=00000000be2368a0 RFL=00000287 [--S--PC] CPL=0 II=0 A20=1 SMM=0 HLT=0
ES =0030 0000000000000000 ffffffff 00cf9300 DPL=0 DS   [-WA]
CS =0038 0000000000000000 ffffffff 00af9a00 DPL=0 CS64 [-R-]
SS =0030 0000000000000000 ffffffff 00cf9300 DPL=0 DS   [-WA]
DS =0030 0000000000000000 ffffffff 00cf9300 DPL=0 DS   [-WA]
FS =0030 0000000000000000 ffffffff 00cf9300 DPL=0 DS   [-WA]
GS =0030 0000000000000000 ffffffff 00cf9300 DPL=0 DS   [-WA]
LDT=0000 0000000000000000 0000ffff 00008200 DPL=0 LDT
TR =0000 0000000000000000 0000ffff 00008b00 DPL=0 TSS64-busy
GDT=     00000000bf9de000 00000047
IDT=     00000000bf4d2018 00000fff
CR0=80010033 CR2=0000000000000000 CR3=00000000bfc01000 CR4=00000668
DR0=0000000000000000 DR1=0000000000000000 DR2=0000000000000000 DR3=0000000000000000 
DR6=00000000ffff0ff0 DR7=0000000000000400
CCS=0000000000000085 CCD=fffffffffffd8f48 CCO=EFLAGS
EFER=0000000000000d00
Servicing hardware INT=0x20
   440: v=20 e=0000 i=0 cpl=0 IP=0038:00000000be234cd1 pc=00000000be234cd1 SP=0030:00000000bfec26c0 env->regs[R_EAX]=00000000b9d36000
RAX=00000000b9d36000 RBX=00000000be267258 RCX=00000000be2672d0 RDX=00000000be2a4048
RSI=00000000be2a4f18 RDI=00000000be2a4018 RBP=00000000bfec27f0 RSP=00000000bfec26c0
R8 =00000000000000a8 R9 =0000000000000002 R10=00000000000001f5 R11=00000000000a0000
R12=00000000be267260 R13=0000000000000000 R14=0000000000000000 R15=00000000bfe66000
RIP=00000000be234cd1 RFL=00000206 [-----P-] CPL=0 II=0 A20=1 SMM=0 HLT=0
ES =0030 0000000000000000 ffffffff 00cf9300 DPL=0 DS   [-WA]
CS =0038 0000000000000000 ffffffff 00af9a00 DPL=0 CS64 [-R-]
SS =0030 0000000000000000 ffffffff 00cf9300 DPL=0 DS   [-WA]
DS =0030 0000000000000000 ffffffff 00cf9300 DPL=0 DS   [-WA]
FS =0030 0000000000000000 ffffffff 00cf9300 DPL=0 DS   [-WA]
GS =0030 0000000000000000 ffffffff 00cf9300 DPL=0 DS   [-WA]
LDT=0000 0000000000000000 0000ffff 00008200 DPL=0 LDT
TR =0000 0000000000000000 0000ffff 00008b00 DPL=0 TSS64-busy
GDT=     00000000bf9de000 00000047
IDT=     00000000bf4d2018 00000fff
CR0=80010033 CR2=0000000000000000 CR3=00000000bfc01000 CR4=00000668
DR0=0000000000000000 DR1=0000000000000000 DR2=0000000000000000 DR3=0000000000000000 
DR6=00000000ffff0ff0 DR7=0000000000000400
CCS=0000000000000004 CCD=00000000bfec2688 CCO=EFLAGS
EFER=0000000000000d00
Servicing hardware INT=0x20
   441: v=20 e=0000 i=0 cpl=0 IP=0038:00000000be234f60 pc=00000000be234f60 SP=0030:00000000bfec26c0 env->regs[R_EAX]=0000000000110821
RAX=0000000000110821 RBX=0000000000231143 RCX=0000000000000081 RDX=0000000000000000
RSI=0000000000000800 RDI=0000000000000000 RBP=00000000bfec27f0 RSP=00000000bfec26c0
R8 =0000000000110000 R9 =0000000000000165 R10=00000000000004c0 R11=0000000000000004
R12=000000000000c8d0 R13=00000000b842ef10 R14=00000000b9f49400 R15=0000000000000090
RIP=00000000be234f60 RFL=00000212 [----A--] CPL=0 II=0 A20=1 SMM=0 HLT=0
ES =0030 0000000000000000 ffffffff 00cf9300 DPL=0 DS   [-WA]
CS =0038 0000000000000000 ffffffff 00af9a00 DPL=0 CS64 [-R-]
SS =0030 0000000000000000 ffffffff 00cf9300 DPL=0 DS   [-WA]
DS =0030 0000000000000000 ffffffff 00cf9300 DPL=0 DS   [-WA]
FS =0030 0000000000000000 ffffffff 00cf9300 DPL=0 DS   [-WA]
GS =0030 0000000000000000 ffffffff 00cf9300 DPL=0 DS   [-WA]
LDT=0000 0000000000000000 0000ffff 00008200 DPL=0 LDT
TR =0000 0000000000000000 0000ffff 00008b00 DPL=0 TSS64-busy
GDT=     00000000bf9de000 00000047
IDT=     00000000bf4d2018 00000fff
CR0=80010033 CR2=0000000000000000 CR3=00000000bfc01000 CR4=00000668
DR0=0000000000000000 DR1=0000000000000000 DR2=0000000000000000 DR3=0000000000000000 
DR6=00000000ffff0ff0 DR7=0000000000000400
CCS=0000000000000010 CCD=000000000000035b CCO=EFLAGS
EFER=0000000000000d00
Servicing hardware INT=0x20
   442: v=20 e=0000 i=0 cpl=0 IP=0038:00000000be258040 pc=00000000be258040 SP=0030:00000000bfec2540 env->regs[R_EAX]=0000000000000000
RAX=0000000000000000 RBX=00000000003e8000 RCX=00000000002f0001 RDX=00000000003e8000
RSI=0000000000000000 RDI=00000000b9a45fff RBP=00000000bfec2590 RSP=00000000bfec2540
R8 =00000000000000a8 R9 =0000000000000002 R10=00000000000001f5 R11=fffffffffffffffe
R12=00000000bfec2558 R13=00000000ffffffff R14=00000000be2a4018 R15=00000000b994e000
RIP=00000000be258040 RFL=00010246 [---Z-P-] CPL=0 II=0 A20=1 SMM=0 HLT=0
ES =0030 0000000000000000 ffffffff 00cf9300 DPL=0 DS   [-WA]
CS =0038 0000000000000000 ffffffff 00af9a00 DPL=0 CS64 [-R-]
SS =0030 0000000000000000 ffffffff 00cf9300 DPL=0 DS   [-WA]
DS =0030 0000000000000000 ffffffff 00cf9300 DPL=0 DS   [-WA]
FS =0030 0000000000000000 ffffffff 00cf9300 DPL=0 DS   [-WA]
GS =0030 0000000000000000 ffffffff 00cf9300 DPL=0 DS   [-WA]
LDT=0000 0000000000000000 0000ffff 00008200 DPL=0 LDT
TR =0000 0000000000000000 0000ffff 00008b00 DPL=0 TSS64-busy
GDT=     00000000bf9de000 00000047
IDT=     00000000bf4d2018 00000fff
CR0=80010033 CR2=0000000000000000 CR3=00000000bfc01000 CR4=00000668
DR0=0000000000000000 DR1=0000000000000000 DR2=0000000000000000 DR3=0000000000000000 
DR6=00000000ffff0ff0 DR7=0000000000000400
CCS=0000000000000044 CCD=00000000bfec2518 CCO=EFLAGS
EFER=0000000000000d00
Servicing hardware INT=0x20
   443: v=20 e=0000 i=0 cpl=0 IP=0038:00000000be254f90 pc=00000000be254f90 SP=0030:00000000bfec25a0 env->regs[R_EAX]=0000000000048d4b
RAX=0000000000048d4b RBX=00000000bfe5a000 RCX=00000000000fa000 RDX=0000000000241739
RSI=0000000000001700 RDI=0000000000240000 RBP=00000000bfec2610 RSP=00000000bfec25a0
R8 =00000000b9d36000 R9 =0000000000000002 R10=00000000000001f5 R11=00000000000a0000
R12=0000000000000010 R13=0000000000000000 R14=00000000be24bbc0 R15=00000000bfe50000
RIP=00000000be254f90 RFL=00000287 [--S--PC] CPL=0 II=0 A20=1 SMM=0 HLT=0
ES =0030 0000000000000000 ffffffff 00cf9300 DPL=0 DS   [-WA]
CS =0038 0000000000000000 ffffffff 00af9a00 DPL=0 CS64 [-R-]
SS =0030 0000000000000000 ffffffff 00cf9300 DPL=0 DS   [-WA]
DS =0030 0000000000000000 ffffffff 00cf9300 DPL=0 DS   [-WA]
FS =0030 0000000000000000 ffffffff 00cf9300 DPL=0 DS   [-WA]
GS =0030 0000000000000000 ffffffff 00cf9300 DPL=0 DS   [-WA]
LDT=0000 0000000000000000 0000ffff 00008200 DPL=0 LDT
TR =0000 0000000000000000 0000ffff 00008b00 DPL=0 TSS64-busy
GDT=     00000000bf9de000 00000047
IDT=     00000000bf4d2018 00000fff
CR0=80010033 CR2=0000000000000000 CR3=00000000bfc01000 CR4=00000668
DR0=0000000000000000 DR1=0000000000000000 DR2=0000000000000000 DR3=0000000000000000 
DR6=00000000ffff0ff0 DR7=0000000000000400
CCS=0000000000000085 CCD=fffffffffff4ed4b CCO=EFLAGS
EFER=0000000000000d00
Servicing hardware INT=0x20
   444: v=20 e=0000 i=0 cpl=0 IP=0038:00000000be254f90 pc=00000000be254f90 SP=0030:00000000bfec25a0 env->regs[R_EAX]=00000000000e9e27
RAX=00000000000e9e27 RBX=00000000bfe5a000 RCX=00000000000fa000 RDX=00000000002c0b3e
RSI=0000000000000b00 RDI=00000000002c0000 RBP=00000000bfec2610 RSP=00000000bfec25a0
R8 =00000000b9d36000 R9 =0000000000000002 R10=00000000000001f5 R11=00000000000a0000
R12=0000000000000010 R13=0000000000000000 R14=00000000be24bbc0 R15=00000000bfe50000
RIP=00000000be254f90 RFL=00000287 [--S--PC] CPL=0 II=0 A20=1 SMM=0 HLT=0
ES =0030 0000000000000000 ffffffff 00cf9300 DPL=0 DS   [-WA]
CS =0038 0000000000000000 ffffffff 00af9a00 DPL=0 CS64 [-R-]
SS =0030 0000000000000000 ffffffff 00cf9300 DPL=0 DS   [-WA]
DS =0030 0000000000000000 ffffffff 00cf9300 DPL=0 DS   [-WA]
FS =0030 0000000000000000 ffffffff 00cf9300 DPL=0 DS   [-WA]
GS =0030 0000000000000000 ffffffff 00cf9300 DPL=0 DS   [-WA]
LDT=0000 0000000000000000 0000ffff 00008200 DPL=0 LDT
TR =0000 0000000000000000 0000ffff 00008b00 DPL=0 TSS64-busy
GDT=     00000000bf9de000 00000047
IDT=     00000000bf4d2018 00000fff
CR0=80010033 CR2=0000000000000000 CR3=00000000bfc01000 CR4=00000668
DR0=0000000000000000 DR1=0000000000000000 DR2=0000000000000000 DR3=0000000000000000 
DR6=00000000ffff0ff0 DR7=0000000000000400
CCS=0000000000000085 CCD=fffffffffffefe27 CCO=EFLAGS
EFER=0000000000000d00
Servicing hardware INT=0x20
   445: v=20 e=0000 i=0 cpl=0 IP=0038:00000000be2564e9 pc=00000000be2564e9 SP=0030:00000000bfec2560 env->regs[R_EAX]=0000000000000000
RAX=0000000000000000 RBX=00000000bfe5a000 RCX=0000000000000960 RDX=0000000000000258
RSI=0000000000000500 RDI=00000000000002cf RBP=00000000bfec2590 RSP=00000000bfec2560
R8 =00000000000e0216 R9 =00000000b9c3c000 R10=00000000000001f5 R11=00000000000a0000
R12=0000000000000010 R13=0000000000000000 R14=00000000be24bbc0 R15=00000000bfe50000
RIP=00000000be2564e9 RFL=00000287 [--S--PC] CPL=0 II=0 A20=1 SMM=0 HLT=0
ES =0030 0000000000000000 ffffffff 00cf9300 DPL=0 DS   [-WA]
CS =0038 0000000000000000 ffffffff 00af9a00 DPL=0 CS64 [-R-]
SS =0030 0000000000000000 ffffffff 00cf9300 DPL=0 DS   [-WA]
DS =0030 0000000000000000 ffffffff 00cf9300 DPL=0 DS   [-WA]
FS =0030 0000000000000000 ffffffff 00cf9300 DPL=0 DS   [-WA]
GS =0030 0000000000000000 ffffffff 00cf9300 DPL=0 DS   [-WA]
LDT=0000 0000000000000000 0000ffff 00008200 DPL=0 LDT
TR =0000 0000000000000000 0000ffff 00008b00 DPL=0 TSS64-busy
GDT=     00000000bf9de000 00000047
IDT=     00000000bf4d2018 00000fff
CR0=80010033 CR2=0000000000000000 CR3=00000000bfc01000 CR4=00000668
DR0=0000000000000000 DR1=0000000000000000 DR2=0000000000000000 DR3=0000000000000000 
DR6=00000000ffff0ff0 DR7=0000000000000400
CCS=0000000000000085 CCD=fffffffffffffdcf CCO=EFLAGS
EFER=0000000000000d00
Servicing hardware INT=0x20
   446: v=20 e=0000 i=0 cpl=0 IP=0038:00000000be25547a pc=00000000be25547a SP=0030:00000000bfec2538 env->regs[R_EAX]=00000000bfe51200
RAX=00000000bfe51200 RBX=00000000bfe5121b RCX=000000000000094c RDX=00000000000003f4
RSI=00000000bfe4c6fc RDI=00000000bfe5a000 RBP=00000000bfec2550 RSP=00000000bfec2538
R8 =0000000000000003 R9 =00000000ffffffff R10=00000000c02e7ff4 R11=00000000b9c35ff4
R12=000000000000c6fc R13=0000000000000000 R14=0000000000000008 R15=0000000000aaaaaa
RIP=00000000be25547a RFL=00000246 [---Z-P-] CPL=0 II=0 A20=1 SMM=0 HLT=0
ES =0030 0000000000000000 ffffffff 00cf9300 DPL=0 DS   [-WA]
CS =0038 0000000000000000 ffffffff 00af9a00 DPL=0 CS64 [-R-]
SS =0030 0000000000000000 ffffffff 00cf9300 DPL=0 DS   [-WA]
DS =0030 0000000000000000 ffffffff 00cf9300 DPL=0 DS   [-WA]
FS =0030 0000000000000000 ffffffff 00cf9300 DPL=0 DS   [-WA]
GS =0030 0000000000000000 ffffffff 00cf9300 DPL=0 DS   [-WA]
LDT=0000 0000000000000000 0000ffff 00008200 DPL=0 LDT
TR =0000 0000000000000000 0000ffff 00008b00 DPL=0 TSS64-busy
GDT=     00000000bf9de000 00000047
IDT=     00000000bf4d2018 00000fff
CR0=80010033 CR2=0000000000000000 CR3=00000000bfc01000 CR4=00000668
DR0=0000000000000000 DR1=0000000000000000 DR2=0000000000000000 DR3=0000000000000000 
DR6=00000000ffff0ff0 DR7=0000000000000400
CCS=0000000000000044 CCD=0000000100000000 CCO=EFLAGS
EFER=0000000000000d00
Servicing hardware INT=0x20
   447: v=20 e=0000 i=0 cpl=0 IP=0038:00000000bec80452 pc=00000000bec80452 SP=0030:00000000bfec2508 env->regs[R_EAX]=000000000000001c
RAX=000000000000001c RBX=00000000be8cc018 RCX=0000000000000064 RDX=0000000000000064
RSI=0000000000000002 RDI=00000000be8cc018 RBP=00000000bfec25f4 RSP=00000000bfec2508
R8 =00000000bfec27d0 R9 =0000000000000064 R10=00000000bfec27c8 R11=00000000b99b0d00
R12=0000000000000010 R13=00000000be8cc098 R14=0000000000000010 R15=00000000be8cc018
RIP=00000000bec80452 RFL=00000293 [--S-A-C] CPL=0 II=0 A20=1 SMM=0 HLT=0
ES =0030 0000000000000000 ffffffff 00cf9300 DPL=0 DS   [-WA]
CS =0038 0000000000000000 ffffffff 00af9a00 DPL=0 CS64 [-R-]
SS =0030 0000000000000000 ffffffff 00cf9300 DPL=0 DS   [-WA]
DS =0030 0000000000000000 ffffffff 00cf9300 DPL=0 DS   [-WA]
FS =0030 0000000000000000 ffffffff 00cf9300 DPL=0 DS   [-WA]
GS =0030 0000000000000000 ffffffff 00cf9300 DPL=0 DS   [-WA]
LDT=0000 0000000000000000 0000ffff 00008200 DPL=0 LDT
TR =0000 0000000000000000 0000ffff 00008b00 DPL=0 TSS64-busy
GDT=     00000000bf9de000 00000047
IDT=     00000000bf4d2018 00000fff
CR0=80010033 CR2=0000000000000000 CR3=00000000bfc01000 CR4=00000668
DR0=0000000000000000 DR1=0000000000000000 DR2=0000000000000000 DR3=0000000000000000 
DR6=00000000ffff0ff0 DR7=0000000000000400
CCS=0000000000000091 CCD=fffffffffffffffe CCO=EFLAGS
EFER=0000000000000d00
Servicing hardware INT=0x20
   448: v=20 e=0000 i=0 cpl=0 IP=0038:00000000bf096d81 pc=00000000bf096d81 SP=0030:00000000bfec2648 env->regs[R_EAX]=0000000000000000
RAX=0000000000000000 RBX=0000000000000004 RCX=00000000bf4c8a18 RDX=0000000000000000
RSI=0000000000000002 RDI=00000000bfee9030 RBP=00000000bfee3ec5 RSP=00000000bfec2648
R8 =6c5e2932c0c431bb R9 =00000000beac101e R10=00000000bfec27c8 R11=00000000bfec25e1
R12=00000000bfeeaba0 R13=00000000bf4c8a18 R14=0000000000000010 R15=00000000bfeeaca0
RIP=00000000bf096d81 RFL=00000202 [-------] CPL=0 II=0 A20=1 SMM=0 HLT=0
ES =0030 0000000000000000 ffffffff 00cf9300 DPL=0 DS   [-WA]
CS =0038 0000000000000000 ffffffff 00af9a00 DPL=0 CS64 [-R-]
SS =0030 0000000000000000 ffffffff 00cf9300 DPL=0 DS   [-WA]
DS =0030 0000000000000000 ffffffff 00cf9300 DPL=0 DS   [-WA]
FS =0030 0000000000000000 ffffffff 00cf9300 DPL=0 DS   [-WA]
GS =0030 0000000000000000 ffffffff 00cf9300 DPL=0 DS   [-WA]
LDT=0000 0000000000000000 0000ffff 00008200 DPL=0 LDT
TR =0000 0000000000000000 0000ffff 00008b00 DPL=0 TSS64-busy
GDT=     00000000bf9de000 00000047
IDT=     00000000bf4d2018 00000fff
CR0=80010033 CR2=0000000000000000 CR3=00000000bfc01000 CR4=00000668
DR0=0000000000000000 DR1=0000000000000000 DR2=0000000000000000 DR3=0000000000000000 
DR6=00000000ffff0ff0 DR7=0000000000000400
CCS=0000000000000000 CCD=00000000bf089451 CCO=EFLAGS
EFER=0000000000000d00
Servicing hardware INT=0x20
   449: v=20 e=0000 i=0 cpl=0 IP=0038:00000000bf096d81 pc=00000000bf096d81 SP=0030:00000000bfec2648 env->regs[R_EAX]=0000000000000000
RAX=0000000000000000 RBX=0000000000000004 RCX=00000000bf4c8a18 RDX=0000000000000000
RSI=0000000000000002 RDI=00000000bfee9030 RBP=00000000bfee3ec5 RSP=00000000bfec2648
R8 =6c5e2932c0c431bb R9 =0000000000000000 R10=00000000bfec27c8 R11=00000000bfec2571
R12=00000000bfeeaba0 R13=00000000bf4c8a18 R14=0000000000000010 R15=00000000bfeeaca0
RIP=00000000bf096d81 RFL=00000202 [-------] CPL=0 II=0 A20=1 SMM=0 HLT=0
ES =0030 0000000000000000 ffffffff 00cf9300 DPL=0 DS   [-WA]
CS =0038 0000000000000000 ffffffff 00af9a00 DPL=0 CS64 [-R-]
SS =0030 0000000000000000 ffffffff 00cf9300 DPL=0 DS   [-WA]
DS =0030 0000000000000000 ffffffff 00cf9300 DPL=0 DS   [-WA]
FS =0030 0000000000000000 ffffffff 00cf9300 DPL=0 DS   [-WA]
GS =0030 0000000000000000 ffffffff 00cf9300 DPL=0 DS   [-WA]
LDT=0000 0000000000000000 0000ffff 00008200 DPL=0 LDT
TR =0000 0000000000000000 0000ffff 00008b00 DPL=0 TSS64-busy
GDT=     00000000bf9de000 00000047
IDT=     00000000bf4d2018 00000fff
CR0=80010033 CR2=0000000000000000 CR3=00000000bfc01000 CR4=00000668
DR0=0000000000000000 DR1=0000000000000000 DR2=0000000000000000 DR3=0000000000000000 
DR6=00000000ffff0ff0 DR7=0000000000000400
CCS=0000000000000000 CCD=00000000bf089451 CCO=EFLAGS
EFER=0000000000000d00
Servicing hardware INT=0x20
   450: v=20 e=0000 i=0 cpl=0 IP=0038:00000000bf096d81 pc=00000000bf096d81 SP=0030:00000000bfec2648 env->regs[R_EAX]=0000000000000000
RAX=0000000000000000 RBX=0000000000000004 RCX=00000000bf4c8a18 RDX=0000000000000000
RSI=0000000000000002 RDI=00000000bfee9030 RBP=00000000bfee3ec5 RSP=00000000bfec2648
R8 =6c5e2932c0c431bb R9 =0000000000000000 R10=00000000bfec27c8 R11=00000000bfec2571
R12=00000000bfeeaba0 R13=00000000bf4c8a18 R14=0000000000000010 R15=00000000bfeeaca0
RIP=00000000bf096d81 RFL=00000202 [-------] CPL=0 II=0 A20=1 SMM=0 HLT=0
ES =0030 0000000000000000 ffffffff 00cf9300 DPL=0 DS   [-WA]
CS =0038 0000000000000000 ffffffff 00af9a00 DPL=0 CS64 [-R-]
SS =0030 0000000000000000 ffffffff 00cf9300 DPL=0 DS   [-WA]
DS =0030 0000000000000000 ffffffff 00cf9300 DPL=0 DS   [-WA]
FS =0030 0000000000000000 ffffffff 00cf9300 DPL=0 DS   [-WA]
GS =0030 0000000000000000 ffffffff 00cf9300 DPL=0 DS   [-WA]
LDT=0000 0000000000000000 0000ffff 00008200 DPL=0 LDT
TR =0000 0000000000000000 0000ffff 00008b00 DPL=0 TSS64-busy
GDT=     00000000bf9de000 00000047
IDT=     00000000bf4d2018 00000fff
CR0=80010033 CR2=0000000000000000 CR3=00000000bfc01000 CR4=00000668
DR0=0000000000000000 DR1=0000000000000000 DR2=0000000000000000 DR3=0000000000000000 
DR6=00000000ffff0ff0 DR7=0000000000000400
CCS=0000000000000000 CCD=00000000bf089451 CCO=EFLAGS
EFER=0000000000000d00
Servicing hardware INT=0x20
   451: v=20 e=0000 i=0 cpl=0 IP=0038:00000000bf096d81 pc=00000000bf096d81 SP=0030:00000000bfec2648 env->regs[R_EAX]=0000000000000000
RAX=0000000000000000 RBX=0000000000000004 RCX=00000000bf4c8a18 RDX=0000000000000000
RSI=0000000000000002 RDI=00000000bfee9030 RBP=00000000bfee3ec5 RSP=00000000bfec2648
R8 =6c5e2932c0c431bb R9 =0000000000000000 R10=0000000000000000 R11=00000000bfec2571
R12=00000000bfeeaba0 R13=00000000bf4c8a18 R14=0000000000000010 R15=00000000bfeeaca0
RIP=00000000bf096d81 RFL=00000202 [-------] CPL=0 II=0 A20=1 SMM=0 HLT=0
ES =0030 0000000000000000 ffffffff 00cf9300 DPL=0 DS   [-WA]
CS =0038 0000000000000000 ffffffff 00af9a00 DPL=0 CS64 [-R-]
SS =0030 0000000000000000 ffffffff 00cf9300 DPL=0 DS   [-WA]
DS =0030 0000000000000000 ffffffff 00cf9300 DPL=0 DS   [-WA]
FS =0030 0000000000000000 ffffffff 00cf9300 DPL=0 DS   [-WA]
GS =0030 0000000000000000 ffffffff 00cf9300 DPL=0 DS   [-WA]
LDT=0000 0000000000000000 0000ffff 00008200 DPL=0 LDT
TR =0000 0000000000000000 0000ffff 00008b00 DPL=0 TSS64-busy
GDT=     00000000bf9de000 00000047
IDT=     00000000bf4d2018 00000fff
CR0=80010033 CR2=0000000000000000 CR3=00000000bfc01000 CR4=00000668
DR0=0000000000000000 DR1=0000000000000000 DR2=0000000000000000 DR3=0000000000000000 
DR6=00000000ffff0ff0 DR7=0000000000000400
CCS=0000000000000000 CCD=00000000bf089451 CCO=EFLAGS
EFER=0000000000000d00
Servicing hardware INT=0x20
   452: v=20 e=0000 i=0 cpl=0 IP=0038:00000000bf096d81 pc=00000000bf096d81 SP=0030:00000000bfec2648 env->regs[R_EAX]=0000000000000000
RAX=0000000000000000 RBX=0000000000000004 RCX=00000000bf4c8a18 RDX=0000000000000000
RSI=0000000000000002 RDI=00000000bfee9030 RBP=00000000bfee3ec5 RSP=00000000bfec2648
R8 =6c5e2932c0c431bb R9 =0000000000000000 R10=0000000000000000 R11=00000000bfec2571
R12=00000000bfeeaba0 R13=00000000bf4c8a18 R14=0000000000000010 R15=00000000bfeeaca0
RIP=00000000bf096d81 RFL=00000202 [-------] CPL=0 II=0 A20=1 SMM=0 HLT=0
ES =0030 0000000000000000 ffffffff 00cf9300 DPL=0 DS   [-WA]
CS =0038 0000000000000000 ffffffff 00af9a00 DPL=0 CS64 [-R-]
SS =0030 0000000000000000 ffffffff 00cf9300 DPL=0 DS   [-WA]
DS =0030 0000000000000000 ffffffff 00cf9300 DPL=0 DS   [-WA]
FS =0030 0000000000000000 ffffffff 00cf9300 DPL=0 DS   [-WA]
GS =0030 0000000000000000 ffffffff 00cf9300 DPL=0 DS   [-WA]
LDT=0000 0000000000000000 0000ffff 00008200 DPL=0 LDT
TR =0000 0000000000000000 0000ffff 00008b00 DPL=0 TSS64-busy
GDT=     00000000bf9de000 00000047
IDT=     00000000bf4d2018 00000fff
CR0=80010033 CR2=0000000000000000 CR3=00000000bfc01000 CR4=00000668
DR0=0000000000000000 DR1=0000000000000000 DR2=0000000000000000 DR3=0000000000000000 
DR6=00000000ffff0ff0 DR7=0000000000000400
CCS=0000000000000000 CCD=00000000bf089451 CCO=EFLAGS
EFER=0000000000000d00
Servicing hardware INT=0x20
   453: v=20 e=0000 i=0 cpl=0 IP=0038:00000000bf096d81 pc=00000000bf096d81 SP=0030:00000000bfec2648 env->regs[R_EAX]=0000000000000000
RAX=0000000000000000 RBX=0000000000000004 RCX=00000000bf4c8a18 RDX=0000000000000000
RSI=0000000000000002 RDI=00000000bfee9030 RBP=00000000bfee3ec5 RSP=00000000bfec2648
R8 =6c5e2932c0c431bb R9 =0000000000000000 R10=0000000000000000 R11=00000000bfec2571
R12=00000000bfeeaba0 R13=00000000bf4c8a18 R14=0000000000000010 R15=00000000bfeeaca0
RIP=00000000bf096d81 RFL=00000202 [-------] CPL=0 II=0 A20=1 SMM=0 HLT=0
ES =0030 0000000000000000 ffffffff 00cf9300 DPL=0 DS   [-WA]
CS =0038 0000000000000000 ffffffff 00af9a00 DPL=0 CS64 [-R-]
SS =0030 0000000000000000 ffffffff 00cf9300 DPL=0 DS   [-WA]
DS =0030 0000000000000000 ffffffff 00cf9300 DPL=0 DS   [-WA]
FS =0030 0000000000000000 ffffffff 00cf9300 DPL=0 DS   [-WA]
GS =0030 0000000000000000 ffffffff 00cf9300 DPL=0 DS   [-WA]
LDT=0000 0000000000000000 0000ffff 00008200 DPL=0 LDT
TR =0000 0000000000000000 0000ffff 00008b00 DPL=0 TSS64-busy
GDT=     00000000bf9de000 00000047
IDT=     00000000bf4d2018 00000fff
CR0=80010033 CR2=0000000000000000 CR3=00000000bfc01000 CR4=00000668
DR0=0000000000000000 DR1=0000000000000000 DR2=0000000000000000 DR3=0000000000000000 
DR6=00000000ffff0ff0 DR7=0000000000000400
CCS=0000000000000000 CCD=00000000bf089451 CCO=EFLAGS
EFER=0000000000000d00
Servicing hardware INT=0x20
   454: v=20 e=0000 i=0 cpl=0 IP=0038:00000000bf096d81 pc=00000000bf096d81 SP=0030:00000000bfec2648 env->regs[R_EAX]=0000000000000000
RAX=0000000000000000 RBX=0000000000000004 RCX=00000000bf4c8a18 RDX=0000000000000000
RSI=0000000000000002 RDI=00000000bfee9030 RBP=00000000bfee3ec5 RSP=00000000bfec2648
R8 =6c5e2932c0c431bb R9 =0000000000000000 R10=0000000000000000 R11=00000000bfec2571
R12=00000000bfeeaba0 R13=00000000bf4c8a18 R14=0000000000000010 R15=00000000bfeeaca0
RIP=00000000bf096d81 RFL=00000202 [-------] CPL=0 II=0 A20=1 SMM=0 HLT=0
ES =0030 0000000000000000 ffffffff 00cf9300 DPL=0 DS   [-WA]
CS =0038 0000000000000000 ffffffff 00af9a00 DPL=0 CS64 [-R-]
SS =0030 0000000000000000 ffffffff 00cf9300 DPL=0 DS   [-WA]
DS =0030 0000000000000000 ffffffff 00cf9300 DPL=0 DS   [-WA]
FS =0030 0000000000000000 ffffffff 00cf9300 DPL=0 DS   [-WA]
GS =0030 0000000000000000 ffffffff 00cf9300 DPL=0 DS   [-WA]
LDT=0000 0000000000000000 0000ffff 00008200 DPL=0 LDT
TR =0000 0000000000000000 0000ffff 00008b00 DPL=0 TSS64-busy
GDT=     00000000bf9de000 00000047
IDT=     00000000bf4d2018 00000fff
CR0=80010033 CR2=0000000000000000 CR3=00000000bfc01000 CR4=00000668
DR0=0000000000000000 DR1=0000000000000000 DR2=0000000000000000 DR3=0000000000000000 
DR6=00000000ffff0ff0 DR7=0000000000000400
CCS=0000000000000000 CCD=00000000bf089451 CCO=EFLAGS
EFER=0000000000000d00
Servicing hardware INT=0x20
   455: v=20 e=0000 i=0 cpl=0 IP=0038:00000000bf096d81 pc=00000000bf096d81 SP=0030:00000000bfec2648 env->regs[R_EAX]=0000000000000000
RAX=0000000000000000 RBX=0000000000000004 RCX=00000000bf4c8a18 RDX=0000000000000000
RSI=0000000000000002 RDI=00000000bfee9030 RBP=00000000bfee3ec5 RSP=00000000bfec2648
R8 =6c5e2932c0c431bb R9 =0000000000000000 R10=0000000000000000 R11=00000000bfec2571
R12=00000000bfeeaba0 R13=00000000bf4c8a18 R14=0000000000000010 R15=00000000bfeeaca0
RIP=00000000bf096d81 RFL=00000202 [-------] CPL=0 II=0 A20=1 SMM=0 HLT=0
ES =0030 0000000000000000 ffffffff 00cf9300 DPL=0 DS   [-WA]
CS =0038 0000000000000000 ffffffff 00af9a00 DPL=0 CS64 [-R-]
SS =0030 0000000000000000 ffffffff 00cf9300 DPL=0 DS   [-WA]
DS =0030 0000000000000000 ffffffff 00cf9300 DPL=0 DS   [-WA]
FS =0030 0000000000000000 ffffffff 00cf9300 DPL=0 DS   [-WA]
GS =0030 0000000000000000 ffffffff 00cf9300 DPL=0 DS   [-WA]
LDT=0000 0000000000000000 0000ffff 00008200 DPL=0 LDT
TR =0000 0000000000000000 0000ffff 00008b00 DPL=0 TSS64-busy
GDT=     00000000bf9de000 00000047
IDT=     00000000bf4d2018 00000fff
CR0=80010033 CR2=0000000000000000 CR3=00000000bfc01000 CR4=00000668
DR0=0000000000000000 DR1=0000000000000000 DR2=0000000000000000 DR3=0000000000000000 
DR6=00000000ffff0ff0 DR7=0000000000000400
CCS=0000000000000000 CCD=00000000bf089451 CCO=EFLAGS
EFER=0000000000000d00
Servicing hardware INT=0x20
   456: v=20 e=0000 i=0 cpl=0 IP=0038:00000000bf096d81 pc=00000000bf096d81 SP=0030:00000000bfec2648 env->regs[R_EAX]=0000000000000000
RAX=0000000000000000 RBX=0000000000000004 RCX=00000000bf4c8a18 RDX=0000000000000000
RSI=0000000000000002 RDI=00000000bfee9030 RBP=00000000bfee3ec5 RSP=00000000bfec2648
R8 =6c5e2932c0c431bb R9 =0000000000000000 R10=0000000000000000 R11=00000000bfec2571
R12=00000000bfeeaba0 R13=00000000bf4c8a18 R14=0000000000000010 R15=00000000bfeeaca0
RIP=00000000bf096d81 RFL=00000202 [-------] CPL=0 II=0 A20=1 SMM=0 HLT=0
ES =0030 0000000000000000 ffffffff 00cf9300 DPL=0 DS   [-WA]
CS =0038 0000000000000000 ffffffff 00af9a00 DPL=0 CS64 [-R-]
SS =0030 0000000000000000 ffffffff 00cf9300 DPL=0 DS   [-WA]
DS =0030 0000000000000000 ffffffff 00cf9300 DPL=0 DS   [-WA]
FS =0030 0000000000000000 ffffffff 00cf9300 DPL=0 DS   [-WA]
GS =0030 0000000000000000 ffffffff 00cf9300 DPL=0 DS   [-WA]
LDT=0000 0000000000000000 0000ffff 00008200 DPL=0 LDT
TR =0000 0000000000000000 0000ffff 00008b00 DPL=0 TSS64-busy
GDT=     00000000bf9de000 00000047
IDT=     00000000bf4d2018 00000fff
CR0=80010033 CR2=0000000000000000 CR3=00000000bfc01000 CR4=00000668
DR0=0000000000000000 DR1=0000000000000000 DR2=0000000000000000 DR3=0000000000000000 
DR6=00000000ffff0ff0 DR7=0000000000000400
CCS=0000000000000000 CCD=00000000bf089451 CCO=EFLAGS
EFER=0000000000000d00
Servicing hardware INT=0x20
   457: v=20 e=0000 i=0 cpl=0 IP=0038:00000000bf096d81 pc=00000000bf096d81 SP=0030:00000000bfec2648 env->regs[R_EAX]=0000000000000000
RAX=0000000000000000 RBX=0000000000000004 RCX=00000000bf4c8a18 RDX=0000000000000000
RSI=0000000000000002 RDI=00000000bfee9030 RBP=00000000bfee3ec5 RSP=00000000bfec2648
R8 =6c5e2932c0c431bb R9 =0000000000000000 R10=0000000000000000 R11=00000000bfec2571
R12=00000000bfeeaba0 R13=00000000bf4c8a18 R14=0000000000000010 R15=00000000bfeeaca0
RIP=00000000bf096d81 RFL=00000202 [-------] CPL=0 II=0 A20=1 SMM=0 HLT=0
ES =0030 0000000000000000 ffffffff 00cf9300 DPL=0 DS   [-WA]
CS =0038 0000000000000000 ffffffff 00af9a00 DPL=0 CS64 [-R-]
SS =0030 0000000000000000 ffffffff 00cf9300 DPL=0 DS   [-WA]
DS =0030 0000000000000000 ffffffff 00cf9300 DPL=0 DS   [-WA]
FS =0030 0000000000000000 ffffffff 00cf9300 DPL=0 DS   [-WA]
GS =0030 0000000000000000 ffffffff 00cf9300 DPL=0 DS   [-WA]
LDT=0000 0000000000000000 0000ffff 00008200 DPL=0 LDT
TR =0000 0000000000000000 0000ffff 00008b00 DPL=0 TSS64-busy
GDT=     00000000bf9de000 00000047
IDT=     00000000bf4d2018 00000fff
CR0=80010033 CR2=0000000000000000 CR3=00000000bfc01000 CR4=00000668
DR0=0000000000000000 DR1=0000000000000000 DR2=0000000000000000 DR3=0000000000000000 
DR6=00000000ffff0ff0 DR7=0000000000000400
CCS=0000000000000000 CCD=00000000bf089451 CCO=EFLAGS
EFER=0000000000000d00
Servicing hardware INT=0x20
   458: v=20 e=0000 i=0 cpl=0 IP=0038:00000000bf096d81 pc=00000000bf096d81 SP=0030:00000000bfec2648 env->regs[R_EAX]=0000000000000000
RAX=0000000000000000 RBX=0000000000000004 RCX=00000000bf4c8a18 RDX=0000000000000000
RSI=0000000000000002 RDI=00000000bfee9030 RBP=00000000bfee3ec5 RSP=00000000bfec2648
R8 =6c5e2932c0c431bb R9 =0000000000000000 R10=0000000000000000 R11=00000000bfec2571
R12=00000000bfeeaba0 R13=00000000bf4c8a18 R14=0000000000000010 R15=00000000bfeeaca0
RIP=00000000bf096d81 RFL=00000202 [-------] CPL=0 II=0 A20=1 SMM=0 HLT=0
ES =0030 0000000000000000 ffffffff 00cf9300 DPL=0 DS   [-WA]
CS =0038 0000000000000000 ffffffff 00af9a00 DPL=0 CS64 [-R-]
SS =0030 0000000000000000 ffffffff 00cf9300 DPL=0 DS   [-WA]
DS =0030 0000000000000000 ffffffff 00cf9300 DPL=0 DS   [-WA]
FS =0030 0000000000000000 ffffffff 00cf9300 DPL=0 DS   [-WA]
GS =0030 0000000000000000 ffffffff 00cf9300 DPL=0 DS   [-WA]
LDT=0000 0000000000000000 0000ffff 00008200 DPL=0 LDT
TR =0000 0000000000000000 0000ffff 00008b00 DPL=0 TSS64-busy
GDT=     00000000bf9de000 00000047
IDT=     00000000bf4d2018 00000fff
CR0=80010033 CR2=0000000000000000 CR3=00000000bfc01000 CR4=00000668
DR0=0000000000000000 DR1=0000000000000000 DR2=0000000000000000 DR3=0000000000000000 
DR6=00000000ffff0ff0 DR7=0000000000000400
CCS=0000000000000000 CCD=00000000bf089451 CCO=EFLAGS
EFER=0000000000000d00
Servicing hardware INT=0x20
   459: v=20 e=0000 i=0 cpl=0 IP=0038:00000000bf096d81 pc=00000000bf096d81 SP=0030:00000000bfec2648 env->regs[R_EAX]=0000000000000000
RAX=0000000000000000 RBX=0000000000000004 RCX=00000000bf4c8a18 RDX=0000000000000000
RSI=0000000000000002 RDI=00000000bfee9030 RBP=00000000bfee3ec5 RSP=00000000bfec2648
R8 =6c5e2932c0c431bb R9 =0000000000000000 R10=0000000000000000 R11=00000000bfec2571
R12=00000000bfeeaba0 R13=00000000bf4c8a18 R14=0000000000000010 R15=00000000bfeeaca0
RIP=00000000bf096d81 RFL=00000202 [-------] CPL=0 II=0 A20=1 SMM=0 HLT=0
ES =0030 0000000000000000 ffffffff 00cf9300 DPL=0 DS   [-WA]
CS =0038 0000000000000000 ffffffff 00af9a00 DPL=0 CS64 [-R-]
SS =0030 0000000000000000 ffffffff 00cf9300 DPL=0 DS   [-WA]
DS =0030 0000000000000000 ffffffff 00cf9300 DPL=0 DS   [-WA]
FS =0030 0000000000000000 ffffffff 00cf9300 DPL=0 DS   [-WA]
GS =0030 0000000000000000 ffffffff 00cf9300 DPL=0 DS   [-WA]
LDT=0000 0000000000000000 0000ffff 00008200 DPL=0 LDT
TR =0000 0000000000000000 0000ffff 00008b00 DPL=0 TSS64-busy
GDT=     00000000bf9de000 00000047
IDT=     00000000bf4d2018 00000fff
CR0=80010033 CR2=0000000000000000 CR3=00000000bfc01000 CR4=00000668
DR0=0000000000000000 DR1=0000000000000000 DR2=0000000000000000 DR3=0000000000000000 
DR6=00000000ffff0ff0 DR7=0000000000000400
CCS=0000000000000000 CCD=00000000bf089451 CCO=EFLAGS
EFER=0000000000000d00
Servicing hardware INT=0x20
   460: v=20 e=0000 i=0 cpl=0 IP=0038:00000000bf096d81 pc=00000000bf096d81 SP=0030:00000000bfec2648 env->regs[R_EAX]=0000000000000000
RAX=0000000000000000 RBX=0000000000000004 RCX=00000000bf4c8a18 RDX=0000000000000000
RSI=0000000000000002 RDI=00000000bfee9030 RBP=00000000bfee3ec5 RSP=00000000bfec2648
R8 =6c5e2932c0c431bb R9 =0000000000000000 R10=0000000000000000 R11=00000000bfec2571
R12=00000000bfeeaba0 R13=00000000bf4c8a18 R14=0000000000000010 R15=00000000bfeeaca0
RIP=00000000bf096d81 RFL=00000202 [-------] CPL=0 II=0 A20=1 SMM=0 HLT=0
ES =0030 0000000000000000 ffffffff 00cf9300 DPL=0 DS   [-WA]
CS =0038 0000000000000000 ffffffff 00af9a00 DPL=0 CS64 [-R-]
SS =0030 0000000000000000 ffffffff 00cf9300 DPL=0 DS   [-WA]
DS =0030 0000000000000000 ffffffff 00cf9300 DPL=0 DS   [-WA]
FS =0030 0000000000000000 ffffffff 00cf9300 DPL=0 DS   [-WA]
GS =0030 0000000000000000 ffffffff 00cf9300 DPL=0 DS   [-WA]
LDT=0000 0000000000000000 0000ffff 00008200 DPL=0 LDT
TR =0000 0000000000000000 0000ffff 00008b00 DPL=0 TSS64-busy
GDT=     00000000bf9de000 00000047
IDT=     00000000bf4d2018 00000fff
CR0=80010033 CR2=0000000000000000 CR3=00000000bfc01000 CR4=00000668
DR0=0000000000000000 DR1=0000000000000000 DR2=0000000000000000 DR3=0000000000000000 
DR6=00000000ffff0ff0 DR7=0000000000000400
CCS=0000000000000000 CCD=00000000bf089451 CCO=EFLAGS
EFER=0000000000000d00
Servicing hardware INT=0x20
   461: v=20 e=0000 i=0 cpl=0 IP=0038:00000000bf096d81 pc=00000000bf096d81 SP=0030:00000000bfec2648 env->regs[R_EAX]=0000000000000000
RAX=0000000000000000 RBX=0000000000000004 RCX=00000000bf4c8a18 RDX=0000000000000000
RSI=0000000000000002 RDI=00000000bfee9030 RBP=00000000bfee3ec5 RSP=00000000bfec2648
R8 =6c5e2932c0c431bb R9 =0000000000000000 R10=0000000000000000 R11=00000000bfec2571
R12=00000000bfeeaba0 R13=00000000bf4c8a18 R14=0000000000000010 R15=00000000bfeeaca0
RIP=00000000bf096d81 RFL=00000202 [-------] CPL=0 II=0 A20=1 SMM=0 HLT=0
ES =0030 0000000000000000 ffffffff 00cf9300 DPL=0 DS   [-WA]
CS =0038 0000000000000000 ffffffff 00af9a00 DPL=0 CS64 [-R-]
SS =0030 0000000000000000 ffffffff 00cf9300 DPL=0 DS   [-WA]
DS =0030 0000000000000000 ffffffff 00cf9300 DPL=0 DS   [-WA]
FS =0030 0000000000000000 ffffffff 00cf9300 DPL=0 DS   [-WA]
GS =0030 0000000000000000 ffffffff 00cf9300 DPL=0 DS   [-WA]
LDT=0000 0000000000000000 0000ffff 00008200 DPL=0 LDT
TR =0000 0000000000000000 0000ffff 00008b00 DPL=0 TSS64-busy
GDT=     00000000bf9de000 00000047
IDT=     00000000bf4d2018 00000fff
CR0=80010033 CR2=0000000000000000 CR3=00000000bfc01000 CR4=00000668
DR0=0000000000000000 DR1=0000000000000000 DR2=0000000000000000 DR3=0000000000000000 
DR6=00000000ffff0ff0 DR7=0000000000000400
CCS=0000000000000000 CCD=00000000bf089451 CCO=EFLAGS
EFER=0000000000000d00
Servicing hardware INT=0x20
   462: v=20 e=0000 i=0 cpl=0 IP=0038:00000000bf096d81 pc=00000000bf096d81 SP=0030:00000000bfec2648 env->regs[R_EAX]=0000000000000000
RAX=0000000000000000 RBX=0000000000000004 RCX=00000000bf4c8a18 RDX=0000000000000000
RSI=0000000000000002 RDI=00000000bfee9030 RBP=00000000bfee3ec5 RSP=00000000bfec2648
R8 =6c5e2932c0c431bb R9 =0000000000000000 R10=0000000000000000 R11=00000000bfec2571
R12=00000000bfeeaba0 R13=00000000bf4c8a18 R14=0000000000000010 R15=00000000bfeeaca0
RIP=00000000bf096d81 RFL=00000202 [-------] CPL=0 II=0 A20=1 SMM=0 HLT=0
ES =0030 0000000000000000 ffffffff 00cf9300 DPL=0 DS   [-WA]
CS =0038 0000000000000000 ffffffff 00af9a00 DPL=0 CS64 [-R-]
SS =0030 0000000000000000 ffffffff 00cf9300 DPL=0 DS   [-WA]
DS =0030 0000000000000000 ffffffff 00cf9300 DPL=0 DS   [-WA]
FS =0030 0000000000000000 ffffffff 00cf9300 DPL=0 DS   [-WA]
GS =0030 0000000000000000 ffffffff 00cf9300 DPL=0 DS   [-WA]
LDT=0000 0000000000000000 0000ffff 00008200 DPL=0 LDT
TR =0000 0000000000000000 0000ffff 00008b00 DPL=0 TSS64-busy
GDT=     00000000bf9de000 00000047
IDT=     00000000bf4d2018 00000fff
CR0=80010033 CR2=0000000000000000 CR3=00000000bfc01000 CR4=00000668
DR0=0000000000000000 DR1=0000000000000000 DR2=0000000000000000 DR3=0000000000000000 
DR6=00000000ffff0ff0 DR7=0000000000000400
CCS=0000000000000000 CCD=00000000bf089451 CCO=EFLAGS
EFER=0000000000000d00
Servicing hardware INT=0x20
   463: v=20 e=0000 i=0 cpl=0 IP=0038:00000000bf096d81 pc=00000000bf096d81 SP=0030:00000000bfec2648 env->regs[R_EAX]=0000000000000000
RAX=0000000000000000 RBX=0000000000000004 RCX=00000000bf4c8a18 RDX=0000000000000000
RSI=0000000000000002 RDI=00000000bfee9030 RBP=00000000bfee3ec5 RSP=00000000bfec2648
R8 =6c5e2932c0c431bb R9 =0000000000000000 R10=0000000000000000 R11=00000000bfec2571
R12=00000000bfeeaba0 R13=00000000bf4c8a18 R14=0000000000000010 R15=00000000bfeeaca0
RIP=00000000bf096d81 RFL=00000202 [-------] CPL=0 II=0 A20=1 SMM=0 HLT=0
ES =0030 0000000000000000 ffffffff 00cf9300 DPL=0 DS   [-WA]
CS =0038 0000000000000000 ffffffff 00af9a00 DPL=0 CS64 [-R-]
SS =0030 0000000000000000 ffffffff 00cf9300 DPL=0 DS   [-WA]
DS =0030 0000000000000000 ffffffff 00cf9300 DPL=0 DS   [-WA]
FS =0030 0000000000000000 ffffffff 00cf9300 DPL=0 DS   [-WA]
GS =0030 0000000000000000 ffffffff 00cf9300 DPL=0 DS   [-WA]
LDT=0000 0000000000000000 0000ffff 00008200 DPL=0 LDT
TR =0000 0000000000000000 0000ffff 00008b00 DPL=0 TSS64-busy
GDT=     00000000bf9de000 00000047
IDT=     00000000bf4d2018 00000fff
CR0=80010033 CR2=0000000000000000 CR3=00000000bfc01000 CR4=00000668
DR0=0000000000000000 DR1=0000000000000000 DR2=0000000000000000 DR3=0000000000000000 
DR6=00000000ffff0ff0 DR7=0000000000000400
CCS=0000000000000000 CCD=00000000bf089451 CCO=EFLAGS
EFER=0000000000000d00
Servicing hardware INT=0x20
   464: v=20 e=0000 i=0 cpl=0 IP=0038:00000000bf096d81 pc=00000000bf096d81 SP=0030:00000000bfec2648 env->regs[R_EAX]=0000000000000000
RAX=0000000000000000 RBX=0000000000000004 RCX=00000000bf4c8a18 RDX=0000000000000000
RSI=0000000000000002 RDI=00000000bfee9030 RBP=00000000bfee3ec5 RSP=00000000bfec2648
R8 =6c5e2932c0c431bb R9 =0000000000000000 R10=0000000000000000 R11=00000000bfec2571
R12=00000000bfeeaba0 R13=00000000bf4c8a18 R14=0000000000000010 R15=00000000bfeeaca0
RIP=00000000bf096d81 RFL=00000202 [-------] CPL=0 II=0 A20=1 SMM=0 HLT=0
ES =0030 0000000000000000 ffffffff 00cf9300 DPL=0 DS   [-WA]
CS =0038 0000000000000000 ffffffff 00af9a00 DPL=0 CS64 [-R-]
SS =0030 0000000000000000 ffffffff 00cf9300 DPL=0 DS   [-WA]
DS =0030 0000000000000000 ffffffff 00cf9300 DPL=0 DS   [-WA]
FS =0030 0000000000000000 ffffffff 00cf9300 DPL=0 DS   [-WA]
GS =0030 0000000000000000 ffffffff 00cf9300 DPL=0 DS   [-WA]
LDT=0000 0000000000000000 0000ffff 00008200 DPL=0 LDT
TR =0000 0000000000000000 0000ffff 00008b00 DPL=0 TSS64-busy
GDT=     00000000bf9de000 00000047
IDT=     00000000bf4d2018 00000fff
CR0=80010033 CR2=0000000000000000 CR3=00000000bfc01000 CR4=00000668
DR0=0000000000000000 DR1=0000000000000000 DR2=0000000000000000 DR3=0000000000000000 
DR6=00000000ffff0ff0 DR7=0000000000000400
CCS=0000000000000000 CCD=00000000bf089451 CCO=EFLAGS
EFER=0000000000000d00
Servicing hardware INT=0x20
   465: v=20 e=0000 i=0 cpl=0 IP=0038:00000000bf096d81 pc=00000000bf096d81 SP=0030:00000000bfec2648 env->regs[R_EAX]=0000000000000000
RAX=0000000000000000 RBX=0000000000000004 RCX=00000000bf4c8a18 RDX=0000000000000000
RSI=0000000000000002 RDI=00000000bfee9030 RBP=00000000bfee3ec5 RSP=00000000bfec2648
R8 =6c5e2932c0c431bb R9 =0000000000000000 R10=0000000000000000 R11=00000000bfec2571
R12=00000000bfeeaba0 R13=00000000bf4c8a18 R14=0000000000000010 R15=00000000bfeeaca0
RIP=00000000bf096d81 RFL=00000202 [-------] CPL=0 II=0 A20=1 SMM=0 HLT=0
ES =0030 0000000000000000 ffffffff 00cf9300 DPL=0 DS   [-WA]
CS =0038 0000000000000000 ffffffff 00af9a00 DPL=0 CS64 [-R-]
SS =0030 0000000000000000 ffffffff 00cf9300 DPL=0 DS   [-WA]
DS =0030 0000000000000000 ffffffff 00cf9300 DPL=0 DS   [-WA]
FS =0030 0000000000000000 ffffffff 00cf9300 DPL=0 DS   [-WA]
GS =0030 0000000000000000 ffffffff 00cf9300 DPL=0 DS   [-WA]
LDT=0000 0000000000000000 0000ffff 00008200 DPL=0 LDT
TR =0000 0000000000000000 0000ffff 00008b00 DPL=0 TSS64-busy
GDT=     00000000bf9de000 00000047
IDT=     00000000bf4d2018 00000fff
CR0=80010033 CR2=0000000000000000 CR3=00000000bfc01000 CR4=00000668
DR0=0000000000000000 DR1=0000000000000000 DR2=0000000000000000 DR3=0000000000000000 
DR6=00000000ffff0ff0 DR7=0000000000000400
CCS=0000000000000000 CCD=00000000bf089451 CCO=EFLAGS
EFER=0000000000000d00
Servicing hardware INT=0x20
   466: v=20 e=0000 i=0 cpl=0 IP=0038:00000000bf096d81 pc=00000000bf096d81 SP=0030:00000000bfec2648 env->regs[R_EAX]=0000000000000000
RAX=0000000000000000 RBX=0000000000000004 RCX=00000000bf4c8a18 RDX=0000000000000000
RSI=0000000000000002 RDI=00000000bfee9030 RBP=00000000bfee3ec5 RSP=00000000bfec2648
R8 =6c5e2932c0c431bb R9 =0000000000000000 R10=0000000000000000 R11=00000000bfec2571
R12=00000000bfeeaba0 R13=00000000bf4c8a18 R14=0000000000000010 R15=00000000bfeeaca0
RIP=00000000bf096d81 RFL=00000202 [-------] CPL=0 II=0 A20=1 SMM=0 HLT=0
ES =0030 0000000000000000 ffffffff 00cf9300 DPL=0 DS   [-WA]
CS =0038 0000000000000000 ffffffff 00af9a00 DPL=0 CS64 [-R-]
SS =0030 0000000000000000 ffffffff 00cf9300 DPL=0 DS   [-WA]
DS =0030 0000000000000000 ffffffff 00cf9300 DPL=0 DS   [-WA]
FS =0030 0000000000000000 ffffffff 00cf9300 DPL=0 DS   [-WA]
GS =0030 0000000000000000 ffffffff 00cf9300 DPL=0 DS   [-WA]
LDT=0000 0000000000000000 0000ffff 00008200 DPL=0 LDT
TR =0000 0000000000000000 0000ffff 00008b00 DPL=0 TSS64-busy
GDT=     00000000bf9de000 00000047
IDT=     00000000bf4d2018 00000fff
CR0=80010033 CR2=0000000000000000 CR3=00000000bfc01000 CR4=00000668
DR0=0000000000000000 DR1=0000000000000000 DR2=0000000000000000 DR3=0000000000000000 
DR6=00000000ffff0ff0 DR7=0000000000000400
CCS=0000000000000000 CCD=00000000bf089451 CCO=EFLAGS
EFER=0000000000000d00
Servicing hardware INT=0x20
   467: v=20 e=0000 i=0 cpl=0 IP=0038:00000000bf096d81 pc=00000000bf096d81 SP=0030:00000000bfec2648 env->regs[R_EAX]=0000000000000000
RAX=0000000000000000 RBX=0000000000000004 RCX=00000000bf4c8a18 RDX=0000000000000000
RSI=0000000000000002 RDI=00000000bfee9030 RBP=00000000bfee3ec5 RSP=00000000bfec2648
R8 =6c5e2932c0c431bb R9 =0000000000000000 R10=0000000000000000 R11=00000000bfec2571
R12=00000000bfeeaba0 R13=00000000bf4c8a18 R14=0000000000000010 R15=00000000bfeeaca0
RIP=00000000bf096d81 RFL=00000202 [-------] CPL=0 II=0 A20=1 SMM=0 HLT=0
ES =0030 0000000000000000 ffffffff 00cf9300 DPL=0 DS   [-WA]
CS =0038 0000000000000000 ffffffff 00af9a00 DPL=0 CS64 [-R-]
SS =0030 0000000000000000 ffffffff 00cf9300 DPL=0 DS   [-WA]
DS =0030 0000000000000000 ffffffff 00cf9300 DPL=0 DS   [-WA]
FS =0030 0000000000000000 ffffffff 00cf9300 DPL=0 DS   [-WA]
GS =0030 0000000000000000 ffffffff 00cf9300 DPL=0 DS   [-WA]
LDT=0000 0000000000000000 0000ffff 00008200 DPL=0 LDT
TR =0000 0000000000000000 0000ffff 00008b00 DPL=0 TSS64-busy
GDT=     00000000bf9de000 00000047
IDT=     00000000bf4d2018 00000fff
CR0=80010033 CR2=0000000000000000 CR3=00000000bfc01000 CR4=00000668
DR0=0000000000000000 DR1=0000000000000000 DR2=0000000000000000 DR3=0000000000000000 
DR6=00000000ffff0ff0 DR7=0000000000000400
CCS=0000000000000000 CCD=00000000bf089451 CCO=EFLAGS
EFER=0000000000000d00
Servicing hardware INT=0x20
   468: v=20 e=0000 i=0 cpl=0 IP=0038:00000000bf096d81 pc=00000000bf096d81 SP=0030:00000000bfec2648 env->regs[R_EAX]=0000000000000000
RAX=0000000000000000 RBX=0000000000000004 RCX=00000000bf4c8a18 RDX=0000000000000000
RSI=0000000000000002 RDI=00000000bfee9030 RBP=00000000bfee3ec5 RSP=00000000bfec2648
R8 =6c5e2932c0c431bb R9 =0000000000000000 R10=0000000000000000 R11=00000000bfec2571
R12=00000000bfeeaba0 R13=00000000bf4c8a18 R14=0000000000000010 R15=00000000bfeeaca0
RIP=00000000bf096d81 RFL=00000202 [-------] CPL=0 II=0 A20=1 SMM=0 HLT=0
ES =0030 0000000000000000 ffffffff 00cf9300 DPL=0 DS   [-WA]
CS =0038 0000000000000000 ffffffff 00af9a00 DPL=0 CS64 [-R-]
SS =0030 0000000000000000 ffffffff 00cf9300 DPL=0 DS   [-WA]
DS =0030 0000000000000000 ffffffff 00cf9300 DPL=0 DS   [-WA]
FS =0030 0000000000000000 ffffffff 00cf9300 DPL=0 DS   [-WA]
GS =0030 0000000000000000 ffffffff 00cf9300 DPL=0 DS   [-WA]
LDT=0000 0000000000000000 0000ffff 00008200 DPL=0 LDT
TR =0000 0000000000000000 0000ffff 00008b00 DPL=0 TSS64-busy
GDT=     00000000bf9de000 00000047
IDT=     00000000bf4d2018 00000fff
CR0=80010033 CR2=0000000000000000 CR3=00000000bfc01000 CR4=00000668
DR0=0000000000000000 DR1=0000000000000000 DR2=0000000000000000 DR3=0000000000000000 
DR6=00000000ffff0ff0 DR7=0000000000000400
CCS=0000000000000000 CCD=00000000bf089451 CCO=EFLAGS
EFER=0000000000000d00
Servicing hardware INT=0x20
   469: v=20 e=0000 i=0 cpl=0 IP=0038:00000000bf096d81 pc=00000000bf096d81 SP=0030:00000000bfec2648 env->regs[R_EAX]=0000000000000000
RAX=0000000000000000 RBX=0000000000000004 RCX=00000000bf4c8a18 RDX=0000000000000000
RSI=0000000000000002 RDI=00000000bfee9030 RBP=00000000bfee3ec5 RSP=00000000bfec2648
R8 =6c5e2932c0c431bb R9 =0000000000000000 R10=0000000000000000 R11=00000000bfec2571
R12=00000000bfeeaba0 R13=00000000bf4c8a18 R14=0000000000000010 R15=00000000bfeeaca0
RIP=00000000bf096d81 RFL=00000202 [-------] CPL=0 II=0 A20=1 SMM=0 HLT=0
ES =0030 0000000000000000 ffffffff 00cf9300 DPL=0 DS   [-WA]
CS =0038 0000000000000000 ffffffff 00af9a00 DPL=0 CS64 [-R-]
SS =0030 0000000000000000 ffffffff 00cf9300 DPL=0 DS   [-WA]
DS =0030 0000000000000000 ffffffff 00cf9300 DPL=0 DS   [-WA]
FS =0030 0000000000000000 ffffffff 00cf9300 DPL=0 DS   [-WA]
GS =0030 0000000000000000 ffffffff 00cf9300 DPL=0 DS   [-WA]
LDT=0000 0000000000000000 0000ffff 00008200 DPL=0 LDT
TR =0000 0000000000000000 0000ffff 00008b00 DPL=0 TSS64-busy
GDT=     00000000bf9de000 00000047
IDT=     00000000bf4d2018 00000fff
CR0=80010033 CR2=0000000000000000 CR3=00000000bfc01000 CR4=00000668
DR0=0000000000000000 DR1=0000000000000000 DR2=0000000000000000 DR3=0000000000000000 
DR6=00000000ffff0ff0 DR7=0000000000000400
CCS=0000000000000000 CCD=00000000bf089451 CCO=EFLAGS
EFER=0000000000000d00
Servicing hardware INT=0x20
   470: v=20 e=0000 i=0 cpl=0 IP=0038:00000000bf096d81 pc=00000000bf096d81 SP=0030:00000000bfec2648 env->regs[R_EAX]=0000000000000000
RAX=0000000000000000 RBX=0000000000000004 RCX=00000000bf4c8a18 RDX=0000000000000000
RSI=0000000000000002 RDI=00000000bfee9030 RBP=00000000bfee3ec5 RSP=00000000bfec2648
R8 =6c5e2932c0c431bb R9 =0000000000000000 R10=0000000000000000 R11=00000000bfec2571
R12=00000000bfeeaba0 R13=00000000bf4c8a18 R14=0000000000000010 R15=00000000bfeeaca0
RIP=00000000bf096d81 RFL=00000202 [-------] CPL=0 II=0 A20=1 SMM=0 HLT=0
ES =0030 0000000000000000 ffffffff 00cf9300 DPL=0 DS   [-WA]
CS =0038 0000000000000000 ffffffff 00af9a00 DPL=0 CS64 [-R-]
SS =0030 0000000000000000 ffffffff 00cf9300 DPL=0 DS   [-WA]
DS =0030 0000000000000000 ffffffff 00cf9300 DPL=0 DS   [-WA]
FS =0030 0000000000000000 ffffffff 00cf9300 DPL=0 DS   [-WA]
GS =0030 0000000000000000 ffffffff 00cf9300 DPL=0 DS   [-WA]
LDT=0000 0000000000000000 0000ffff 00008200 DPL=0 LDT
TR =0000 0000000000000000 0000ffff 00008b00 DPL=0 TSS64-busy
GDT=     00000000bf9de000 00000047
IDT=     00000000bf4d2018 00000fff
CR0=80010033 CR2=0000000000000000 CR3=00000000bfc01000 CR4=00000668
DR0=0000000000000000 DR1=0000000000000000 DR2=0000000000000000 DR3=0000000000000000 
DR6=00000000ffff0ff0 DR7=0000000000000400
CCS=0000000000000000 CCD=00000000bf089451 CCO=EFLAGS
EFER=0000000000000d00
Servicing hardware INT=0x20
   471: v=20 e=0000 i=0 cpl=0 IP=0038:00000000bf096d81 pc=00000000bf096d81 SP=0030:00000000bfec2648 env->regs[R_EAX]=0000000000000000
RAX=0000000000000000 RBX=0000000000000004 RCX=00000000bf4c8a18 RDX=0000000000000000
RSI=0000000000000002 RDI=00000000bfee9030 RBP=00000000bfee3ec5 RSP=00000000bfec2648
R8 =6c5e2932c0c431bb R9 =0000000000000000 R10=0000000000000000 R11=00000000bfec2571
R12=00000000bfeeaba0 R13=00000000bf4c8a18 R14=0000000000000010 R15=00000000bfeeaca0
RIP=00000000bf096d81 RFL=00000202 [-------] CPL=0 II=0 A20=1 SMM=0 HLT=0
ES =0030 0000000000000000 ffffffff 00cf9300 DPL=0 DS   [-WA]
CS =0038 0000000000000000 ffffffff 00af9a00 DPL=0 CS64 [-R-]
SS =0030 0000000000000000 ffffffff 00cf9300 DPL=0 DS   [-WA]
DS =0030 0000000000000000 ffffffff 00cf9300 DPL=0 DS   [-WA]
FS =0030 0000000000000000 ffffffff 00cf9300 DPL=0 DS   [-WA]
GS =0030 0000000000000000 ffffffff 00cf9300 DPL=0 DS   [-WA]
LDT=0000 0000000000000000 0000ffff 00008200 DPL=0 LDT
TR =0000 0000000000000000 0000ffff 00008b00 DPL=0 TSS64-busy
GDT=     00000000bf9de000 00000047
IDT=     00000000bf4d2018 00000fff
CR0=80010033 CR2=0000000000000000 CR3=00000000bfc01000 CR4=00000668
DR0=0000000000000000 DR1=0000000000000000 DR2=0000000000000000 DR3=0000000000000000 
DR6=00000000ffff0ff0 DR7=0000000000000400
CCS=0000000000000000 CCD=00000000bf089451 CCO=EFLAGS
EFER=0000000000000d00
Servicing hardware INT=0x20
   472: v=20 e=0000 i=0 cpl=0 IP=0038:00000000bf096d81 pc=00000000bf096d81 SP=0030:00000000bfec2648 env->regs[R_EAX]=0000000000000000
RAX=0000000000000000 RBX=0000000000000004 RCX=00000000bf4c8a18 RDX=0000000000000000
RSI=0000000000000002 RDI=00000000bfee9030 RBP=00000000bfee3ec5 RSP=00000000bfec2648
R8 =6c5e2932c0c431bb R9 =0000000000000000 R10=0000000000000000 R11=00000000bfec2571
R12=00000000bfeeaba0 R13=00000000bf4c8a18 R14=0000000000000010 R15=00000000bfeeaca0
RIP=00000000bf096d81 RFL=00000202 [-------] CPL=0 II=0 A20=1 SMM=0 HLT=0
ES =0030 0000000000000000 ffffffff 00cf9300 DPL=0 DS   [-WA]
CS =0038 0000000000000000 ffffffff 00af9a00 DPL=0 CS64 [-R-]
SS =0030 0000000000000000 ffffffff 00cf9300 DPL=0 DS   [-WA]
DS =0030 0000000000000000 ffffffff 00cf9300 DPL=0 DS   [-WA]
FS =0030 0000000000000000 ffffffff 00cf9300 DPL=0 DS   [-WA]
GS =0030 0000000000000000 ffffffff 00cf9300 DPL=0 DS   [-WA]
LDT=0000 0000000000000000 0000ffff 00008200 DPL=0 LDT
TR =0000 0000000000000000 0000ffff 00008b00 DPL=0 TSS64-busy
GDT=     00000000bf9de000 00000047
IDT=     00000000bf4d2018 00000fff
CR0=80010033 CR2=0000000000000000 CR3=00000000bfc01000 CR4=00000668
DR0=0000000000000000 DR1=0000000000000000 DR2=0000000000000000 DR3=0000000000000000 
DR6=00000000ffff0ff0 DR7=0000000000000400
CCS=0000000000000000 CCD=00000000bf089451 CCO=EFLAGS
EFER=0000000000000d00
Servicing hardware INT=0x20
   473: v=20 e=0000 i=0 cpl=0 IP=0038:00000000bf096d81 pc=00000000bf096d81 SP=0030:00000000bfec2648 env->regs[R_EAX]=0000000000000000
RAX=0000000000000000 RBX=0000000000000004 RCX=00000000bf4c8a18 RDX=0000000000000000
RSI=0000000000000002 RDI=00000000bfee9030 RBP=00000000bfee3ec5 RSP=00000000bfec2648
R8 =6c5e2932c0c431bb R9 =0000000000000000 R10=0000000000000000 R11=00000000bfec2571
R12=00000000bfeeaba0 R13=00000000bf4c8a18 R14=0000000000000010 R15=00000000bfeeaca0
RIP=00000000bf096d81 RFL=00000202 [-------] CPL=0 II=0 A20=1 SMM=0 HLT=0
ES =0030 0000000000000000 ffffffff 00cf9300 DPL=0 DS   [-WA]
CS =0038 0000000000000000 ffffffff 00af9a00 DPL=0 CS64 [-R-]
SS =0030 0000000000000000 ffffffff 00cf9300 DPL=0 DS   [-WA]
DS =0030 0000000000000000 ffffffff 00cf9300 DPL=0 DS   [-WA]
FS =0030 0000000000000000 ffffffff 00cf9300 DPL=0 DS   [-WA]
GS =0030 0000000000000000 ffffffff 00cf9300 DPL=0 DS   [-WA]
LDT=0000 0000000000000000 0000ffff 00008200 DPL=0 LDT
TR =0000 0000000000000000 0000ffff 00008b00 DPL=0 TSS64-busy
GDT=     00000000bf9de000 00000047
IDT=     00000000bf4d2018 00000fff
CR0=80010033 CR2=0000000000000000 CR3=00000000bfc01000 CR4=00000668
DR0=0000000000000000 DR1=0000000000000000 DR2=0000000000000000 DR3=0000000000000000 
DR6=00000000ffff0ff0 DR7=0000000000000400
CCS=0000000000000000 CCD=00000000bf089451 CCO=EFLAGS
EFER=0000000000000d00
Servicing hardware INT=0x20
   474: v=20 e=0000 i=0 cpl=0 IP=0038:00000000bf096d81 pc=00000000bf096d81 SP=0030:00000000bfec2648 env->regs[R_EAX]=0000000000000000
RAX=0000000000000000 RBX=0000000000000004 RCX=00000000bf4c8a18 RDX=0000000000000000
RSI=0000000000000002 RDI=00000000bfee9030 RBP=00000000bfee3ec5 RSP=00000000bfec2648
R8 =6c5e2932c0c431bb R9 =0000000000000000 R10=0000000000000000 R11=00000000bfec2571
R12=00000000bfeeaba0 R13=00000000bf4c8a18 R14=0000000000000010 R15=00000000bfeeaca0
RIP=00000000bf096d81 RFL=00000202 [-------] CPL=0 II=0 A20=1 SMM=0 HLT=0
ES =0030 0000000000000000 ffffffff 00cf9300 DPL=0 DS   [-WA]
CS =0038 0000000000000000 ffffffff 00af9a00 DPL=0 CS64 [-R-]
SS =0030 0000000000000000 ffffffff 00cf9300 DPL=0 DS   [-WA]
DS =0030 0000000000000000 ffffffff 00cf9300 DPL=0 DS   [-WA]
FS =0030 0000000000000000 ffffffff 00cf9300 DPL=0 DS   [-WA]
GS =0030 0000000000000000 ffffffff 00cf9300 DPL=0 DS   [-WA]
LDT=0000 0000000000000000 0000ffff 00008200 DPL=0 LDT
TR =0000 0000000000000000 0000ffff 00008b00 DPL=0 TSS64-busy
GDT=     00000000bf9de000 00000047
IDT=     00000000bf4d2018 00000fff
CR0=80010033 CR2=0000000000000000 CR3=00000000bfc01000 CR4=00000668
DR0=0000000000000000 DR1=0000000000000000 DR2=0000000000000000 DR3=0000000000000000 
DR6=00000000ffff0ff0 DR7=0000000000000400
CCS=0000000000000000 CCD=00000000bf089451 CCO=EFLAGS
EFER=0000000000000d00
Servicing hardware INT=0x20
   475: v=20 e=0000 i=0 cpl=0 IP=0038:00000000bf096d81 pc=00000000bf096d81 SP=0030:00000000bfec2648 env->regs[R_EAX]=0000000000000000
RAX=0000000000000000 RBX=0000000000000004 RCX=00000000bf4c8a18 RDX=0000000000000000
RSI=0000000000000002 RDI=00000000bfee9030 RBP=00000000bfee3ec5 RSP=00000000bfec2648
R8 =6c5e2932c0c431bb R9 =0000000000000000 R10=0000000000000000 R11=00000000bfec2571
R12=00000000bfeeaba0 R13=00000000bf4c8a18 R14=0000000000000010 R15=00000000bfeeaca0
RIP=00000000bf096d81 RFL=00000202 [-------] CPL=0 II=0 A20=1 SMM=0 HLT=0
ES =0030 0000000000000000 ffffffff 00cf9300 DPL=0 DS   [-WA]
CS =0038 0000000000000000 ffffffff 00af9a00 DPL=0 CS64 [-R-]
SS =0030 0000000000000000 ffffffff 00cf9300 DPL=0 DS   [-WA]
DS =0030 0000000000000000 ffffffff 00cf9300 DPL=0 DS   [-WA]
FS =0030 0000000000000000 ffffffff 00cf9300 DPL=0 DS   [-WA]
GS =0030 0000000000000000 ffffffff 00cf9300 DPL=0 DS   [-WA]
LDT=0000 0000000000000000 0000ffff 00008200 DPL=0 LDT
TR =0000 0000000000000000 0000ffff 00008b00 DPL=0 TSS64-busy
GDT=     00000000bf9de000 00000047
IDT=     00000000bf4d2018 00000fff
CR0=80010033 CR2=0000000000000000 CR3=00000000bfc01000 CR4=00000668
DR0=0000000000000000 DR1=0000000000000000 DR2=0000000000000000 DR3=0000000000000000 
DR6=00000000ffff0ff0 DR7=0000000000000400
CCS=0000000000000000 CCD=00000000bf089451 CCO=EFLAGS
EFER=0000000000000d00
Servicing hardware INT=0x20
   476: v=20 e=0000 i=0 cpl=0 IP=0038:00000000bf096d81 pc=00000000bf096d81 SP=0030:00000000bfec2648 env->regs[R_EAX]=0000000000000000
RAX=0000000000000000 RBX=0000000000000004 RCX=00000000bf4c8a18 RDX=0000000000000000
RSI=0000000000000002 RDI=00000000bfee9030 RBP=00000000bfee3ec5 RSP=00000000bfec2648
R8 =6c5e2932c0c431bb R9 =0000000000000000 R10=0000000000000000 R11=00000000bfec2571
R12=00000000bfeeaba0 R13=00000000bf4c8a18 R14=0000000000000010 R15=00000000bfeeaca0
RIP=00000000bf096d81 RFL=00000202 [-------] CPL=0 II=0 A20=1 SMM=0 HLT=0
ES =0030 0000000000000000 ffffffff 00cf9300 DPL=0 DS   [-WA]
CS =0038 0000000000000000 ffffffff 00af9a00 DPL=0 CS64 [-R-]
SS =0030 0000000000000000 ffffffff 00cf9300 DPL=0 DS   [-WA]
DS =0030 0000000000000000 ffffffff 00cf9300 DPL=0 DS   [-WA]
FS =0030 0000000000000000 ffffffff 00cf9300 DPL=0 DS   [-WA]
GS =0030 0000000000000000 ffffffff 00cf9300 DPL=0 DS   [-WA]
LDT=0000 0000000000000000 0000ffff 00008200 DPL=0 LDT
TR =0000 0000000000000000 0000ffff 00008b00 DPL=0 TSS64-busy
GDT=     00000000bf9de000 00000047
IDT=     00000000bf4d2018 00000fff
CR0=80010033 CR2=0000000000000000 CR3=00000000bfc01000 CR4=00000668
DR0=0000000000000000 DR1=0000000000000000 DR2=0000000000000000 DR3=0000000000000000 
DR6=00000000ffff0ff0 DR7=0000000000000400
CCS=0000000000000000 CCD=00000000bf089451 CCO=EFLAGS
EFER=0000000000000d00
Servicing hardware INT=0x20
   477: v=20 e=0000 i=0 cpl=0 IP=0038:00000000bf096d81 pc=00000000bf096d81 SP=0030:00000000bfec2648 env->regs[R_EAX]=0000000000000000
RAX=0000000000000000 RBX=0000000000000004 RCX=00000000bf4c8a18 RDX=0000000000000000
RSI=0000000000000002 RDI=00000000bfee9030 RBP=00000000bfee3ec5 RSP=00000000bfec2648
R8 =6c5e2932c0c431bb R9 =0000000000000000 R10=0000000000000000 R11=00000000bfec2571
R12=00000000bfeeaba0 R13=00000000bf4c8a18 R14=0000000000000010 R15=00000000bfeeaca0
RIP=00000000bf096d81 RFL=00000202 [-------] CPL=0 II=0 A20=1 SMM=0 HLT=0
ES =0030 0000000000000000 ffffffff 00cf9300 DPL=0 DS   [-WA]
CS =0038 0000000000000000 ffffffff 00af9a00 DPL=0 CS64 [-R-]
SS =0030 0000000000000000 ffffffff 00cf9300 DPL=0 DS   [-WA]
DS =0030 0000000000000000 ffffffff 00cf9300 DPL=0 DS   [-WA]
FS =0030 0000000000000000 ffffffff 00cf9300 DPL=0 DS   [-WA]
GS =0030 0000000000000000 ffffffff 00cf9300 DPL=0 DS   [-WA]
LDT=0000 0000000000000000 0000ffff 00008200 DPL=0 LDT
TR =0000 0000000000000000 0000ffff 00008b00 DPL=0 TSS64-busy
GDT=     00000000bf9de000 00000047
IDT=     00000000bf4d2018 00000fff
CR0=80010033 CR2=0000000000000000 CR3=00000000bfc01000 CR4=00000668
DR0=0000000000000000 DR1=0000000000000000 DR2=0000000000000000 DR3=0000000000000000 
DR6=00000000ffff0ff0 DR7=0000000000000400
CCS=0000000000000000 CCD=00000000bf089451 CCO=EFLAGS
EFER=0000000000000d00
Servicing hardware INT=0x20
   478: v=20 e=0000 i=0 cpl=0 IP=0038:00000000bf096d81 pc=00000000bf096d81 SP=0030:00000000bfec2648 env->regs[R_EAX]=0000000000000000
RAX=0000000000000000 RBX=0000000000000004 RCX=00000000bf4c8a18 RDX=0000000000000000
RSI=0000000000000002 RDI=00000000bfee9030 RBP=00000000bfee3ec5 RSP=00000000bfec2648
R8 =6c5e2932c0c431bb R9 =0000000000000000 R10=0000000000000000 R11=00000000bfec2571
R12=00000000bfeeaba0 R13=00000000bf4c8a18 R14=0000000000000010 R15=00000000bfeeaca0
RIP=00000000bf096d81 RFL=00000202 [-------] CPL=0 II=0 A20=1 SMM=0 HLT=0
ES =0030 0000000000000000 ffffffff 00cf9300 DPL=0 DS   [-WA]
CS =0038 0000000000000000 ffffffff 00af9a00 DPL=0 CS64 [-R-]
SS =0030 0000000000000000 ffffffff 00cf9300 DPL=0 DS   [-WA]
DS =0030 0000000000000000 ffffffff 00cf9300 DPL=0 DS   [-WA]
FS =0030 0000000000000000 ffffffff 00cf9300 DPL=0 DS   [-WA]
GS =0030 0000000000000000 ffffffff 00cf9300 DPL=0 DS   [-WA]
LDT=0000 0000000000000000 0000ffff 00008200 DPL=0 LDT
TR =0000 0000000000000000 0000ffff 00008b00 DPL=0 TSS64-busy
GDT=     00000000bf9de000 00000047
IDT=     00000000bf4d2018 00000fff
CR0=80010033 CR2=0000000000000000 CR3=00000000bfc01000 CR4=00000668
DR0=0000000000000000 DR1=0000000000000000 DR2=0000000000000000 DR3=0000000000000000 
DR6=00000000ffff0ff0 DR7=0000000000000400
CCS=0000000000000000 CCD=00000000bf089451 CCO=EFLAGS
EFER=0000000000000d00
Servicing hardware INT=0x20
   479: v=20 e=0000 i=0 cpl=0 IP=0038:00000000bf096d81 pc=00000000bf096d81 SP=0030:00000000bfec2648 env->regs[R_EAX]=0000000000000000
RAX=0000000000000000 RBX=0000000000000004 RCX=00000000bf4c8a18 RDX=0000000000000000
RSI=0000000000000002 RDI=00000000bfee9030 RBP=00000000bfee3ec5 RSP=00000000bfec2648
R8 =6c5e2932c0c431bb R9 =0000000000000000 R10=0000000000000000 R11=00000000bfec2571
R12=00000000bfeeaba0 R13=00000000bf4c8a18 R14=0000000000000010 R15=00000000bfeeaca0
RIP=00000000bf096d81 RFL=00000202 [-------] CPL=0 II=0 A20=1 SMM=0 HLT=0
ES =0030 0000000000000000 ffffffff 00cf9300 DPL=0 DS   [-WA]
CS =0038 0000000000000000 ffffffff 00af9a00 DPL=0 CS64 [-R-]
SS =0030 0000000000000000 ffffffff 00cf9300 DPL=0 DS   [-WA]
DS =0030 0000000000000000 ffffffff 00cf9300 DPL=0 DS   [-WA]
FS =0030 0000000000000000 ffffffff 00cf9300 DPL=0 DS   [-WA]
GS =0030 0000000000000000 ffffffff 00cf9300 DPL=0 DS   [-WA]
LDT=0000 0000000000000000 0000ffff 00008200 DPL=0 LDT
TR =0000 0000000000000000 0000ffff 00008b00 DPL=0 TSS64-busy
GDT=     00000000bf9de000 00000047
IDT=     00000000bf4d2018 00000fff
CR0=80010033 CR2=0000000000000000 CR3=00000000bfc01000 CR4=00000668
DR0=0000000000000000 DR1=0000000000000000 DR2=0000000000000000 DR3=0000000000000000 
DR6=00000000ffff0ff0 DR7=0000000000000400
CCS=0000000000000000 CCD=00000000bf089451 CCO=EFLAGS
EFER=0000000000000d00
Servicing hardware INT=0x20
   480: v=20 e=0000 i=0 cpl=0 IP=0038:00000000bf096d81 pc=00000000bf096d81 SP=0030:00000000bfec2648 env->regs[R_EAX]=0000000000000000
RAX=0000000000000000 RBX=0000000000000004 RCX=00000000bf4c8a18 RDX=0000000000000000
RSI=0000000000000002 RDI=00000000bfee9030 RBP=00000000bfee3ec5 RSP=00000000bfec2648
R8 =6c5e2932c0c431bb R9 =0000000000000000 R10=0000000000000000 R11=00000000bfec2571
R12=00000000bfeeaba0 R13=00000000bf4c8a18 R14=0000000000000010 R15=00000000bfeeaca0
RIP=00000000bf096d81 RFL=00000202 [-------] CPL=0 II=0 A20=1 SMM=0 HLT=0
ES =0030 0000000000000000 ffffffff 00cf9300 DPL=0 DS   [-WA]
CS =0038 0000000000000000 ffffffff 00af9a00 DPL=0 CS64 [-R-]
SS =0030 0000000000000000 ffffffff 00cf9300 DPL=0 DS   [-WA]
DS =0030 0000000000000000 ffffffff 00cf9300 DPL=0 DS   [-WA]
FS =0030 0000000000000000 ffffffff 00cf9300 DPL=0 DS   [-WA]
GS =0030 0000000000000000 ffffffff 00cf9300 DPL=0 DS   [-WA]
LDT=0000 0000000000000000 0000ffff 00008200 DPL=0 LDT
TR =0000 0000000000000000 0000ffff 00008b00 DPL=0 TSS64-busy
GDT=     00000000bf9de000 00000047
IDT=     00000000bf4d2018 00000fff
CR0=80010033 CR2=0000000000000000 CR3=00000000bfc01000 CR4=00000668
DR0=0000000000000000 DR1=0000000000000000 DR2=0000000000000000 DR3=0000000000000000 
DR6=00000000ffff0ff0 DR7=0000000000000400
CCS=0000000000000000 CCD=00000000bf089451 CCO=EFLAGS
EFER=0000000000000d00
Servicing hardware INT=0x20
   481: v=20 e=0000 i=0 cpl=0 IP=0038:00000000bf096d81 pc=00000000bf096d81 SP=0030:00000000bfec2648 env->regs[R_EAX]=0000000000000000
RAX=0000000000000000 RBX=0000000000000004 RCX=00000000bf4c8a18 RDX=0000000000000000
RSI=0000000000000002 RDI=00000000bfee9030 RBP=00000000bfee3ec5 RSP=00000000bfec2648
R8 =6c5e2932c0c431bb R9 =0000000000000000 R10=0000000000000000 R11=00000000bfec2571
R12=00000000bfeeaba0 R13=00000000bf4c8a18 R14=0000000000000010 R15=00000000bfeeaca0
RIP=00000000bf096d81 RFL=00000202 [-------] CPL=0 II=0 A20=1 SMM=0 HLT=0
ES =0030 0000000000000000 ffffffff 00cf9300 DPL=0 DS   [-WA]
CS =0038 0000000000000000 ffffffff 00af9a00 DPL=0 CS64 [-R-]
SS =0030 0000000000000000 ffffffff 00cf9300 DPL=0 DS   [-WA]
DS =0030 0000000000000000 ffffffff 00cf9300 DPL=0 DS   [-WA]
FS =0030 0000000000000000 ffffffff 00cf9300 DPL=0 DS   [-WA]
GS =0030 0000000000000000 ffffffff 00cf9300 DPL=0 DS   [-WA]
LDT=0000 0000000000000000 0000ffff 00008200 DPL=0 LDT
TR =0000 0000000000000000 0000ffff 00008b00 DPL=0 TSS64-busy
GDT=     00000000bf9de000 00000047
IDT=     00000000bf4d2018 00000fff
CR0=80010033 CR2=0000000000000000 CR3=00000000bfc01000 CR4=00000668
DR0=0000000000000000 DR1=0000000000000000 DR2=0000000000000000 DR3=0000000000000000 
DR6=00000000ffff0ff0 DR7=0000000000000400
CCS=0000000000000000 CCD=00000000bf089451 CCO=EFLAGS
EFER=0000000000000d00
Servicing hardware INT=0x20
   482: v=20 e=0000 i=0 cpl=0 IP=0038:00000000bf096d81 pc=00000000bf096d81 SP=0030:00000000bfec2648 env->regs[R_EAX]=0000000000000000
RAX=0000000000000000 RBX=0000000000000004 RCX=00000000bf4c8a18 RDX=0000000000000000
RSI=0000000000000002 RDI=00000000bfee9030 RBP=00000000bfee3ec5 RSP=00000000bfec2648
R8 =6c5e2932c0c431bb R9 =0000000000000000 R10=0000000000000000 R11=00000000bfec2571
R12=00000000bfeeaba0 R13=00000000bf4c8a18 R14=0000000000000010 R15=00000000bfeeaca0
RIP=00000000bf096d81 RFL=00000202 [-------] CPL=0 II=0 A20=1 SMM=0 HLT=0
ES =0030 0000000000000000 ffffffff 00cf9300 DPL=0 DS   [-WA]
CS =0038 0000000000000000 ffffffff 00af9a00 DPL=0 CS64 [-R-]
SS =0030 0000000000000000 ffffffff 00cf9300 DPL=0 DS   [-WA]
DS =0030 0000000000000000 ffffffff 00cf9300 DPL=0 DS   [-WA]
FS =0030 0000000000000000 ffffffff 00cf9300 DPL=0 DS   [-WA]
GS =0030 0000000000000000 ffffffff 00cf9300 DPL=0 DS   [-WA]
LDT=0000 0000000000000000 0000ffff 00008200 DPL=0 LDT
TR =0000 0000000000000000 0000ffff 00008b00 DPL=0 TSS64-busy
GDT=     00000000bf9de000 00000047
IDT=     00000000bf4d2018 00000fff
CR0=80010033 CR2=0000000000000000 CR3=00000000bfc01000 CR4=00000668
DR0=0000000000000000 DR1=0000000000000000 DR2=0000000000000000 DR3=0000000000000000 
DR6=00000000ffff0ff0 DR7=0000000000000400
CCS=0000000000000000 CCD=00000000bf089451 CCO=EFLAGS
EFER=0000000000000d00
Servicing hardware INT=0x20
   483: v=20 e=0000 i=0 cpl=0 IP=0038:00000000bf096d81 pc=00000000bf096d81 SP=0030:00000000bfec2648 env->regs[R_EAX]=0000000000000000
RAX=0000000000000000 RBX=0000000000000004 RCX=00000000bf4c8a18 RDX=0000000000000000
RSI=0000000000000002 RDI=00000000bfee9030 RBP=00000000bfee3ec5 RSP=00000000bfec2648
R8 =6c5e2932c0c431bb R9 =0000000000000000 R10=0000000000000000 R11=00000000bfec2571
R12=00000000bfeeaba0 R13=00000000bf4c8a18 R14=0000000000000010 R15=00000000bfeeaca0
RIP=00000000bf096d81 RFL=00000202 [-------] CPL=0 II=0 A20=1 SMM=0 HLT=0
ES =0030 0000000000000000 ffffffff 00cf9300 DPL=0 DS   [-WA]
CS =0038 0000000000000000 ffffffff 00af9a00 DPL=0 CS64 [-R-]
SS =0030 0000000000000000 ffffffff 00cf9300 DPL=0 DS   [-WA]
DS =0030 0000000000000000 ffffffff 00cf9300 DPL=0 DS   [-WA]
FS =0030 0000000000000000 ffffffff 00cf9300 DPL=0 DS   [-WA]
GS =0030 0000000000000000 ffffffff 00cf9300 DPL=0 DS   [-WA]
LDT=0000 0000000000000000 0000ffff 00008200 DPL=0 LDT
TR =0000 0000000000000000 0000ffff 00008b00 DPL=0 TSS64-busy
GDT=     00000000bf9de000 00000047
IDT=     00000000bf4d2018 00000fff
CR0=80010033 CR2=0000000000000000 CR3=00000000bfc01000 CR4=00000668
DR0=0000000000000000 DR1=0000000000000000 DR2=0000000000000000 DR3=0000000000000000 
DR6=00000000ffff0ff0 DR7=0000000000000400
CCS=0000000000000000 CCD=00000000bf089451 CCO=EFLAGS
EFER=0000000000000d00
Servicing hardware INT=0x20
   484: v=20 e=0000 i=0 cpl=0 IP=0038:00000000bf096d81 pc=00000000bf096d81 SP=0030:00000000bfec2648 env->regs[R_EAX]=0000000000000000
RAX=0000000000000000 RBX=0000000000000004 RCX=00000000bf4c8a18 RDX=0000000000000000
RSI=0000000000000002 RDI=00000000bfee9030 RBP=00000000bfee3ec5 RSP=00000000bfec2648
R8 =6c5e2932c0c431bb R9 =0000000000000000 R10=0000000000000000 R11=00000000bfec2571
R12=00000000bfeeaba0 R13=00000000bf4c8a18 R14=0000000000000010 R15=00000000bfeeaca0
RIP=00000000bf096d81 RFL=00000202 [-------] CPL=0 II=0 A20=1 SMM=0 HLT=0
ES =0030 0000000000000000 ffffffff 00cf9300 DPL=0 DS   [-WA]
CS =0038 0000000000000000 ffffffff 00af9a00 DPL=0 CS64 [-R-]
SS =0030 0000000000000000 ffffffff 00cf9300 DPL=0 DS   [-WA]
DS =0030 0000000000000000 ffffffff 00cf9300 DPL=0 DS   [-WA]
FS =0030 0000000000000000 ffffffff 00cf9300 DPL=0 DS   [-WA]
GS =0030 0000000000000000 ffffffff 00cf9300 DPL=0 DS   [-WA]
LDT=0000 0000000000000000 0000ffff 00008200 DPL=0 LDT
TR =0000 0000000000000000 0000ffff 00008b00 DPL=0 TSS64-busy
GDT=     00000000bf9de000 00000047
IDT=     00000000bf4d2018 00000fff
CR0=80010033 CR2=0000000000000000 CR3=00000000bfc01000 CR4=00000668
DR0=0000000000000000 DR1=0000000000000000 DR2=0000000000000000 DR3=0000000000000000 
DR6=00000000ffff0ff0 DR7=0000000000000400
CCS=0000000000000000 CCD=00000000bf089451 CCO=EFLAGS
EFER=0000000000000d00
Servicing hardware INT=0x20
   485: v=20 e=0000 i=0 cpl=0 IP=0038:00000000bf096d81 pc=00000000bf096d81 SP=0030:00000000bfec2648 env->regs[R_EAX]=0000000000000000
RAX=0000000000000000 RBX=0000000000000004 RCX=00000000bf4c8a18 RDX=0000000000000000
RSI=0000000000000002 RDI=00000000bfee9030 RBP=00000000bfee3ec5 RSP=00000000bfec2648
R8 =6c5e2932c0c431bb R9 =0000000000000000 R10=0000000000000000 R11=00000000bfec2571
R12=00000000bfeeaba0 R13=00000000bf4c8a18 R14=0000000000000010 R15=00000000bfeeaca0
RIP=00000000bf096d81 RFL=00000202 [-------] CPL=0 II=0 A20=1 SMM=0 HLT=0
ES =0030 0000000000000000 ffffffff 00cf9300 DPL=0 DS   [-WA]
CS =0038 0000000000000000 ffffffff 00af9a00 DPL=0 CS64 [-R-]
SS =0030 0000000000000000 ffffffff 00cf9300 DPL=0 DS   [-WA]
DS =0030 0000000000000000 ffffffff 00cf9300 DPL=0 DS   [-WA]
FS =0030 0000000000000000 ffffffff 00cf9300 DPL=0 DS   [-WA]
GS =0030 0000000000000000 ffffffff 00cf9300 DPL=0 DS   [-WA]
LDT=0000 0000000000000000 0000ffff 00008200 DPL=0 LDT
TR =0000 0000000000000000 0000ffff 00008b00 DPL=0 TSS64-busy
GDT=     00000000bf9de000 00000047
IDT=     00000000bf4d2018 00000fff
CR0=80010033 CR2=0000000000000000 CR3=00000000bfc01000 CR4=00000668
DR0=0000000000000000 DR1=0000000000000000 DR2=0000000000000000 DR3=0000000000000000 
DR6=00000000ffff0ff0 DR7=0000000000000400
CCS=0000000000000000 CCD=00000000bf089451 CCO=EFLAGS
EFER=0000000000000d00
Servicing hardware INT=0x20
   486: v=20 e=0000 i=0 cpl=0 IP=0038:00000000bf096d81 pc=00000000bf096d81 SP=0030:00000000bfec2648 env->regs[R_EAX]=0000000000000000
RAX=0000000000000000 RBX=0000000000000004 RCX=00000000bf4c8a18 RDX=0000000000000000
RSI=0000000000000002 RDI=00000000bfee9030 RBP=00000000bfee3ec5 RSP=00000000bfec2648
R8 =6c5e2932c0c431bb R9 =0000000000000000 R10=0000000000000000 R11=00000000bfec2571
R12=00000000bfeeaba0 R13=00000000bf4c8a18 R14=0000000000000010 R15=00000000bfeeaca0
RIP=00000000bf096d81 RFL=00000202 [-------] CPL=0 II=0 A20=1 SMM=0 HLT=0
ES =0030 0000000000000000 ffffffff 00cf9300 DPL=0 DS   [-WA]
CS =0038 0000000000000000 ffffffff 00af9a00 DPL=0 CS64 [-R-]
SS =0030 0000000000000000 ffffffff 00cf9300 DPL=0 DS   [-WA]
DS =0030 0000000000000000 ffffffff 00cf9300 DPL=0 DS   [-WA]
FS =0030 0000000000000000 ffffffff 00cf9300 DPL=0 DS   [-WA]
GS =0030 0000000000000000 ffffffff 00cf9300 DPL=0 DS   [-WA]
LDT=0000 0000000000000000 0000ffff 00008200 DPL=0 LDT
TR =0000 0000000000000000 0000ffff 00008b00 DPL=0 TSS64-busy
GDT=     00000000bf9de000 00000047
IDT=     00000000bf4d2018 00000fff
CR0=80010033 CR2=0000000000000000 CR3=00000000bfc01000 CR4=00000668
DR0=0000000000000000 DR1=0000000000000000 DR2=0000000000000000 DR3=0000000000000000 
DR6=00000000ffff0ff0 DR7=0000000000000400
CCS=0000000000000000 CCD=00000000bf089451 CCO=EFLAGS
EFER=0000000000000d00
Servicing hardware INT=0x20
   487: v=20 e=0000 i=0 cpl=0 IP=0038:00000000bf096d81 pc=00000000bf096d81 SP=0030:00000000bfec2648 env->regs[R_EAX]=0000000000000000
RAX=0000000000000000 RBX=0000000000000004 RCX=00000000bf4c8a18 RDX=0000000000000000
RSI=0000000000000002 RDI=00000000bfee9030 RBP=00000000bfee3ec5 RSP=00000000bfec2648
R8 =6c5e2932c0c431bb R9 =0000000000000000 R10=0000000000000000 R11=00000000bfec2571
R12=00000000bfeeaba0 R13=00000000bf4c8a18 R14=0000000000000010 R15=00000000bfeeaca0
RIP=00000000bf096d81 RFL=00000202 [-------] CPL=0 II=0 A20=1 SMM=0 HLT=0
ES =0030 0000000000000000 ffffffff 00cf9300 DPL=0 DS   [-WA]
CS =0038 0000000000000000 ffffffff 00af9a00 DPL=0 CS64 [-R-]
SS =0030 0000000000000000 ffffffff 00cf9300 DPL=0 DS   [-WA]
DS =0030 0000000000000000 ffffffff 00cf9300 DPL=0 DS   [-WA]
FS =0030 0000000000000000 ffffffff 00cf9300 DPL=0 DS   [-WA]
GS =0030 0000000000000000 ffffffff 00cf9300 DPL=0 DS   [-WA]
LDT=0000 0000000000000000 0000ffff 00008200 DPL=0 LDT
TR =0000 0000000000000000 0000ffff 00008b00 DPL=0 TSS64-busy
GDT=     00000000bf9de000 00000047
IDT=     00000000bf4d2018 00000fff
CR0=80010033 CR2=0000000000000000 CR3=00000000bfc01000 CR4=00000668
DR0=0000000000000000 DR1=0000000000000000 DR2=0000000000000000 DR3=0000000000000000 
DR6=00000000ffff0ff0 DR7=0000000000000400
CCS=0000000000000000 CCD=00000000bf089451 CCO=EFLAGS
EFER=0000000000000d00
Servicing hardware INT=0x20
   488: v=20 e=0000 i=0 cpl=0 IP=0038:00000000bf096d81 pc=00000000bf096d81 SP=0030:00000000bfec2648 env->regs[R_EAX]=0000000000000000
RAX=0000000000000000 RBX=0000000000000004 RCX=00000000bf4c8a18 RDX=0000000000000000
RSI=0000000000000002 RDI=00000000bfee9030 RBP=00000000bfee3ec5 RSP=00000000bfec2648
R8 =6c5e2932c0c431bb R9 =0000000000000000 R10=0000000000000000 R11=00000000bfec2571
R12=00000000bfeeaba0 R13=00000000bf4c8a18 R14=0000000000000010 R15=00000000bfeeaca0
RIP=00000000bf096d81 RFL=00000202 [-------] CPL=0 II=0 A20=1 SMM=0 HLT=0
ES =0030 0000000000000000 ffffffff 00cf9300 DPL=0 DS   [-WA]
CS =0038 0000000000000000 ffffffff 00af9a00 DPL=0 CS64 [-R-]
SS =0030 0000000000000000 ffffffff 00cf9300 DPL=0 DS   [-WA]
DS =0030 0000000000000000 ffffffff 00cf9300 DPL=0 DS   [-WA]
FS =0030 0000000000000000 ffffffff 00cf9300 DPL=0 DS   [-WA]
GS =0030 0000000000000000 ffffffff 00cf9300 DPL=0 DS   [-WA]
LDT=0000 0000000000000000 0000ffff 00008200 DPL=0 LDT
TR =0000 0000000000000000 0000ffff 00008b00 DPL=0 TSS64-busy
GDT=     00000000bf9de000 00000047
IDT=     00000000bf4d2018 00000fff
CR0=80010033 CR2=0000000000000000 CR3=00000000bfc01000 CR4=00000668
DR0=0000000000000000 DR1=0000000000000000 DR2=0000000000000000 DR3=0000000000000000 
DR6=00000000ffff0ff0 DR7=0000000000000400
CCS=0000000000000000 CCD=00000000bf089451 CCO=EFLAGS
EFER=0000000000000d00
Servicing hardware INT=0x20
   489: v=20 e=0000 i=0 cpl=0 IP=0038:00000000bf096d81 pc=00000000bf096d81 SP=0030:00000000bfec2648 env->regs[R_EAX]=0000000000000000
RAX=0000000000000000 RBX=0000000000000004 RCX=00000000bf4c8a18 RDX=0000000000000000
RSI=0000000000000002 RDI=00000000bfee9030 RBP=00000000bfee3ec5 RSP=00000000bfec2648
R8 =6c5e2932c0c431bb R9 =0000000000000000 R10=0000000000000000 R11=00000000bfec2571
R12=00000000bfeeaba0 R13=00000000bf4c8a18 R14=0000000000000010 R15=00000000bfeeaca0
RIP=00000000bf096d81 RFL=00000202 [-------] CPL=0 II=0 A20=1 SMM=0 HLT=0
ES =0030 0000000000000000 ffffffff 00cf9300 DPL=0 DS   [-WA]
CS =0038 0000000000000000 ffffffff 00af9a00 DPL=0 CS64 [-R-]
SS =0030 0000000000000000 ffffffff 00cf9300 DPL=0 DS   [-WA]
DS =0030 0000000000000000 ffffffff 00cf9300 DPL=0 DS   [-WA]
FS =0030 0000000000000000 ffffffff 00cf9300 DPL=0 DS   [-WA]
GS =0030 0000000000000000 ffffffff 00cf9300 DPL=0 DS   [-WA]
LDT=0000 0000000000000000 0000ffff 00008200 DPL=0 LDT
TR =0000 0000000000000000 0000ffff 00008b00 DPL=0 TSS64-busy
GDT=     00000000bf9de000 00000047
IDT=     00000000bf4d2018 00000fff
CR0=80010033 CR2=0000000000000000 CR3=00000000bfc01000 CR4=00000668
DR0=0000000000000000 DR1=0000000000000000 DR2=0000000000000000 DR3=0000000000000000 
DR6=00000000ffff0ff0 DR7=0000000000000400
CCS=0000000000000000 CCD=00000000bf089451 CCO=EFLAGS
EFER=0000000000000d00
Servicing hardware INT=0x20
   490: v=20 e=0000 i=0 cpl=0 IP=0038:00000000bf096d81 pc=00000000bf096d81 SP=0030:00000000bfec2648 env->regs[R_EAX]=0000000000000000
RAX=0000000000000000 RBX=0000000000000004 RCX=00000000bf4c8a18 RDX=0000000000000000
RSI=0000000000000002 RDI=00000000bfee9030 RBP=00000000bfee3ec5 RSP=00000000bfec2648
R8 =6c5e2932c0c431bb R9 =0000000000000000 R10=0000000000000000 R11=00000000bfec2571
R12=00000000bfeeaba0 R13=00000000bf4c8a18 R14=0000000000000010 R15=00000000bfeeaca0
RIP=00000000bf096d81 RFL=00000202 [-------] CPL=0 II=0 A20=1 SMM=0 HLT=0
ES =0030 0000000000000000 ffffffff 00cf9300 DPL=0 DS   [-WA]
CS =0038 0000000000000000 ffffffff 00af9a00 DPL=0 CS64 [-R-]
SS =0030 0000000000000000 ffffffff 00cf9300 DPL=0 DS   [-WA]
DS =0030 0000000000000000 ffffffff 00cf9300 DPL=0 DS   [-WA]
FS =0030 0000000000000000 ffffffff 00cf9300 DPL=0 DS   [-WA]
GS =0030 0000000000000000 ffffffff 00cf9300 DPL=0 DS   [-WA]
LDT=0000 0000000000000000 0000ffff 00008200 DPL=0 LDT
TR =0000 0000000000000000 0000ffff 00008b00 DPL=0 TSS64-busy
GDT=     00000000bf9de000 00000047
IDT=     00000000bf4d2018 00000fff
CR0=80010033 CR2=0000000000000000 CR3=00000000bfc01000 CR4=00000668
DR0=0000000000000000 DR1=0000000000000000 DR2=0000000000000000 DR3=0000000000000000 
DR6=00000000ffff0ff0 DR7=0000000000000400
CCS=0000000000000000 CCD=00000000bf089451 CCO=EFLAGS
EFER=0000000000000d00
Servicing hardware INT=0x20
   491: v=20 e=0000 i=0 cpl=0 IP=0038:00000000bf096d81 pc=00000000bf096d81 SP=0030:00000000bfec2648 env->regs[R_EAX]=0000000000000000
RAX=0000000000000000 RBX=0000000000000004 RCX=00000000bf4c8a18 RDX=0000000000000000
RSI=0000000000000002 RDI=00000000bfee9030 RBP=00000000bfee3ec5 RSP=00000000bfec2648
R8 =6c5e2932c0c431bb R9 =0000000000000000 R10=0000000000000000 R11=00000000bfec2571
R12=00000000bfeeaba0 R13=00000000bf4c8a18 R14=0000000000000010 R15=00000000bfeeaca0
RIP=00000000bf096d81 RFL=00000202 [-------] CPL=0 II=0 A20=1 SMM=0 HLT=0
ES =0030 0000000000000000 ffffffff 00cf9300 DPL=0 DS   [-WA]
CS =0038 0000000000000000 ffffffff 00af9a00 DPL=0 CS64 [-R-]
SS =0030 0000000000000000 ffffffff 00cf9300 DPL=0 DS   [-WA]
DS =0030 0000000000000000 ffffffff 00cf9300 DPL=0 DS   [-WA]
FS =0030 0000000000000000 ffffffff 00cf9300 DPL=0 DS   [-WA]
GS =0030 0000000000000000 ffffffff 00cf9300 DPL=0 DS   [-WA]
LDT=0000 0000000000000000 0000ffff 00008200 DPL=0 LDT
TR =0000 0000000000000000 0000ffff 00008b00 DPL=0 TSS64-busy
GDT=     00000000bf9de000 00000047
IDT=     00000000bf4d2018 00000fff
CR0=80010033 CR2=0000000000000000 CR3=00000000bfc01000 CR4=00000668
DR0=0000000000000000 DR1=0000000000000000 DR2=0000000000000000 DR3=0000000000000000 
DR6=00000000ffff0ff0 DR7=0000000000000400
CCS=0000000000000000 CCD=00000000bf089451 CCO=EFLAGS
EFER=0000000000000d00
Servicing hardware INT=0x20
   492: v=20 e=0000 i=0 cpl=0 IP=0038:00000000bf096d81 pc=00000000bf096d81 SP=0030:00000000bfec2648 env->regs[R_EAX]=0000000000000000
RAX=0000000000000000 RBX=0000000000000004 RCX=00000000bf4c8a18 RDX=0000000000000000
RSI=0000000000000002 RDI=00000000bfee9030 RBP=00000000bfee3ec5 RSP=00000000bfec2648
R8 =6c5e2932c0c431bb R9 =0000000000000000 R10=0000000000000000 R11=00000000bfec2571
R12=00000000bfeeaba0 R13=00000000bf4c8a18 R14=0000000000000010 R15=00000000bfeeaca0
RIP=00000000bf096d81 RFL=00000202 [-------] CPL=0 II=0 A20=1 SMM=0 HLT=0
ES =0030 0000000000000000 ffffffff 00cf9300 DPL=0 DS   [-WA]
CS =0038 0000000000000000 ffffffff 00af9a00 DPL=0 CS64 [-R-]
SS =0030 0000000000000000 ffffffff 00cf9300 DPL=0 DS   [-WA]
DS =0030 0000000000000000 ffffffff 00cf9300 DPL=0 DS   [-WA]
FS =0030 0000000000000000 ffffffff 00cf9300 DPL=0 DS   [-WA]
GS =0030 0000000000000000 ffffffff 00cf9300 DPL=0 DS   [-WA]
LDT=0000 0000000000000000 0000ffff 00008200 DPL=0 LDT
TR =0000 0000000000000000 0000ffff 00008b00 DPL=0 TSS64-busy
GDT=     00000000bf9de000 00000047
IDT=     00000000bf4d2018 00000fff
CR0=80010033 CR2=0000000000000000 CR3=00000000bfc01000 CR4=00000668
DR0=0000000000000000 DR1=0000000000000000 DR2=0000000000000000 DR3=0000000000000000 
DR6=00000000ffff0ff0 DR7=0000000000000400
CCS=0000000000000000 CCD=00000000bf089451 CCO=EFLAGS
EFER=0000000000000d00
Servicing hardware INT=0x20
   493: v=20 e=0000 i=0 cpl=0 IP=0038:00000000bf096d81 pc=00000000bf096d81 SP=0030:00000000bfec2648 env->regs[R_EAX]=0000000000000000
RAX=0000000000000000 RBX=0000000000000004 RCX=00000000bf4c8a18 RDX=0000000000000000
RSI=0000000000000002 RDI=00000000bfee9030 RBP=00000000bfee3ec5 RSP=00000000bfec2648
R8 =6c5e2932c0c431bb R9 =0000000000000000 R10=0000000000000000 R11=00000000bfec2571
R12=00000000bfeeaba0 R13=00000000bf4c8a18 R14=0000000000000010 R15=00000000bfeeaca0
RIP=00000000bf096d81 RFL=00000202 [-------] CPL=0 II=0 A20=1 SMM=0 HLT=0
ES =0030 0000000000000000 ffffffff 00cf9300 DPL=0 DS   [-WA]
CS =0038 0000000000000000 ffffffff 00af9a00 DPL=0 CS64 [-R-]
SS =0030 0000000000000000 ffffffff 00cf9300 DPL=0 DS   [-WA]
DS =0030 0000000000000000 ffffffff 00cf9300 DPL=0 DS   [-WA]
FS =0030 0000000000000000 ffffffff 00cf9300 DPL=0 DS   [-WA]
GS =0030 0000000000000000 ffffffff 00cf9300 DPL=0 DS   [-WA]
LDT=0000 0000000000000000 0000ffff 00008200 DPL=0 LDT
TR =0000 0000000000000000 0000ffff 00008b00 DPL=0 TSS64-busy
GDT=     00000000bf9de000 00000047
IDT=     00000000bf4d2018 00000fff
CR0=80010033 CR2=0000000000000000 CR3=00000000bfc01000 CR4=00000668
DR0=0000000000000000 DR1=0000000000000000 DR2=0000000000000000 DR3=0000000000000000 
DR6=00000000ffff0ff0 DR7=0000000000000400
CCS=0000000000000000 CCD=00000000bf089451 CCO=EFLAGS
EFER=0000000000000d00
Servicing hardware INT=0x20
   494: v=20 e=0000 i=0 cpl=0 IP=0038:00000000bf096d81 pc=00000000bf096d81 SP=0030:00000000bfec2648 env->regs[R_EAX]=0000000000000000
RAX=0000000000000000 RBX=0000000000000004 RCX=00000000bf4c8a18 RDX=0000000000000000
RSI=0000000000000002 RDI=00000000bfee9030 RBP=00000000bfee3ec5 RSP=00000000bfec2648
R8 =6c5e2932c0c431bb R9 =0000000000000000 R10=0000000000000000 R11=00000000bfec2571
R12=00000000bfeeaba0 R13=00000000bf4c8a18 R14=0000000000000010 R15=00000000bfeeaca0
RIP=00000000bf096d81 RFL=00000202 [-------] CPL=0 II=0 A20=1 SMM=0 HLT=0
ES =0030 0000000000000000 ffffffff 00cf9300 DPL=0 DS   [-WA]
CS =0038 0000000000000000 ffffffff 00af9a00 DPL=0 CS64 [-R-]
SS =0030 0000000000000000 ffffffff 00cf9300 DPL=0 DS   [-WA]
DS =0030 0000000000000000 ffffffff 00cf9300 DPL=0 DS   [-WA]
FS =0030 0000000000000000 ffffffff 00cf9300 DPL=0 DS   [-WA]
GS =0030 0000000000000000 ffffffff 00cf9300 DPL=0 DS   [-WA]
LDT=0000 0000000000000000 0000ffff 00008200 DPL=0 LDT
TR =0000 0000000000000000 0000ffff 00008b00 DPL=0 TSS64-busy
GDT=     00000000bf9de000 00000047
IDT=     00000000bf4d2018 00000fff
CR0=80010033 CR2=0000000000000000 CR3=00000000bfc01000 CR4=00000668
DR0=0000000000000000 DR1=0000000000000000 DR2=0000000000000000 DR3=0000000000000000 
DR6=00000000ffff0ff0 DR7=0000000000000400
CCS=0000000000000000 CCD=00000000bf089451 CCO=EFLAGS
EFER=0000000000000d00
Servicing hardware INT=0x20
   495: v=20 e=0000 i=0 cpl=0 IP=0038:00000000bf096d81 pc=00000000bf096d81 SP=0030:00000000bfec2648 env->regs[R_EAX]=0000000000000000
RAX=0000000000000000 RBX=0000000000000004 RCX=00000000bf4c8a18 RDX=0000000000000000
RSI=0000000000000002 RDI=00000000bfee9030 RBP=00000000bfee3ec5 RSP=00000000bfec2648
R8 =6c5e2932c0c431bb R9 =0000000000000000 R10=0000000000000000 R11=00000000bfec2571
R12=00000000bfeeaba0 R13=00000000bf4c8a18 R14=0000000000000010 R15=00000000bfeeaca0
RIP=00000000bf096d81 RFL=00000202 [-------] CPL=0 II=0 A20=1 SMM=0 HLT=0
ES =0030 0000000000000000 ffffffff 00cf9300 DPL=0 DS   [-WA]
CS =0038 0000000000000000 ffffffff 00af9a00 DPL=0 CS64 [-R-]
SS =0030 0000000000000000 ffffffff 00cf9300 DPL=0 DS   [-WA]
DS =0030 0000000000000000 ffffffff 00cf9300 DPL=0 DS   [-WA]
FS =0030 0000000000000000 ffffffff 00cf9300 DPL=0 DS   [-WA]
GS =0030 0000000000000000 ffffffff 00cf9300 DPL=0 DS   [-WA]
LDT=0000 0000000000000000 0000ffff 00008200 DPL=0 LDT
TR =0000 0000000000000000 0000ffff 00008b00 DPL=0 TSS64-busy
GDT=     00000000bf9de000 00000047
IDT=     00000000bf4d2018 00000fff
CR0=80010033 CR2=0000000000000000 CR3=00000000bfc01000 CR4=00000668
DR0=0000000000000000 DR1=0000000000000000 DR2=0000000000000000 DR3=0000000000000000 
DR6=00000000ffff0ff0 DR7=0000000000000400
CCS=0000000000000000 CCD=00000000bf089451 CCO=EFLAGS
EFER=0000000000000d00
Servicing hardware INT=0x20
   496: v=20 e=0000 i=0 cpl=0 IP=0038:00000000bf096d81 pc=00000000bf096d81 SP=0030:00000000bfec2648 env->regs[R_EAX]=0000000000000000
RAX=0000000000000000 RBX=0000000000000004 RCX=00000000bf4c8a18 RDX=0000000000000000
RSI=0000000000000002 RDI=00000000bfee9030 RBP=00000000bfee3ec5 RSP=00000000bfec2648
R8 =6c5e2932c0c431bb R9 =0000000000000000 R10=0000000000000000 R11=00000000bfec2571
R12=00000000bfeeaba0 R13=00000000bf4c8a18 R14=0000000000000010 R15=00000000bfeeaca0
RIP=00000000bf096d81 RFL=00000202 [-------] CPL=0 II=0 A20=1 SMM=0 HLT=0
ES =0030 0000000000000000 ffffffff 00cf9300 DPL=0 DS   [-WA]
CS =0038 0000000000000000 ffffffff 00af9a00 DPL=0 CS64 [-R-]
SS =0030 0000000000000000 ffffffff 00cf9300 DPL=0 DS   [-WA]
DS =0030 0000000000000000 ffffffff 00cf9300 DPL=0 DS   [-WA]
FS =0030 0000000000000000 ffffffff 00cf9300 DPL=0 DS   [-WA]
GS =0030 0000000000000000 ffffffff 00cf9300 DPL=0 DS   [-WA]
LDT=0000 0000000000000000 0000ffff 00008200 DPL=0 LDT
TR =0000 0000000000000000 0000ffff 00008b00 DPL=0 TSS64-busy
GDT=     00000000bf9de000 00000047
IDT=     00000000bf4d2018 00000fff
CR0=80010033 CR2=0000000000000000 CR3=00000000bfc01000 CR4=00000668
DR0=0000000000000000 DR1=0000000000000000 DR2=0000000000000000 DR3=0000000000000000 
DR6=00000000ffff0ff0 DR7=0000000000000400
CCS=0000000000000000 CCD=00000000bf089451 CCO=EFLAGS
EFER=0000000000000d00
Servicing hardware INT=0x20
   497: v=20 e=0000 i=0 cpl=0 IP=0038:00000000bf096d81 pc=00000000bf096d81 SP=0030:00000000bfec2648 env->regs[R_EAX]=0000000000000000
RAX=0000000000000000 RBX=0000000000000004 RCX=00000000bf4c8a18 RDX=0000000000000000
RSI=0000000000000002 RDI=00000000bfee9030 RBP=00000000bfee3ec5 RSP=00000000bfec2648
R8 =6c5e2932c0c431bb R9 =0000000000000000 R10=0000000000000000 R11=00000000bfec2571
R12=00000000bfeeaba0 R13=00000000bf4c8a18 R14=0000000000000010 R15=00000000bfeeaca0
RIP=00000000bf096d81 RFL=00000202 [-------] CPL=0 II=0 A20=1 SMM=0 HLT=0
ES =0030 0000000000000000 ffffffff 00cf9300 DPL=0 DS   [-WA]
CS =0038 0000000000000000 ffffffff 00af9a00 DPL=0 CS64 [-R-]
SS =0030 0000000000000000 ffffffff 00cf9300 DPL=0 DS   [-WA]
DS =0030 0000000000000000 ffffffff 00cf9300 DPL=0 DS   [-WA]
FS =0030 0000000000000000 ffffffff 00cf9300 DPL=0 DS   [-WA]
GS =0030 0000000000000000 ffffffff 00cf9300 DPL=0 DS   [-WA]
LDT=0000 0000000000000000 0000ffff 00008200 DPL=0 LDT
TR =0000 0000000000000000 0000ffff 00008b00 DPL=0 TSS64-busy
GDT=     00000000bf9de000 00000047
IDT=     00000000bf4d2018 00000fff
CR0=80010033 CR2=0000000000000000 CR3=00000000bfc01000 CR4=00000668
DR0=0000000000000000 DR1=0000000000000000 DR2=0000000000000000 DR3=0000000000000000 
DR6=00000000ffff0ff0 DR7=0000000000000400
CCS=0000000000000000 CCD=00000000bf089451 CCO=EFLAGS
EFER=0000000000000d00
Servicing hardware INT=0x20
   498: v=20 e=0000 i=0 cpl=0 IP=0038:00000000bf096d81 pc=00000000bf096d81 SP=0030:00000000bfec2648 env->regs[R_EAX]=0000000000000000
RAX=0000000000000000 RBX=0000000000000004 RCX=00000000bf4c8a18 RDX=0000000000000000
RSI=0000000000000002 RDI=00000000bfee9030 RBP=00000000bfee3ec5 RSP=00000000bfec2648
R8 =6c5e2932c0c431bb R9 =0000000000000000 R10=0000000000000000 R11=00000000bfec2571
R12=00000000bfeeaba0 R13=00000000bf4c8a18 R14=0000000000000010 R15=00000000bfeeaca0
RIP=00000000bf096d81 RFL=00000202 [-------] CPL=0 II=0 A20=1 SMM=0 HLT=0
ES =0030 0000000000000000 ffffffff 00cf9300 DPL=0 DS   [-WA]
CS =0038 0000000000000000 ffffffff 00af9a00 DPL=0 CS64 [-R-]
SS =0030 0000000000000000 ffffffff 00cf9300 DPL=0 DS   [-WA]
DS =0030 0000000000000000 ffffffff 00cf9300 DPL=0 DS   [-WA]
FS =0030 0000000000000000 ffffffff 00cf9300 DPL=0 DS   [-WA]
GS =0030 0000000000000000 ffffffff 00cf9300 DPL=0 DS   [-WA]
LDT=0000 0000000000000000 0000ffff 00008200 DPL=0 LDT
TR =0000 0000000000000000 0000ffff 00008b00 DPL=0 TSS64-busy
GDT=     00000000bf9de000 00000047
IDT=     00000000bf4d2018 00000fff
CR0=80010033 CR2=0000000000000000 CR3=00000000bfc01000 CR4=00000668
DR0=0000000000000000 DR1=0000000000000000 DR2=0000000000000000 DR3=0000000000000000 
DR6=00000000ffff0ff0 DR7=0000000000000400
CCS=0000000000000000 CCD=00000000bf089451 CCO=EFLAGS
EFER=0000000000000d00
Servicing hardware INT=0x20
   499: v=20 e=0000 i=0 cpl=0 IP=0038:00000000bf096d81 pc=00000000bf096d81 SP=0030:00000000bfec2648 env->regs[R_EAX]=0000000000000000
RAX=0000000000000000 RBX=0000000000000004 RCX=00000000bf4c8a18 RDX=0000000000000000
RSI=0000000000000002 RDI=00000000bfee9030 RBP=00000000bfee3ec5 RSP=00000000bfec2648
R8 =6c5e2932c0c431bb R9 =0000000000000000 R10=0000000000000000 R11=00000000bfec2571
R12=00000000bfeeaba0 R13=00000000bf4c8a18 R14=0000000000000010 R15=00000000bfeeaca0
RIP=00000000bf096d81 RFL=00000202 [-------] CPL=0 II=0 A20=1 SMM=0 HLT=0
ES =0030 0000000000000000 ffffffff 00cf9300 DPL=0 DS   [-WA]
CS =0038 0000000000000000 ffffffff 00af9a00 DPL=0 CS64 [-R-]
SS =0030 0000000000000000 ffffffff 00cf9300 DPL=0 DS   [-WA]
DS =0030 0000000000000000 ffffffff 00cf9300 DPL=0 DS   [-WA]
FS =0030 0000000000000000 ffffffff 00cf9300 DPL=0 DS   [-WA]
GS =0030 0000000000000000 ffffffff 00cf9300 DPL=0 DS   [-WA]
LDT=0000 0000000000000000 0000ffff 00008200 DPL=0 LDT
TR =0000 0000000000000000 0000ffff 00008b00 DPL=0 TSS64-busy
GDT=     00000000bf9de000 00000047
IDT=     00000000bf4d2018 00000fff
CR0=80010033 CR2=0000000000000000 CR3=00000000bfc01000 CR4=00000668
DR0=0000000000000000 DR1=0000000000000000 DR2=0000000000000000 DR3=0000000000000000 
DR6=00000000ffff0ff0 DR7=0000000000000400
CCS=0000000000000000 CCD=00000000bf089451 CCO=EFLAGS
EFER=0000000000000d00
Servicing hardware INT=0x20
   500: v=20 e=0000 i=0 cpl=0 IP=0038:00000000bf096d81 pc=00000000bf096d81 SP=0030:00000000bfec2648 env->regs[R_EAX]=0000000000000000
RAX=0000000000000000 RBX=0000000000000004 RCX=00000000bf4c8a18 RDX=0000000000000000
RSI=0000000000000002 RDI=00000000bfee9030 RBP=00000000bfee3ec5 RSP=00000000bfec2648
R8 =6c5e2932c0c431bb R9 =0000000000000000 R10=0000000000000000 R11=00000000bfec2571
R12=00000000bfeeaba0 R13=00000000bf4c8a18 R14=0000000000000010 R15=00000000bfeeaca0
RIP=00000000bf096d81 RFL=00000202 [-------] CPL=0 II=0 A20=1 SMM=0 HLT=0
ES =0030 0000000000000000 ffffffff 00cf9300 DPL=0 DS   [-WA]
CS =0038 0000000000000000 ffffffff 00af9a00 DPL=0 CS64 [-R-]
SS =0030 0000000000000000 ffffffff 00cf9300 DPL=0 DS   [-WA]
DS =0030 0000000000000000 ffffffff 00cf9300 DPL=0 DS   [-WA]
FS =0030 0000000000000000 ffffffff 00cf9300 DPL=0 DS   [-WA]
GS =0030 0000000000000000 ffffffff 00cf9300 DPL=0 DS   [-WA]
LDT=0000 0000000000000000 0000ffff 00008200 DPL=0 LDT
TR =0000 0000000000000000 0000ffff 00008b00 DPL=0 TSS64-busy
GDT=     00000000bf9de000 00000047
IDT=     00000000bf4d2018 00000fff
CR0=80010033 CR2=0000000000000000 CR3=00000000bfc01000 CR4=00000668
DR0=0000000000000000 DR1=0000000000000000 DR2=0000000000000000 DR3=0000000000000000 
DR6=00000000ffff0ff0 DR7=0000000000000400
CCS=0000000000000000 CCD=00000000bf089451 CCO=EFLAGS
EFER=0000000000000d00
Servicing hardware INT=0x20
   501: v=20 e=0000 i=0 cpl=0 IP=0038:00000000bf096d81 pc=00000000bf096d81 SP=0030:00000000bfec2648 env->regs[R_EAX]=0000000000000000
RAX=0000000000000000 RBX=0000000000000004 RCX=00000000bf4c8a18 RDX=0000000000000000
RSI=0000000000000002 RDI=00000000bfee9030 RBP=00000000bfee3ec5 RSP=00000000bfec2648
R8 =6c5e2932c0c431bb R9 =0000000000000000 R10=0000000000000000 R11=00000000bfec2571
R12=00000000bfeeaba0 R13=00000000bf4c8a18 R14=0000000000000010 R15=00000000bfeeaca0
RIP=00000000bf096d81 RFL=00000202 [-------] CPL=0 II=0 A20=1 SMM=0 HLT=0
ES =0030 0000000000000000 ffffffff 00cf9300 DPL=0 DS   [-WA]
CS =0038 0000000000000000 ffffffff 00af9a00 DPL=0 CS64 [-R-]
SS =0030 0000000000000000 ffffffff 00cf9300 DPL=0 DS   [-WA]
DS =0030 0000000000000000 ffffffff 00cf9300 DPL=0 DS   [-WA]
FS =0030 0000000000000000 ffffffff 00cf9300 DPL=0 DS   [-WA]
GS =0030 0000000000000000 ffffffff 00cf9300 DPL=0 DS   [-WA]
LDT=0000 0000000000000000 0000ffff 00008200 DPL=0 LDT
TR =0000 0000000000000000 0000ffff 00008b00 DPL=0 TSS64-busy
GDT=     00000000bf9de000 00000047
IDT=     00000000bf4d2018 00000fff
CR0=80010033 CR2=0000000000000000 CR3=00000000bfc01000 CR4=00000668
DR0=0000000000000000 DR1=0000000000000000 DR2=0000000000000000 DR3=0000000000000000 
DR6=00000000ffff0ff0 DR7=0000000000000400
CCS=0000000000000000 CCD=00000000bf089451 CCO=EFLAGS
EFER=0000000000000d00
Servicing hardware INT=0x20
   502: v=20 e=0000 i=0 cpl=0 IP=0038:00000000bf096d81 pc=00000000bf096d81 SP=0030:00000000bfec2648 env->regs[R_EAX]=0000000000000000
RAX=0000000000000000 RBX=0000000000000004 RCX=00000000bf4c8a18 RDX=0000000000000000
RSI=0000000000000002 RDI=00000000bfee9030 RBP=00000000bfee3ec5 RSP=00000000bfec2648
R8 =6c5e2932c0c431bb R9 =0000000000000000 R10=0000000000000000 R11=00000000bfec2571
R12=00000000bfeeaba0 R13=00000000bf4c8a18 R14=0000000000000010 R15=00000000bfeeaca0
RIP=00000000bf096d81 RFL=00000202 [-------] CPL=0 II=0 A20=1 SMM=0 HLT=0
ES =0030 0000000000000000 ffffffff 00cf9300 DPL=0 DS   [-WA]
CS =0038 0000000000000000 ffffffff 00af9a00 DPL=0 CS64 [-R-]
SS =0030 0000000000000000 ffffffff 00cf9300 DPL=0 DS   [-WA]
DS =0030 0000000000000000 ffffffff 00cf9300 DPL=0 DS   [-WA]
FS =0030 0000000000000000 ffffffff 00cf9300 DPL=0 DS   [-WA]
GS =0030 0000000000000000 ffffffff 00cf9300 DPL=0 DS   [-WA]
LDT=0000 0000000000000000 0000ffff 00008200 DPL=0 LDT
TR =0000 0000000000000000 0000ffff 00008b00 DPL=0 TSS64-busy
GDT=     00000000bf9de000 00000047
IDT=     00000000bf4d2018 00000fff
CR0=80010033 CR2=0000000000000000 CR3=00000000bfc01000 CR4=00000668
DR0=0000000000000000 DR1=0000000000000000 DR2=0000000000000000 DR3=0000000000000000 
DR6=00000000ffff0ff0 DR7=0000000000000400
CCS=0000000000000000 CCD=00000000bf089451 CCO=EFLAGS
EFER=0000000000000d00
Servicing hardware INT=0x20
   503: v=20 e=0000 i=0 cpl=0 IP=0038:00000000bf096d81 pc=00000000bf096d81 SP=0030:00000000bfec2648 env->regs[R_EAX]=0000000000000000
RAX=0000000000000000 RBX=0000000000000004 RCX=00000000bf4c8a18 RDX=0000000000000000
RSI=0000000000000002 RDI=00000000bfee9030 RBP=00000000bfee3ec5 RSP=00000000bfec2648
R8 =6c5e2932c0c431bb R9 =0000000000000000 R10=0000000000000000 R11=00000000bfec2571
R12=00000000bfeeaba0 R13=00000000bf4c8a18 R14=0000000000000010 R15=00000000bfeeaca0
RIP=00000000bf096d81 RFL=00000202 [-------] CPL=0 II=0 A20=1 SMM=0 HLT=0
ES =0030 0000000000000000 ffffffff 00cf9300 DPL=0 DS   [-WA]
CS =0038 0000000000000000 ffffffff 00af9a00 DPL=0 CS64 [-R-]
SS =0030 0000000000000000 ffffffff 00cf9300 DPL=0 DS   [-WA]
DS =0030 0000000000000000 ffffffff 00cf9300 DPL=0 DS   [-WA]
FS =0030 0000000000000000 ffffffff 00cf9300 DPL=0 DS   [-WA]
GS =0030 0000000000000000 ffffffff 00cf9300 DPL=0 DS   [-WA]
LDT=0000 0000000000000000 0000ffff 00008200 DPL=0 LDT
TR =0000 0000000000000000 0000ffff 00008b00 DPL=0 TSS64-busy
GDT=     00000000bf9de000 00000047
IDT=     00000000bf4d2018 00000fff
CR0=80010033 CR2=0000000000000000 CR3=00000000bfc01000 CR4=00000668
DR0=0000000000000000 DR1=0000000000000000 DR2=0000000000000000 DR3=0000000000000000 
DR6=00000000ffff0ff0 DR7=0000000000000400
CCS=0000000000000000 CCD=00000000bf089451 CCO=EFLAGS
EFER=0000000000000d00
Servicing hardware INT=0x20
   504: v=20 e=0000 i=0 cpl=0 IP=0038:00000000bf096d81 pc=00000000bf096d81 SP=0030:00000000bfec2648 env->regs[R_EAX]=0000000000000000
RAX=0000000000000000 RBX=0000000000000004 RCX=00000000bf4c8a18 RDX=0000000000000000
RSI=0000000000000002 RDI=00000000bfee9030 RBP=00000000bfee3ec5 RSP=00000000bfec2648
R8 =6c5e2932c0c431bb R9 =0000000000000000 R10=0000000000000000 R11=00000000bfec2571
R12=00000000bfeeaba0 R13=00000000bf4c8a18 R14=0000000000000010 R15=00000000bfeeaca0
RIP=00000000bf096d81 RFL=00000202 [-------] CPL=0 II=0 A20=1 SMM=0 HLT=0
ES =0030 0000000000000000 ffffffff 00cf9300 DPL=0 DS   [-WA]
CS =0038 0000000000000000 ffffffff 00af9a00 DPL=0 CS64 [-R-]
SS =0030 0000000000000000 ffffffff 00cf9300 DPL=0 DS   [-WA]
DS =0030 0000000000000000 ffffffff 00cf9300 DPL=0 DS   [-WA]
FS =0030 0000000000000000 ffffffff 00cf9300 DPL=0 DS   [-WA]
GS =0030 0000000000000000 ffffffff 00cf9300 DPL=0 DS   [-WA]
LDT=0000 0000000000000000 0000ffff 00008200 DPL=0 LDT
TR =0000 0000000000000000 0000ffff 00008b00 DPL=0 TSS64-busy
GDT=     00000000bf9de000 00000047
IDT=     00000000bf4d2018 00000fff
CR0=80010033 CR2=0000000000000000 CR3=00000000bfc01000 CR4=00000668
DR0=0000000000000000 DR1=0000000000000000 DR2=0000000000000000 DR3=0000000000000000 
DR6=00000000ffff0ff0 DR7=0000000000000400
CCS=0000000000000000 CCD=00000000bf089451 CCO=EFLAGS
EFER=0000000000000d00
Servicing hardware INT=0x20
   505: v=20 e=0000 i=0 cpl=0 IP=0038:00000000bf096d81 pc=00000000bf096d81 SP=0030:00000000bfec2648 env->regs[R_EAX]=0000000000000000
RAX=0000000000000000 RBX=0000000000000004 RCX=00000000bf4c8a18 RDX=0000000000000000
RSI=0000000000000002 RDI=00000000bfee9030 RBP=00000000bfee3ec5 RSP=00000000bfec2648
R8 =6c5e2932c0c431bb R9 =0000000000000000 R10=0000000000000000 R11=00000000bfec2571
R12=00000000bfeeaba0 R13=00000000bf4c8a18 R14=0000000000000010 R15=00000000bfeeaca0
RIP=00000000bf096d81 RFL=00000202 [-------] CPL=0 II=0 A20=1 SMM=0 HLT=0
ES =0030 0000000000000000 ffffffff 00cf9300 DPL=0 DS   [-WA]
CS =0038 0000000000000000 ffffffff 00af9a00 DPL=0 CS64 [-R-]
SS =0030 0000000000000000 ffffffff 00cf9300 DPL=0 DS   [-WA]
DS =0030 0000000000000000 ffffffff 00cf9300 DPL=0 DS   [-WA]
FS =0030 0000000000000000 ffffffff 00cf9300 DPL=0 DS   [-WA]
GS =0030 0000000000000000 ffffffff 00cf9300 DPL=0 DS   [-WA]
LDT=0000 0000000000000000 0000ffff 00008200 DPL=0 LDT
TR =0000 0000000000000000 0000ffff 00008b00 DPL=0 TSS64-busy
GDT=     00000000bf9de000 00000047
IDT=     00000000bf4d2018 00000fff
CR0=80010033 CR2=0000000000000000 CR3=00000000bfc01000 CR4=00000668
DR0=0000000000000000 DR1=0000000000000000 DR2=0000000000000000 DR3=0000000000000000 
DR6=00000000ffff0ff0 DR7=0000000000000400
CCS=0000000000000000 CCD=00000000bf089451 CCO=EFLAGS
EFER=0000000000000d00
Servicing hardware INT=0x20
   506: v=20 e=0000 i=0 cpl=0 IP=0038:00000000bf096d81 pc=00000000bf096d81 SP=0030:00000000bfec2648 env->regs[R_EAX]=0000000000000000
RAX=0000000000000000 RBX=0000000000000004 RCX=00000000bf4c8a18 RDX=0000000000000000
RSI=0000000000000002 RDI=00000000bfee9030 RBP=00000000bfee3ec5 RSP=00000000bfec2648
R8 =6c5e2932c0c431bb R9 =0000000000000000 R10=0000000000000000 R11=00000000bfec2571
R12=00000000bfeeaba0 R13=00000000bf4c8a18 R14=0000000000000010 R15=00000000bfeeaca0
RIP=00000000bf096d81 RFL=00000202 [-------] CPL=0 II=0 A20=1 SMM=0 HLT=0
ES =0030 0000000000000000 ffffffff 00cf9300 DPL=0 DS   [-WA]
CS =0038 0000000000000000 ffffffff 00af9a00 DPL=0 CS64 [-R-]
SS =0030 0000000000000000 ffffffff 00cf9300 DPL=0 DS   [-WA]
DS =0030 0000000000000000 ffffffff 00cf9300 DPL=0 DS   [-WA]
FS =0030 0000000000000000 ffffffff 00cf9300 DPL=0 DS   [-WA]
GS =0030 0000000000000000 ffffffff 00cf9300 DPL=0 DS   [-WA]
LDT=0000 0000000000000000 0000ffff 00008200 DPL=0 LDT
TR =0000 0000000000000000 0000ffff 00008b00 DPL=0 TSS64-busy
GDT=     00000000bf9de000 00000047
IDT=     00000000bf4d2018 00000fff
CR0=80010033 CR2=0000000000000000 CR3=00000000bfc01000 CR4=00000668
DR0=0000000000000000 DR1=0000000000000000 DR2=0000000000000000 DR3=0000000000000000 
DR6=00000000ffff0ff0 DR7=0000000000000400
CCS=0000000000000000 CCD=00000000bf089451 CCO=EFLAGS
EFER=0000000000000d00
Servicing hardware INT=0x20
   507: v=20 e=0000 i=0 cpl=0 IP=0038:00000000bf096d81 pc=00000000bf096d81 SP=0030:00000000bfec2648 env->regs[R_EAX]=0000000000000000
RAX=0000000000000000 RBX=0000000000000004 RCX=00000000bf4c8a18 RDX=0000000000000000
RSI=0000000000000002 RDI=00000000bfee9030 RBP=00000000bfee3ec5 RSP=00000000bfec2648
R8 =6c5e2932c0c431bb R9 =0000000000000000 R10=0000000000000000 R11=00000000bfec2571
R12=00000000bfeeaba0 R13=00000000bf4c8a18 R14=0000000000000010 R15=00000000bfeeaca0
RIP=00000000bf096d81 RFL=00000202 [-------] CPL=0 II=0 A20=1 SMM=0 HLT=0
ES =0030 0000000000000000 ffffffff 00cf9300 DPL=0 DS   [-WA]
CS =0038 0000000000000000 ffffffff 00af9a00 DPL=0 CS64 [-R-]
SS =0030 0000000000000000 ffffffff 00cf9300 DPL=0 DS   [-WA]
DS =0030 0000000000000000 ffffffff 00cf9300 DPL=0 DS   [-WA]
FS =0030 0000000000000000 ffffffff 00cf9300 DPL=0 DS   [-WA]
GS =0030 0000000000000000 ffffffff 00cf9300 DPL=0 DS   [-WA]
LDT=0000 0000000000000000 0000ffff 00008200 DPL=0 LDT
TR =0000 0000000000000000 0000ffff 00008b00 DPL=0 TSS64-busy
GDT=     00000000bf9de000 00000047
IDT=     00000000bf4d2018 00000fff
CR0=80010033 CR2=0000000000000000 CR3=00000000bfc01000 CR4=00000668
DR0=0000000000000000 DR1=0000000000000000 DR2=0000000000000000 DR3=0000000000000000 
DR6=00000000ffff0ff0 DR7=0000000000000400
CCS=0000000000000000 CCD=00000000bf089451 CCO=EFLAGS
EFER=0000000000000d00
Servicing hardware INT=0x20
   508: v=20 e=0000 i=0 cpl=0 IP=0038:00000000bf096d81 pc=00000000bf096d81 SP=0030:00000000bfec2648 env->regs[R_EAX]=0000000000000000
RAX=0000000000000000 RBX=0000000000000004 RCX=00000000bf4c8a18 RDX=0000000000000000
RSI=0000000000000002 RDI=00000000bfee9030 RBP=00000000bfee3ec5 RSP=00000000bfec2648
R8 =6c5e2932c0c431bb R9 =0000000000000000 R10=0000000000000000 R11=00000000bfec2571
R12=00000000bfeeaba0 R13=00000000bf4c8a18 R14=0000000000000010 R15=00000000bfeeaca0
RIP=00000000bf096d81 RFL=00000202 [-------] CPL=0 II=0 A20=1 SMM=0 HLT=0
ES =0030 0000000000000000 ffffffff 00cf9300 DPL=0 DS   [-WA]
CS =0038 0000000000000000 ffffffff 00af9a00 DPL=0 CS64 [-R-]
SS =0030 0000000000000000 ffffffff 00cf9300 DPL=0 DS   [-WA]
DS =0030 0000000000000000 ffffffff 00cf9300 DPL=0 DS   [-WA]
FS =0030 0000000000000000 ffffffff 00cf9300 DPL=0 DS   [-WA]
GS =0030 0000000000000000 ffffffff 00cf9300 DPL=0 DS   [-WA]
LDT=0000 0000000000000000 0000ffff 00008200 DPL=0 LDT
TR =0000 0000000000000000 0000ffff 00008b00 DPL=0 TSS64-busy
GDT=     00000000bf9de000 00000047
IDT=     00000000bf4d2018 00000fff
CR0=80010033 CR2=0000000000000000 CR3=00000000bfc01000 CR4=00000668
DR0=0000000000000000 DR1=0000000000000000 DR2=0000000000000000 DR3=0000000000000000 
DR6=00000000ffff0ff0 DR7=0000000000000400
CCS=0000000000000000 CCD=00000000bf089451 CCO=EFLAGS
EFER=0000000000000d00
Servicing hardware INT=0x20
   509: v=20 e=0000 i=0 cpl=0 IP=0038:00000000bf096d81 pc=00000000bf096d81 SP=0030:00000000bfec2648 env->regs[R_EAX]=0000000000000000
RAX=0000000000000000 RBX=0000000000000004 RCX=00000000bf4c8a18 RDX=0000000000000000
RSI=0000000000000002 RDI=00000000bfee9030 RBP=00000000bfee3ec5 RSP=00000000bfec2648
R8 =6c5e2932c0c431bb R9 =0000000000000000 R10=0000000000000000 R11=00000000bfec2571
R12=00000000bfeeaba0 R13=00000000bf4c8a18 R14=0000000000000010 R15=00000000bfeeaca0
RIP=00000000bf096d81 RFL=00000202 [-------] CPL=0 II=0 A20=1 SMM=0 HLT=0
ES =0030 0000000000000000 ffffffff 00cf9300 DPL=0 DS   [-WA]
CS =0038 0000000000000000 ffffffff 00af9a00 DPL=0 CS64 [-R-]
SS =0030 0000000000000000 ffffffff 00cf9300 DPL=0 DS   [-WA]
DS =0030 0000000000000000 ffffffff 00cf9300 DPL=0 DS   [-WA]
FS =0030 0000000000000000 ffffffff 00cf9300 DPL=0 DS   [-WA]
GS =0030 0000000000000000 ffffffff 00cf9300 DPL=0 DS   [-WA]
LDT=0000 0000000000000000 0000ffff 00008200 DPL=0 LDT
TR =0000 0000000000000000 0000ffff 00008b00 DPL=0 TSS64-busy
GDT=     00000000bf9de000 00000047
IDT=     00000000bf4d2018 00000fff
CR0=80010033 CR2=0000000000000000 CR3=00000000bfc01000 CR4=00000668
DR0=0000000000000000 DR1=0000000000000000 DR2=0000000000000000 DR3=0000000000000000 
DR6=00000000ffff0ff0 DR7=0000000000000400
CCS=0000000000000000 CCD=00000000bf089451 CCO=EFLAGS
EFER=0000000000000d00
Servicing hardware INT=0x20
   510: v=20 e=0000 i=0 cpl=0 IP=0038:00000000bf096d81 pc=00000000bf096d81 SP=0030:00000000bfec2648 env->regs[R_EAX]=0000000000000000
RAX=0000000000000000 RBX=0000000000000004 RCX=00000000bf4c8a18 RDX=0000000000000000
RSI=0000000000000002 RDI=00000000bfee9030 RBP=00000000bfee3ec5 RSP=00000000bfec2648
R8 =6c5e2932c0c431bb R9 =0000000000000000 R10=0000000000000000 R11=00000000bfec2571
R12=00000000bfeeaba0 R13=00000000bf4c8a18 R14=0000000000000010 R15=00000000bfeeaca0
RIP=00000000bf096d81 RFL=00000202 [-------] CPL=0 II=0 A20=1 SMM=0 HLT=0
ES =0030 0000000000000000 ffffffff 00cf9300 DPL=0 DS   [-WA]
CS =0038 0000000000000000 ffffffff 00af9a00 DPL=0 CS64 [-R-]
SS =0030 0000000000000000 ffffffff 00cf9300 DPL=0 DS   [-WA]
DS =0030 0000000000000000 ffffffff 00cf9300 DPL=0 DS   [-WA]
FS =0030 0000000000000000 ffffffff 00cf9300 DPL=0 DS   [-WA]
GS =0030 0000000000000000 ffffffff 00cf9300 DPL=0 DS   [-WA]
LDT=0000 0000000000000000 0000ffff 00008200 DPL=0 LDT
TR =0000 0000000000000000 0000ffff 00008b00 DPL=0 TSS64-busy
GDT=     00000000bf9de000 00000047
IDT=     00000000bf4d2018 00000fff
CR0=80010033 CR2=0000000000000000 CR3=00000000bfc01000 CR4=00000668
DR0=0000000000000000 DR1=0000000000000000 DR2=0000000000000000 DR3=0000000000000000 
DR6=00000000ffff0ff0 DR7=0000000000000400
CCS=0000000000000000 CCD=00000000bf089451 CCO=EFLAGS
EFER=0000000000000d00
Servicing hardware INT=0x20
   511: v=20 e=0000 i=0 cpl=0 IP=0038:00000000bf096d81 pc=00000000bf096d81 SP=0030:00000000bfec2648 env->regs[R_EAX]=0000000000000000
RAX=0000000000000000 RBX=0000000000000004 RCX=00000000bf4c8a18 RDX=0000000000000000
RSI=0000000000000002 RDI=00000000bfee9030 RBP=00000000bfee3ec5 RSP=00000000bfec2648
R8 =6c5e2932c0c431bb R9 =0000000000000000 R10=0000000000000000 R11=00000000bfec2571
R12=00000000bfeeaba0 R13=00000000bf4c8a18 R14=0000000000000010 R15=00000000bfeeaca0
RIP=00000000bf096d81 RFL=00000202 [-------] CPL=0 II=0 A20=1 SMM=0 HLT=0
ES =0030 0000000000000000 ffffffff 00cf9300 DPL=0 DS   [-WA]
CS =0038 0000000000000000 ffffffff 00af9a00 DPL=0 CS64 [-R-]
SS =0030 0000000000000000 ffffffff 00cf9300 DPL=0 DS   [-WA]
DS =0030 0000000000000000 ffffffff 00cf9300 DPL=0 DS   [-WA]
FS =0030 0000000000000000 ffffffff 00cf9300 DPL=0 DS   [-WA]
GS =0030 0000000000000000 ffffffff 00cf9300 DPL=0 DS   [-WA]
LDT=0000 0000000000000000 0000ffff 00008200 DPL=0 LDT
TR =0000 0000000000000000 0000ffff 00008b00 DPL=0 TSS64-busy
GDT=     00000000bf9de000 00000047
IDT=     00000000bf4d2018 00000fff
CR0=80010033 CR2=0000000000000000 CR3=00000000bfc01000 CR4=00000668
DR0=0000000000000000 DR1=0000000000000000 DR2=0000000000000000 DR3=0000000000000000 
DR6=00000000ffff0ff0 DR7=0000000000000400
CCS=0000000000000000 CCD=00000000bf089451 CCO=EFLAGS
EFER=0000000000000d00
Servicing hardware INT=0x20
   512: v=20 e=0000 i=0 cpl=0 IP=0038:00000000bf096d81 pc=00000000bf096d81 SP=0030:00000000bfec2648 env->regs[R_EAX]=0000000000000000
RAX=0000000000000000 RBX=0000000000000004 RCX=00000000bf4c8a18 RDX=0000000000000000
RSI=0000000000000002 RDI=00000000bfee9030 RBP=00000000bfee3ec5 RSP=00000000bfec2648
R8 =6c5e2932c0c431bb R9 =0000000000000000 R10=0000000000000000 R11=00000000bfec2571
R12=00000000bfeeaba0 R13=00000000bf4c8a18 R14=0000000000000010 R15=00000000bfeeaca0
RIP=00000000bf096d81 RFL=00000202 [-------] CPL=0 II=0 A20=1 SMM=0 HLT=0
ES =0030 0000000000000000 ffffffff 00cf9300 DPL=0 DS   [-WA]
CS =0038 0000000000000000 ffffffff 00af9a00 DPL=0 CS64 [-R-]
SS =0030 0000000000000000 ffffffff 00cf9300 DPL=0 DS   [-WA]
DS =0030 0000000000000000 ffffffff 00cf9300 DPL=0 DS   [-WA]
FS =0030 0000000000000000 ffffffff 00cf9300 DPL=0 DS   [-WA]
GS =0030 0000000000000000 ffffffff 00cf9300 DPL=0 DS   [-WA]
LDT=0000 0000000000000000 0000ffff 00008200 DPL=0 LDT
TR =0000 0000000000000000 0000ffff 00008b00 DPL=0 TSS64-busy
GDT=     00000000bf9de000 00000047
IDT=     00000000bf4d2018 00000fff
CR0=80010033 CR2=0000000000000000 CR3=00000000bfc01000 CR4=00000668
DR0=0000000000000000 DR1=0000000000000000 DR2=0000000000000000 DR3=0000000000000000 
DR6=00000000ffff0ff0 DR7=0000000000000400
CCS=0000000000000000 CCD=00000000bf089451 CCO=EFLAGS
EFER=0000000000000d00
Servicing hardware INT=0x20
   513: v=20 e=0000 i=0 cpl=0 IP=0038:00000000bf096d81 pc=00000000bf096d81 SP=0030:00000000bfec2648 env->regs[R_EAX]=0000000000000000
RAX=0000000000000000 RBX=0000000000000004 RCX=00000000bf4c8a18 RDX=0000000000000000
RSI=0000000000000002 RDI=00000000bfee9030 RBP=00000000bfee3ec5 RSP=00000000bfec2648
R8 =6c5e2932c0c431bb R9 =0000000000000000 R10=0000000000000000 R11=00000000bfec2571
R12=00000000bfeeaba0 R13=00000000bf4c8a18 R14=0000000000000010 R15=00000000bfeeaca0
RIP=00000000bf096d81 RFL=00000202 [-------] CPL=0 II=0 A20=1 SMM=0 HLT=0
ES =0030 0000000000000000 ffffffff 00cf9300 DPL=0 DS   [-WA]
CS =0038 0000000000000000 ffffffff 00af9a00 DPL=0 CS64 [-R-]
SS =0030 0000000000000000 ffffffff 00cf9300 DPL=0 DS   [-WA]
DS =0030 0000000000000000 ffffffff 00cf9300 DPL=0 DS   [-WA]
FS =0030 0000000000000000 ffffffff 00cf9300 DPL=0 DS   [-WA]
GS =0030 0000000000000000 ffffffff 00cf9300 DPL=0 DS   [-WA]
LDT=0000 0000000000000000 0000ffff 00008200 DPL=0 LDT
TR =0000 0000000000000000 0000ffff 00008b00 DPL=0 TSS64-busy
GDT=     00000000bf9de000 00000047
IDT=     00000000bf4d2018 00000fff
CR0=80010033 CR2=0000000000000000 CR3=00000000bfc01000 CR4=00000668
DR0=0000000000000000 DR1=0000000000000000 DR2=0000000000000000 DR3=0000000000000000 
DR6=00000000ffff0ff0 DR7=0000000000000400
CCS=0000000000000000 CCD=00000000bf089451 CCO=EFLAGS
EFER=0000000000000d00
Servicing hardware INT=0x20
   514: v=20 e=0000 i=0 cpl=0 IP=0038:00000000bf096d81 pc=00000000bf096d81 SP=0030:00000000bfec2648 env->regs[R_EAX]=0000000000000000
RAX=0000000000000000 RBX=0000000000000004 RCX=00000000bf4c8a18 RDX=0000000000000000
RSI=0000000000000002 RDI=00000000bfee9030 RBP=00000000bfee3ec5 RSP=00000000bfec2648
R8 =6c5e2932c0c431bb R9 =0000000000000000 R10=0000000000000000 R11=00000000bfec2571
R12=00000000bfeeaba0 R13=00000000bf4c8a18 R14=0000000000000010 R15=00000000bfeeaca0
RIP=00000000bf096d81 RFL=00000202 [-------] CPL=0 II=0 A20=1 SMM=0 HLT=0
ES =0030 0000000000000000 ffffffff 00cf9300 DPL=0 DS   [-WA]
CS =0038 0000000000000000 ffffffff 00af9a00 DPL=0 CS64 [-R-]
SS =0030 0000000000000000 ffffffff 00cf9300 DPL=0 DS   [-WA]
DS =0030 0000000000000000 ffffffff 00cf9300 DPL=0 DS   [-WA]
FS =0030 0000000000000000 ffffffff 00cf9300 DPL=0 DS   [-WA]
GS =0030 0000000000000000 ffffffff 00cf9300 DPL=0 DS   [-WA]
LDT=0000 0000000000000000 0000ffff 00008200 DPL=0 LDT
TR =0000 0000000000000000 0000ffff 00008b00 DPL=0 TSS64-busy
GDT=     00000000bf9de000 00000047
IDT=     00000000bf4d2018 00000fff
CR0=80010033 CR2=0000000000000000 CR3=00000000bfc01000 CR4=00000668
DR0=0000000000000000 DR1=0000000000000000 DR2=0000000000000000 DR3=0000000000000000 
DR6=00000000ffff0ff0 DR7=0000000000000400
CCS=0000000000000000 CCD=00000000bf089451 CCO=EFLAGS
EFER=0000000000000d00
Servicing hardware INT=0x20
   515: v=20 e=0000 i=0 cpl=0 IP=0038:00000000bf096d81 pc=00000000bf096d81 SP=0030:00000000bfec2648 env->regs[R_EAX]=0000000000000000
RAX=0000000000000000 RBX=0000000000000004 RCX=00000000bf4c8a18 RDX=0000000000000000
RSI=0000000000000002 RDI=00000000bfee9030 RBP=00000000bfee3ec5 RSP=00000000bfec2648
R8 =6c5e2932c0c431bb R9 =0000000000000000 R10=0000000000000000 R11=00000000bfec2571
R12=00000000bfeeaba0 R13=00000000bf4c8a18 R14=0000000000000010 R15=00000000bfeeaca0
RIP=00000000bf096d81 RFL=00000202 [-------] CPL=0 II=0 A20=1 SMM=0 HLT=0
ES =0030 0000000000000000 ffffffff 00cf9300 DPL=0 DS   [-WA]
CS =0038 0000000000000000 ffffffff 00af9a00 DPL=0 CS64 [-R-]
SS =0030 0000000000000000 ffffffff 00cf9300 DPL=0 DS   [-WA]
DS =0030 0000000000000000 ffffffff 00cf9300 DPL=0 DS   [-WA]
FS =0030 0000000000000000 ffffffff 00cf9300 DPL=0 DS   [-WA]
GS =0030 0000000000000000 ffffffff 00cf9300 DPL=0 DS   [-WA]
LDT=0000 0000000000000000 0000ffff 00008200 DPL=0 LDT
TR =0000 0000000000000000 0000ffff 00008b00 DPL=0 TSS64-busy
GDT=     00000000bf9de000 00000047
IDT=     00000000bf4d2018 00000fff
CR0=80010033 CR2=0000000000000000 CR3=00000000bfc01000 CR4=00000668
DR0=0000000000000000 DR1=0000000000000000 DR2=0000000000000000 DR3=0000000000000000 
DR6=00000000ffff0ff0 DR7=0000000000000400
CCS=0000000000000000 CCD=00000000bf089451 CCO=EFLAGS
EFER=0000000000000d00
Servicing hardware INT=0x20
   516: v=20 e=0000 i=0 cpl=0 IP=0038:00000000bf096d81 pc=00000000bf096d81 SP=0030:00000000bfec2648 env->regs[R_EAX]=0000000000000000
RAX=0000000000000000 RBX=0000000000000004 RCX=00000000bf4c8a18 RDX=0000000000000000
RSI=0000000000000002 RDI=00000000bfee9030 RBP=00000000bfee3ec5 RSP=00000000bfec2648
R8 =6c5e2932c0c431bb R9 =0000000000000000 R10=0000000000000000 R11=00000000bfec2571
R12=00000000bfeeaba0 R13=00000000bf4c8a18 R14=0000000000000010 R15=00000000bfeeaca0
RIP=00000000bf096d81 RFL=00000202 [-------] CPL=0 II=0 A20=1 SMM=0 HLT=0
ES =0030 0000000000000000 ffffffff 00cf9300 DPL=0 DS   [-WA]
CS =0038 0000000000000000 ffffffff 00af9a00 DPL=0 CS64 [-R-]
SS =0030 0000000000000000 ffffffff 00cf9300 DPL=0 DS   [-WA]
DS =0030 0000000000000000 ffffffff 00cf9300 DPL=0 DS   [-WA]
FS =0030 0000000000000000 ffffffff 00cf9300 DPL=0 DS   [-WA]
GS =0030 0000000000000000 ffffffff 00cf9300 DPL=0 DS   [-WA]
LDT=0000 0000000000000000 0000ffff 00008200 DPL=0 LDT
TR =0000 0000000000000000 0000ffff 00008b00 DPL=0 TSS64-busy
GDT=     00000000bf9de000 00000047
IDT=     00000000bf4d2018 00000fff
CR0=80010033 CR2=0000000000000000 CR3=00000000bfc01000 CR4=00000668
DR0=0000000000000000 DR1=0000000000000000 DR2=0000000000000000 DR3=0000000000000000 
DR6=00000000ffff0ff0 DR7=0000000000000400
CCS=0000000000000000 CCD=00000000bf089451 CCO=EFLAGS
EFER=0000000000000d00
Servicing hardware INT=0x20
   517: v=20 e=0000 i=0 cpl=0 IP=0038:00000000bf096d81 pc=00000000bf096d81 SP=0030:00000000bfec2648 env->regs[R_EAX]=0000000000000000
RAX=0000000000000000 RBX=0000000000000004 RCX=00000000bf4c8a18 RDX=0000000000000000
RSI=0000000000000002 RDI=00000000bfee9030 RBP=00000000bfee3ec5 RSP=00000000bfec2648
R8 =6c5e2932c0c431bb R9 =0000000000000000 R10=0000000000000000 R11=00000000bfec2571
R12=00000000bfeeaba0 R13=00000000bf4c8a18 R14=0000000000000010 R15=00000000bfeeaca0
RIP=00000000bf096d81 RFL=00000202 [-------] CPL=0 II=0 A20=1 SMM=0 HLT=0
ES =0030 0000000000000000 ffffffff 00cf9300 DPL=0 DS   [-WA]
CS =0038 0000000000000000 ffffffff 00af9a00 DPL=0 CS64 [-R-]
SS =0030 0000000000000000 ffffffff 00cf9300 DPL=0 DS   [-WA]
DS =0030 0000000000000000 ffffffff 00cf9300 DPL=0 DS   [-WA]
FS =0030 0000000000000000 ffffffff 00cf9300 DPL=0 DS   [-WA]
GS =0030 0000000000000000 ffffffff 00cf9300 DPL=0 DS   [-WA]
LDT=0000 0000000000000000 0000ffff 00008200 DPL=0 LDT
TR =0000 0000000000000000 0000ffff 00008b00 DPL=0 TSS64-busy
GDT=     00000000bf9de000 00000047
IDT=     00000000bf4d2018 00000fff
CR0=80010033 CR2=0000000000000000 CR3=00000000bfc01000 CR4=00000668
DR0=0000000000000000 DR1=0000000000000000 DR2=0000000000000000 DR3=0000000000000000 
DR6=00000000ffff0ff0 DR7=0000000000000400
CCS=0000000000000000 CCD=00000000bf089451 CCO=EFLAGS
EFER=0000000000000d00
Servicing hardware INT=0x20
   518: v=20 e=0000 i=0 cpl=0 IP=0038:00000000bf096d81 pc=00000000bf096d81 SP=0030:00000000bfec2648 env->regs[R_EAX]=0000000000000000
RAX=0000000000000000 RBX=0000000000000004 RCX=00000000bf4c8a18 RDX=0000000000000000
RSI=0000000000000002 RDI=00000000bfee9030 RBP=00000000bfee3ec5 RSP=00000000bfec2648
R8 =6c5e2932c0c431bb R9 =0000000000000000 R10=0000000000000000 R11=00000000bfec2571
R12=00000000bfeeaba0 R13=00000000bf4c8a18 R14=0000000000000010 R15=00000000bfeeaca0
RIP=00000000bf096d81 RFL=00000202 [-------] CPL=0 II=0 A20=1 SMM=0 HLT=0
ES =0030 0000000000000000 ffffffff 00cf9300 DPL=0 DS   [-WA]
CS =0038 0000000000000000 ffffffff 00af9a00 DPL=0 CS64 [-R-]
SS =0030 0000000000000000 ffffffff 00cf9300 DPL=0 DS   [-WA]
DS =0030 0000000000000000 ffffffff 00cf9300 DPL=0 DS   [-WA]
FS =0030 0000000000000000 ffffffff 00cf9300 DPL=0 DS   [-WA]
GS =0030 0000000000000000 ffffffff 00cf9300 DPL=0 DS   [-WA]
LDT=0000 0000000000000000 0000ffff 00008200 DPL=0 LDT
TR =0000 0000000000000000 0000ffff 00008b00 DPL=0 TSS64-busy
GDT=     00000000bf9de000 00000047
IDT=     00000000bf4d2018 00000fff
CR0=80010033 CR2=0000000000000000 CR3=00000000bfc01000 CR4=00000668
DR0=0000000000000000 DR1=0000000000000000 DR2=0000000000000000 DR3=0000000000000000 
DR6=00000000ffff0ff0 DR7=0000000000000400
CCS=0000000000000000 CCD=00000000bf089451 CCO=EFLAGS
EFER=0000000000000d00
Servicing hardware INT=0x20
   519: v=20 e=0000 i=0 cpl=0 IP=0038:00000000bf096d81 pc=00000000bf096d81 SP=0030:00000000bfec2648 env->regs[R_EAX]=0000000000000000
RAX=0000000000000000 RBX=0000000000000004 RCX=00000000bf4c8a18 RDX=0000000000000000
RSI=0000000000000002 RDI=00000000bfee9030 RBP=00000000bfee3ec5 RSP=00000000bfec2648
R8 =6c5e2932c0c431bb R9 =0000000000000000 R10=0000000000000000 R11=00000000bfec2571
R12=00000000bfeeaba0 R13=00000000bf4c8a18 R14=0000000000000010 R15=00000000bfeeaca0
RIP=00000000bf096d81 RFL=00000202 [-------] CPL=0 II=0 A20=1 SMM=0 HLT=0
ES =0030 0000000000000000 ffffffff 00cf9300 DPL=0 DS   [-WA]
CS =0038 0000000000000000 ffffffff 00af9a00 DPL=0 CS64 [-R-]
SS =0030 0000000000000000 ffffffff 00cf9300 DPL=0 DS   [-WA]
DS =0030 0000000000000000 ffffffff 00cf9300 DPL=0 DS   [-WA]
FS =0030 0000000000000000 ffffffff 00cf9300 DPL=0 DS   [-WA]
GS =0030 0000000000000000 ffffffff 00cf9300 DPL=0 DS   [-WA]
LDT=0000 0000000000000000 0000ffff 00008200 DPL=0 LDT
TR =0000 0000000000000000 0000ffff 00008b00 DPL=0 TSS64-busy
GDT=     00000000bf9de000 00000047
IDT=     00000000bf4d2018 00000fff
CR0=80010033 CR2=0000000000000000 CR3=00000000bfc01000 CR4=00000668
DR0=0000000000000000 DR1=0000000000000000 DR2=0000000000000000 DR3=0000000000000000 
DR6=00000000ffff0ff0 DR7=0000000000000400
CCS=0000000000000000 CCD=00000000bf089451 CCO=EFLAGS
EFER=0000000000000d00
Servicing hardware INT=0x20
   520: v=20 e=0000 i=0 cpl=0 IP=0038:00000000bf096d81 pc=00000000bf096d81 SP=0030:00000000bfec2648 env->regs[R_EAX]=0000000000000000
RAX=0000000000000000 RBX=0000000000000004 RCX=00000000bf4c8a18 RDX=0000000000000000
RSI=0000000000000002 RDI=00000000bfee9030 RBP=00000000bfee3ec5 RSP=00000000bfec2648
R8 =6c5e2932c0c431bb R9 =0000000000000000 R10=0000000000000000 R11=00000000bfec2571
R12=00000000bfeeaba0 R13=00000000bf4c8a18 R14=0000000000000010 R15=00000000bfeeaca0
RIP=00000000bf096d81 RFL=00000202 [-------] CPL=0 II=0 A20=1 SMM=0 HLT=0
ES =0030 0000000000000000 ffffffff 00cf9300 DPL=0 DS   [-WA]
CS =0038 0000000000000000 ffffffff 00af9a00 DPL=0 CS64 [-R-]
SS =0030 0000000000000000 ffffffff 00cf9300 DPL=0 DS   [-WA]
DS =0030 0000000000000000 ffffffff 00cf9300 DPL=0 DS   [-WA]
FS =0030 0000000000000000 ffffffff 00cf9300 DPL=0 DS   [-WA]
GS =0030 0000000000000000 ffffffff 00cf9300 DPL=0 DS   [-WA]
LDT=0000 0000000000000000 0000ffff 00008200 DPL=0 LDT
TR =0000 0000000000000000 0000ffff 00008b00 DPL=0 TSS64-busy
GDT=     00000000bf9de000 00000047
IDT=     00000000bf4d2018 00000fff
CR0=80010033 CR2=0000000000000000 CR3=00000000bfc01000 CR4=00000668
DR0=0000000000000000 DR1=0000000000000000 DR2=0000000000000000 DR3=0000000000000000 
DR6=00000000ffff0ff0 DR7=0000000000000400
CCS=0000000000000000 CCD=00000000bf089451 CCO=EFLAGS
EFER=0000000000000d00
Servicing hardware INT=0x20
   521: v=20 e=0000 i=0 cpl=0 IP=0038:00000000bf096d81 pc=00000000bf096d81 SP=0030:00000000bfec2648 env->regs[R_EAX]=0000000000000000
RAX=0000000000000000 RBX=0000000000000004 RCX=00000000bf4c8a18 RDX=0000000000000000
RSI=0000000000000002 RDI=00000000bfee9030 RBP=00000000bfee3ec5 RSP=00000000bfec2648
R8 =6c5e2932c0c431bb R9 =0000000000000000 R10=0000000000000000 R11=00000000bfec2571
R12=00000000bfeeaba0 R13=00000000bf4c8a18 R14=0000000000000010 R15=00000000bfeeaca0
RIP=00000000bf096d81 RFL=00000202 [-------] CPL=0 II=0 A20=1 SMM=0 HLT=0
ES =0030 0000000000000000 ffffffff 00cf9300 DPL=0 DS   [-WA]
CS =0038 0000000000000000 ffffffff 00af9a00 DPL=0 CS64 [-R-]
SS =0030 0000000000000000 ffffffff 00cf9300 DPL=0 DS   [-WA]
DS =0030 0000000000000000 ffffffff 00cf9300 DPL=0 DS   [-WA]
FS =0030 0000000000000000 ffffffff 00cf9300 DPL=0 DS   [-WA]
GS =0030 0000000000000000 ffffffff 00cf9300 DPL=0 DS   [-WA]
LDT=0000 0000000000000000 0000ffff 00008200 DPL=0 LDT
TR =0000 0000000000000000 0000ffff 00008b00 DPL=0 TSS64-busy
GDT=     00000000bf9de000 00000047
IDT=     00000000bf4d2018 00000fff
CR0=80010033 CR2=0000000000000000 CR3=00000000bfc01000 CR4=00000668
DR0=0000000000000000 DR1=0000000000000000 DR2=0000000000000000 DR3=0000000000000000 
DR6=00000000ffff0ff0 DR7=0000000000000400
CCS=0000000000000000 CCD=00000000bf089451 CCO=EFLAGS
EFER=0000000000000d00
Servicing hardware INT=0x20
   522: v=20 e=0000 i=0 cpl=0 IP=0038:00000000bf096d81 pc=00000000bf096d81 SP=0030:00000000bfec2648 env->regs[R_EAX]=0000000000000000
RAX=0000000000000000 RBX=0000000000000004 RCX=00000000bf4c8a18 RDX=0000000000000000
RSI=0000000000000002 RDI=00000000bfee9030 RBP=00000000bfee3ec5 RSP=00000000bfec2648
R8 =6c5e2932c0c431bb R9 =0000000000000000 R10=0000000000000000 R11=00000000bfec2571
R12=00000000bfeeaba0 R13=00000000bf4c8a18 R14=0000000000000010 R15=00000000bfeeaca0
RIP=00000000bf096d81 RFL=00000202 [-------] CPL=0 II=0 A20=1 SMM=0 HLT=0
ES =0030 0000000000000000 ffffffff 00cf9300 DPL=0 DS   [-WA]
CS =0038 0000000000000000 ffffffff 00af9a00 DPL=0 CS64 [-R-]
SS =0030 0000000000000000 ffffffff 00cf9300 DPL=0 DS   [-WA]
DS =0030 0000000000000000 ffffffff 00cf9300 DPL=0 DS   [-WA]
FS =0030 0000000000000000 ffffffff 00cf9300 DPL=0 DS   [-WA]
GS =0030 0000000000000000 ffffffff 00cf9300 DPL=0 DS   [-WA]
LDT=0000 0000000000000000 0000ffff 00008200 DPL=0 LDT
TR =0000 0000000000000000 0000ffff 00008b00 DPL=0 TSS64-busy
GDT=     00000000bf9de000 00000047
IDT=     00000000bf4d2018 00000fff
CR0=80010033 CR2=0000000000000000 CR3=00000000bfc01000 CR4=00000668
DR0=0000000000000000 DR1=0000000000000000 DR2=0000000000000000 DR3=0000000000000000 
DR6=00000000ffff0ff0 DR7=0000000000000400
CCS=0000000000000000 CCD=00000000bf089451 CCO=EFLAGS
EFER=0000000000000d00
Servicing hardware INT=0x20
   523: v=20 e=0000 i=0 cpl=0 IP=0038:00000000bf096d81 pc=00000000bf096d81 SP=0030:00000000bfec2648 env->regs[R_EAX]=0000000000000000
RAX=0000000000000000 RBX=0000000000000004 RCX=00000000bf4c8a18 RDX=0000000000000000
RSI=0000000000000002 RDI=00000000bfee9030 RBP=00000000bfee3ec5 RSP=00000000bfec2648
R8 =6c5e2932c0c431bb R9 =0000000000000000 R10=0000000000000000 R11=00000000bfec2571
R12=00000000bfeeaba0 R13=00000000bf4c8a18 R14=0000000000000010 R15=00000000bfeeaca0
RIP=00000000bf096d81 RFL=00000202 [-------] CPL=0 II=0 A20=1 SMM=0 HLT=0
ES =0030 0000000000000000 ffffffff 00cf9300 DPL=0 DS   [-WA]
CS =0038 0000000000000000 ffffffff 00af9a00 DPL=0 CS64 [-R-]
SS =0030 0000000000000000 ffffffff 00cf9300 DPL=0 DS   [-WA]
DS =0030 0000000000000000 ffffffff 00cf9300 DPL=0 DS   [-WA]
FS =0030 0000000000000000 ffffffff 00cf9300 DPL=0 DS   [-WA]
GS =0030 0000000000000000 ffffffff 00cf9300 DPL=0 DS   [-WA]
LDT=0000 0000000000000000 0000ffff 00008200 DPL=0 LDT
TR =0000 0000000000000000 0000ffff 00008b00 DPL=0 TSS64-busy
GDT=     00000000bf9de000 00000047
IDT=     00000000bf4d2018 00000fff
CR0=80010033 CR2=0000000000000000 CR3=00000000bfc01000 CR4=00000668
DR0=0000000000000000 DR1=0000000000000000 DR2=0000000000000000 DR3=0000000000000000 
DR6=00000000ffff0ff0 DR7=0000000000000400
CCS=0000000000000000 CCD=00000000bf089451 CCO=EFLAGS
EFER=0000000000000d00
Servicing hardware INT=0x20
   524: v=20 e=0000 i=0 cpl=0 IP=0038:00000000bf096d81 pc=00000000bf096d81 SP=0030:00000000bfec2648 env->regs[R_EAX]=0000000000000000
RAX=0000000000000000 RBX=0000000000000004 RCX=00000000bf4c8a18 RDX=0000000000000000
RSI=0000000000000002 RDI=00000000bfee9030 RBP=00000000bfee3ec5 RSP=00000000bfec2648
R8 =6c5e2932c0c431bb R9 =0000000000000000 R10=0000000000000000 R11=00000000bfec2571
R12=00000000bfeeaba0 R13=00000000bf4c8a18 R14=0000000000000010 R15=00000000bfeeaca0
RIP=00000000bf096d81 RFL=00000202 [-------] CPL=0 II=0 A20=1 SMM=0 HLT=0
ES =0030 0000000000000000 ffffffff 00cf9300 DPL=0 DS   [-WA]
CS =0038 0000000000000000 ffffffff 00af9a00 DPL=0 CS64 [-R-]
SS =0030 0000000000000000 ffffffff 00cf9300 DPL=0 DS   [-WA]
DS =0030 0000000000000000 ffffffff 00cf9300 DPL=0 DS   [-WA]
FS =0030 0000000000000000 ffffffff 00cf9300 DPL=0 DS   [-WA]
GS =0030 0000000000000000 ffffffff 00cf9300 DPL=0 DS   [-WA]
LDT=0000 0000000000000000 0000ffff 00008200 DPL=0 LDT
TR =0000 0000000000000000 0000ffff 00008b00 DPL=0 TSS64-busy
GDT=     00000000bf9de000 00000047
IDT=     00000000bf4d2018 00000fff
CR0=80010033 CR2=0000000000000000 CR3=00000000bfc01000 CR4=00000668
DR0=0000000000000000 DR1=0000000000000000 DR2=0000000000000000 DR3=0000000000000000 
DR6=00000000ffff0ff0 DR7=0000000000000400
CCS=0000000000000000 CCD=00000000bf089451 CCO=EFLAGS
EFER=0000000000000d00
Servicing hardware INT=0x20
   525: v=20 e=0000 i=0 cpl=0 IP=0038:00000000bf096d81 pc=00000000bf096d81 SP=0030:00000000bfec2648 env->regs[R_EAX]=0000000000000000
RAX=0000000000000000 RBX=0000000000000004 RCX=00000000bf4c8a18 RDX=0000000000000000
RSI=0000000000000002 RDI=00000000bfee9030 RBP=00000000bfee3ec5 RSP=00000000bfec2648
R8 =6c5e2932c0c431bb R9 =0000000000000000 R10=0000000000000000 R11=00000000bfec2571
R12=00000000bfeeaba0 R13=00000000bf4c8a18 R14=0000000000000010 R15=00000000bfeeaca0
RIP=00000000bf096d81 RFL=00000202 [-------] CPL=0 II=0 A20=1 SMM=0 HLT=0
ES =0030 0000000000000000 ffffffff 00cf9300 DPL=0 DS   [-WA]
CS =0038 0000000000000000 ffffffff 00af9a00 DPL=0 CS64 [-R-]
SS =0030 0000000000000000 ffffffff 00cf9300 DPL=0 DS   [-WA]
DS =0030 0000000000000000 ffffffff 00cf9300 DPL=0 DS   [-WA]
FS =0030 0000000000000000 ffffffff 00cf9300 DPL=0 DS   [-WA]
GS =0030 0000000000000000 ffffffff 00cf9300 DPL=0 DS   [-WA]
LDT=0000 0000000000000000 0000ffff 00008200 DPL=0 LDT
TR =0000 0000000000000000 0000ffff 00008b00 DPL=0 TSS64-busy
GDT=     00000000bf9de000 00000047
IDT=     00000000bf4d2018 00000fff
CR0=80010033 CR2=0000000000000000 CR3=00000000bfc01000 CR4=00000668
DR0=0000000000000000 DR1=0000000000000000 DR2=0000000000000000 DR3=0000000000000000 
DR6=00000000ffff0ff0 DR7=0000000000000400
CCS=0000000000000000 CCD=00000000bf089451 CCO=EFLAGS
EFER=0000000000000d00
Servicing hardware INT=0x20
   526: v=20 e=0000 i=0 cpl=0 IP=0038:00000000bf096d81 pc=00000000bf096d81 SP=0030:00000000bfec2648 env->regs[R_EAX]=0000000000000000
RAX=0000000000000000 RBX=0000000000000004 RCX=00000000bf4c8a18 RDX=0000000000000000
RSI=0000000000000002 RDI=00000000bfee9030 RBP=00000000bfee3ec5 RSP=00000000bfec2648
R8 =6c5e2932c0c431bb R9 =0000000000000000 R10=0000000000000000 R11=00000000bfec2571
R12=00000000bfeeaba0 R13=00000000bf4c8a18 R14=0000000000000010 R15=00000000bfeeaca0
RIP=00000000bf096d81 RFL=00000202 [-------] CPL=0 II=0 A20=1 SMM=0 HLT=0
ES =0030 0000000000000000 ffffffff 00cf9300 DPL=0 DS   [-WA]
CS =0038 0000000000000000 ffffffff 00af9a00 DPL=0 CS64 [-R-]
SS =0030 0000000000000000 ffffffff 00cf9300 DPL=0 DS   [-WA]
DS =0030 0000000000000000 ffffffff 00cf9300 DPL=0 DS   [-WA]
FS =0030 0000000000000000 ffffffff 00cf9300 DPL=0 DS   [-WA]
GS =0030 0000000000000000 ffffffff 00cf9300 DPL=0 DS   [-WA]
LDT=0000 0000000000000000 0000ffff 00008200 DPL=0 LDT
TR =0000 0000000000000000 0000ffff 00008b00 DPL=0 TSS64-busy
GDT=     00000000bf9de000 00000047
IDT=     00000000bf4d2018 00000fff
CR0=80010033 CR2=0000000000000000 CR3=00000000bfc01000 CR4=00000668
DR0=0000000000000000 DR1=0000000000000000 DR2=0000000000000000 DR3=0000000000000000 
DR6=00000000ffff0ff0 DR7=0000000000000400
CCS=0000000000000000 CCD=00000000bf089451 CCO=EFLAGS
EFER=0000000000000d00
Servicing hardware INT=0x20
   527: v=20 e=0000 i=0 cpl=0 IP=0038:00000000bf096d81 pc=00000000bf096d81 SP=0030:00000000bfec2648 env->regs[R_EAX]=0000000000000000
RAX=0000000000000000 RBX=0000000000000004 RCX=00000000bf4c8a18 RDX=0000000000000000
RSI=0000000000000002 RDI=00000000bfee9030 RBP=00000000bfee3ec5 RSP=00000000bfec2648
R8 =6c5e2932c0c431bb R9 =0000000000000000 R10=0000000000000000 R11=00000000bfec2571
R12=00000000bfeeaba0 R13=00000000bf4c8a18 R14=0000000000000010 R15=00000000bfeeaca0
RIP=00000000bf096d81 RFL=00000202 [-------] CPL=0 II=0 A20=1 SMM=0 HLT=0
ES =0030 0000000000000000 ffffffff 00cf9300 DPL=0 DS   [-WA]
CS =0038 0000000000000000 ffffffff 00af9a00 DPL=0 CS64 [-R-]
SS =0030 0000000000000000 ffffffff 00cf9300 DPL=0 DS   [-WA]
DS =0030 0000000000000000 ffffffff 00cf9300 DPL=0 DS   [-WA]
FS =0030 0000000000000000 ffffffff 00cf9300 DPL=0 DS   [-WA]
GS =0030 0000000000000000 ffffffff 00cf9300 DPL=0 DS   [-WA]
LDT=0000 0000000000000000 0000ffff 00008200 DPL=0 LDT
TR =0000 0000000000000000 0000ffff 00008b00 DPL=0 TSS64-busy
GDT=     00000000bf9de000 00000047
IDT=     00000000bf4d2018 00000fff
CR0=80010033 CR2=0000000000000000 CR3=00000000bfc01000 CR4=00000668
DR0=0000000000000000 DR1=0000000000000000 DR2=0000000000000000 DR3=0000000000000000 
DR6=00000000ffff0ff0 DR7=0000000000000400
CCS=0000000000000000 CCD=00000000bf089451 CCO=EFLAGS
EFER=0000000000000d00
Servicing hardware INT=0x20
   528: v=20 e=0000 i=0 cpl=0 IP=0038:00000000bf096d81 pc=00000000bf096d81 SP=0030:00000000bfec2648 env->regs[R_EAX]=0000000000000000
RAX=0000000000000000 RBX=0000000000000004 RCX=00000000bf4c8a18 RDX=0000000000000000
RSI=0000000000000002 RDI=00000000bfee9030 RBP=00000000bfee3ec5 RSP=00000000bfec2648
R8 =6c5e2932c0c431bb R9 =0000000000000000 R10=0000000000000000 R11=00000000bfec2571
R12=00000000bfeeaba0 R13=00000000bf4c8a18 R14=0000000000000010 R15=00000000bfeeaca0
RIP=00000000bf096d81 RFL=00000202 [-------] CPL=0 II=0 A20=1 SMM=0 HLT=0
ES =0030 0000000000000000 ffffffff 00cf9300 DPL=0 DS   [-WA]
CS =0038 0000000000000000 ffffffff 00af9a00 DPL=0 CS64 [-R-]
SS =0030 0000000000000000 ffffffff 00cf9300 DPL=0 DS   [-WA]
DS =0030 0000000000000000 ffffffff 00cf9300 DPL=0 DS   [-WA]
FS =0030 0000000000000000 ffffffff 00cf9300 DPL=0 DS   [-WA]
GS =0030 0000000000000000 ffffffff 00cf9300 DPL=0 DS   [-WA]
LDT=0000 0000000000000000 0000ffff 00008200 DPL=0 LDT
TR =0000 0000000000000000 0000ffff 00008b00 DPL=0 TSS64-busy
GDT=     00000000bf9de000 00000047
IDT=     00000000bf4d2018 00000fff
CR0=80010033 CR2=0000000000000000 CR3=00000000bfc01000 CR4=00000668
DR0=0000000000000000 DR1=0000000000000000 DR2=0000000000000000 DR3=0000000000000000 
DR6=00000000ffff0ff0 DR7=0000000000000400
CCS=0000000000000000 CCD=00000000bf089451 CCO=EFLAGS
EFER=0000000000000d00
Servicing hardware INT=0x20
   529: v=20 e=0000 i=0 cpl=0 IP=0038:00000000bf096d81 pc=00000000bf096d81 SP=0030:00000000bfec2648 env->regs[R_EAX]=0000000000000000
RAX=0000000000000000 RBX=0000000000000004 RCX=00000000bf4c8a18 RDX=0000000000000000
RSI=0000000000000002 RDI=00000000bfee9030 RBP=00000000bfee3ec5 RSP=00000000bfec2648
R8 =6c5e2932c0c431bb R9 =0000000000000000 R10=0000000000000000 R11=00000000bfec2571
R12=00000000bfeeaba0 R13=00000000bf4c8a18 R14=0000000000000010 R15=00000000bfeeaca0
RIP=00000000bf096d81 RFL=00000202 [-------] CPL=0 II=0 A20=1 SMM=0 HLT=0
ES =0030 0000000000000000 ffffffff 00cf9300 DPL=0 DS   [-WA]
CS =0038 0000000000000000 ffffffff 00af9a00 DPL=0 CS64 [-R-]
SS =0030 0000000000000000 ffffffff 00cf9300 DPL=0 DS   [-WA]
DS =0030 0000000000000000 ffffffff 00cf9300 DPL=0 DS   [-WA]
FS =0030 0000000000000000 ffffffff 00cf9300 DPL=0 DS   [-WA]
GS =0030 0000000000000000 ffffffff 00cf9300 DPL=0 DS   [-WA]
LDT=0000 0000000000000000 0000ffff 00008200 DPL=0 LDT
TR =0000 0000000000000000 0000ffff 00008b00 DPL=0 TSS64-busy
GDT=     00000000bf9de000 00000047
IDT=     00000000bf4d2018 00000fff
CR0=80010033 CR2=0000000000000000 CR3=00000000bfc01000 CR4=00000668
DR0=0000000000000000 DR1=0000000000000000 DR2=0000000000000000 DR3=0000000000000000 
DR6=00000000ffff0ff0 DR7=0000000000000400
CCS=0000000000000000 CCD=00000000bf089451 CCO=EFLAGS
EFER=0000000000000d00
Servicing hardware INT=0x20
   530: v=20 e=0000 i=0 cpl=0 IP=0038:00000000bf096d81 pc=00000000bf096d81 SP=0030:00000000bfec2648 env->regs[R_EAX]=0000000000000000
RAX=0000000000000000 RBX=0000000000000004 RCX=00000000bf4c8a18 RDX=0000000000000000
RSI=0000000000000002 RDI=00000000bfee9030 RBP=00000000bfee3ec5 RSP=00000000bfec2648
R8 =6c5e2932c0c431bb R9 =0000000000000000 R10=0000000000000000 R11=00000000bfec2571
R12=00000000bfeeaba0 R13=00000000bf4c8a18 R14=0000000000000010 R15=00000000bfeeaca0
RIP=00000000bf096d81 RFL=00000202 [-------] CPL=0 II=0 A20=1 SMM=0 HLT=0
ES =0030 0000000000000000 ffffffff 00cf9300 DPL=0 DS   [-WA]
CS =0038 0000000000000000 ffffffff 00af9a00 DPL=0 CS64 [-R-]
SS =0030 0000000000000000 ffffffff 00cf9300 DPL=0 DS   [-WA]
DS =0030 0000000000000000 ffffffff 00cf9300 DPL=0 DS   [-WA]
FS =0030 0000000000000000 ffffffff 00cf9300 DPL=0 DS   [-WA]
GS =0030 0000000000000000 ffffffff 00cf9300 DPL=0 DS   [-WA]
LDT=0000 0000000000000000 0000ffff 00008200 DPL=0 LDT
TR =0000 0000000000000000 0000ffff 00008b00 DPL=0 TSS64-busy
GDT=     00000000bf9de000 00000047
IDT=     00000000bf4d2018 00000fff
CR0=80010033 CR2=0000000000000000 CR3=00000000bfc01000 CR4=00000668
DR0=0000000000000000 DR1=0000000000000000 DR2=0000000000000000 DR3=0000000000000000 
DR6=00000000ffff0ff0 DR7=0000000000000400
CCS=0000000000000000 CCD=00000000bf089451 CCO=EFLAGS
EFER=0000000000000d00
Servicing hardware INT=0x20
   531: v=20 e=0000 i=0 cpl=0 IP=0038:00000000bf096d81 pc=00000000bf096d81 SP=0030:00000000bfec2648 env->regs[R_EAX]=0000000000000000
RAX=0000000000000000 RBX=0000000000000004 RCX=00000000bf4c8a18 RDX=0000000000000000
RSI=0000000000000002 RDI=00000000bfee9030 RBP=00000000bfee3ec5 RSP=00000000bfec2648
R8 =6c5e2932c0c431bb R9 =0000000000000000 R10=0000000000000000 R11=00000000bfec2571
R12=00000000bfeeaba0 R13=00000000bf4c8a18 R14=0000000000000010 R15=00000000bfeeaca0
RIP=00000000bf096d81 RFL=00000202 [-------] CPL=0 II=0 A20=1 SMM=0 HLT=0
ES =0030 0000000000000000 ffffffff 00cf9300 DPL=0 DS   [-WA]
CS =0038 0000000000000000 ffffffff 00af9a00 DPL=0 CS64 [-R-]
SS =0030 0000000000000000 ffffffff 00cf9300 DPL=0 DS   [-WA]
DS =0030 0000000000000000 ffffffff 00cf9300 DPL=0 DS   [-WA]
FS =0030 0000000000000000 ffffffff 00cf9300 DPL=0 DS   [-WA]
GS =0030 0000000000000000 ffffffff 00cf9300 DPL=0 DS   [-WA]
LDT=0000 0000000000000000 0000ffff 00008200 DPL=0 LDT
TR =0000 0000000000000000 0000ffff 00008b00 DPL=0 TSS64-busy
GDT=     00000000bf9de000 00000047
IDT=     00000000bf4d2018 00000fff
CR0=80010033 CR2=0000000000000000 CR3=00000000bfc01000 CR4=00000668
DR0=0000000000000000 DR1=0000000000000000 DR2=0000000000000000 DR3=0000000000000000 
DR6=00000000ffff0ff0 DR7=0000000000000400
CCS=0000000000000000 CCD=00000000bf089451 CCO=EFLAGS
EFER=0000000000000d00
Servicing hardware INT=0x20
   532: v=20 e=0000 i=0 cpl=0 IP=0038:00000000bf096d81 pc=00000000bf096d81 SP=0030:00000000bfec2648 env->regs[R_EAX]=0000000000000000
RAX=0000000000000000 RBX=0000000000000004 RCX=00000000bf4c8a18 RDX=0000000000000000
RSI=0000000000000002 RDI=00000000bfee9030 RBP=00000000bfee3ec5 RSP=00000000bfec2648
R8 =6c5e2932c0c431bb R9 =0000000000000000 R10=0000000000000000 R11=00000000bfec2571
R12=00000000bfeeaba0 R13=00000000bf4c8a18 R14=0000000000000010 R15=00000000bfeeaca0
RIP=00000000bf096d81 RFL=00000202 [-------] CPL=0 II=0 A20=1 SMM=0 HLT=0
ES =0030 0000000000000000 ffffffff 00cf9300 DPL=0 DS   [-WA]
CS =0038 0000000000000000 ffffffff 00af9a00 DPL=0 CS64 [-R-]
SS =0030 0000000000000000 ffffffff 00cf9300 DPL=0 DS   [-WA]
DS =0030 0000000000000000 ffffffff 00cf9300 DPL=0 DS   [-WA]
FS =0030 0000000000000000 ffffffff 00cf9300 DPL=0 DS   [-WA]
GS =0030 0000000000000000 ffffffff 00cf9300 DPL=0 DS   [-WA]
LDT=0000 0000000000000000 0000ffff 00008200 DPL=0 LDT
TR =0000 0000000000000000 0000ffff 00008b00 DPL=0 TSS64-busy
GDT=     00000000bf9de000 00000047
IDT=     00000000bf4d2018 00000fff
CR0=80010033 CR2=0000000000000000 CR3=00000000bfc01000 CR4=00000668
DR0=0000000000000000 DR1=0000000000000000 DR2=0000000000000000 DR3=0000000000000000 
DR6=00000000ffff0ff0 DR7=0000000000000400
CCS=0000000000000000 CCD=00000000bf089451 CCO=EFLAGS
EFER=0000000000000d00
Servicing hardware INT=0x20
   533: v=20 e=0000 i=0 cpl=0 IP=0038:00000000bf096d81 pc=00000000bf096d81 SP=0030:00000000bfec2648 env->regs[R_EAX]=0000000000000000
RAX=0000000000000000 RBX=0000000000000004 RCX=00000000bf4c8a18 RDX=0000000000000000
RSI=0000000000000002 RDI=00000000bfee9030 RBP=00000000bfee3ec5 RSP=00000000bfec2648
R8 =6c5e2932c0c431bb R9 =00000000be8cc0d3 R10=0000000000000000 R11=00000000bfec2571
R12=00000000bfeeaba0 R13=00000000bf4c8a18 R14=0000000000000010 R15=00000000bfeeaca0
RIP=00000000bf096d81 RFL=00000202 [-------] CPL=0 II=0 A20=1 SMM=0 HLT=0
ES =0030 0000000000000000 ffffffff 00cf9300 DPL=0 DS   [-WA]
CS =0038 0000000000000000 ffffffff 00af9a00 DPL=0 CS64 [-R-]
SS =0030 0000000000000000 ffffffff 00cf9300 DPL=0 DS   [-WA]
DS =0030 0000000000000000 ffffffff 00cf9300 DPL=0 DS   [-WA]
FS =0030 0000000000000000 ffffffff 00cf9300 DPL=0 DS   [-WA]
GS =0030 0000000000000000 ffffffff 00cf9300 DPL=0 DS   [-WA]
LDT=0000 0000000000000000 0000ffff 00008200 DPL=0 LDT
TR =0000 0000000000000000 0000ffff 00008b00 DPL=0 TSS64-busy
GDT=     00000000bf9de000 00000047
IDT=     00000000bf4d2018 00000fff
CR0=80010033 CR2=0000000000000000 CR3=00000000bfc01000 CR4=00000668
DR0=0000000000000000 DR1=0000000000000000 DR2=0000000000000000 DR3=0000000000000000 
DR6=00000000ffff0ff0 DR7=0000000000000400
CCS=0000000000000000 CCD=00000000bf089451 CCO=EFLAGS
EFER=0000000000000d00
Servicing hardware INT=0x20
   534: v=20 e=0000 i=0 cpl=0 IP=0038:00000000beca28e6 pc=00000000beca28e6 SP=0030:00000000bfec1810 env->regs[R_EAX]=0000000000007b66
RAX=0000000000007b66 RBX=00000000004a82ae RCX=000000000000b008 RDX=000000000000b008
RSI=000000000004baf0 RDI=0000000000000000 RBP=00000000be210000 RSP=00000000bfec1810
R8 =00000000004a0748 R9 =00000000000003f6 R10=0000000000000000 R11=0000000000000000
R12=0000000000002710 R13=0000000000000000 R14=00000000be8a23d4 R15=0000000000000011
RIP=00000000beca28e6 RFL=00000206 [-----P-] CPL=0 II=0 A20=1 SMM=0 HLT=0
ES =0030 0000000000000000 ffffffff 00cf9300 DPL=0 DS   [-WA]
CS =0038 0000000000000000 ffffffff 00af9a00 DPL=0 CS64 [-R-]
SS =0030 0000000000000000 ffffffff 00cf9300 DPL=0 DS   [-WA]
DS =0030 0000000000000000 ffffffff 00cf9300 DPL=0 DS   [-WA]
FS =0030 0000000000000000 ffffffff 00cf9300 DPL=0 DS   [-WA]
GS =0030 0000000000000000 ffffffff 00cf9300 DPL=0 DS   [-WA]
LDT=0000 0000000000000000 0000ffff 00008200 DPL=0 LDT
TR =0000 0000000000000000 0000ffff 00008b00 DPL=0 TSS64-busy
GDT=     00000000bf9de000 00000047
IDT=     00000000bf4d2018 00000fff
CR0=80010033 CR2=0000000000000000 CR3=00000000bfc01000 CR4=00000668
DR0=0000000000000000 DR1=0000000000000000 DR2=0000000000000000 DR3=0000000000000000 
DR6=00000000ffff0ff0 DR7=0000000000000400
CCS=0000000000000004 CCD=0000000000007b66 CCO=EFLAGS
EFER=0000000000000d00
Servicing hardware INT=0x20
   535: v=20 e=0000 i=0 cpl=0 IP=0038:00000000beca28e6 pc=00000000beca28e6 SP=0030:00000000bfec1d30 env->regs[R_EAX]=00000000000000d7
RAX=00000000000000d7 RBX=00000000004a92aa RCX=000000000000b008 RDX=000000000000b008
RSI=000000000004baf1 RDI=0000000000000000 RBP=00000000be210000 RSP=00000000bfec1d30
R8 =00000000004a91d3 R9 =000000000000c082 R10=0000000000000000 R11=0000000000000000
R12=0000000000000064 R13=0000000000000000 R14=00000000be8a23d4 R15=0000000000000011
RIP=00000000beca28e6 RFL=00000206 [-----P-] CPL=0 II=0 A20=1 SMM=0 HLT=0
ES =0030 0000000000000000 ffffffff 00cf9300 DPL=0 DS   [-WA]
CS =0038 0000000000000000 ffffffff 00af9a00 DPL=0 CS64 [-R-]
SS =0030 0000000000000000 ffffffff 00cf9300 DPL=0 DS   [-WA]
DS =0030 0000000000000000 ffffffff 00cf9300 DPL=0 DS   [-WA]
FS =0030 0000000000000000 ffffffff 00cf9300 DPL=0 DS   [-WA]
GS =0030 0000000000000000 ffffffff 00cf9300 DPL=0 DS   [-WA]
LDT=0000 0000000000000000 0000ffff 00008200 DPL=0 LDT
TR =0000 0000000000000000 0000ffff 00008b00 DPL=0 TSS64-busy
GDT=     00000000bf9de000 00000047
IDT=     00000000bf4d2018 00000fff
CR0=80010033 CR2=0000000000000000 CR3=00000000bfc01000 CR4=00000668
DR0=0000000000000000 DR1=0000000000000000 DR2=0000000000000000 DR3=0000000000000000 
DR6=00000000ffff0ff0 DR7=0000000000000400
CCS=0000000000000004 CCD=00000000000000d7 CCO=EFLAGS
EFER=0000000000000d00
Servicing hardware INT=0x20
   536: v=20 e=0000 i=0 cpl=0 IP=0038:00000000beca2896 pc=00000000beca2896 SP=0030:00000000bfec1cd0 env->regs[R_EAX]=00000000004b1fce
RAX=00000000004b1fce RBX=0000000000000000 RCX=000000000000b008 RDX=000000000000b008
RSI=000000000004baf0 RDI=0000000000000000 RBP=00000000be210000 RSP=00000000bfec1cd0
R8 =00000000004b1ed9 R9 =00000000000003f6 R10=0000000000000000 R11=0000000000000000
R12=000000000000b008 R13=0000000000000000 R14=00000000be8a23d4 R15=0000000000000011
RIP=00000000beca2896 RFL=00000293 [--S-A-C] CPL=0 II=0 A20=1 SMM=0 HLT=0
ES =0030 0000000000000000 ffffffff 00cf9300 DPL=0 DS   [-WA]
CS =0038 0000000000000000 ffffffff 00af9a00 DPL=0 CS64 [-R-]
SS =0030 0000000000000000 ffffffff 00cf9300 DPL=0 DS   [-WA]
DS =0030 0000000000000000 ffffffff 00cf9300 DPL=0 DS   [-WA]
FS =0030 0000000000000000 ffffffff 00cf9300 DPL=0 DS   [-WA]
GS =0030 0000000000000000 ffffffff 00cf9300 DPL=0 DS   [-WA]
LDT=0000 0000000000000000 0000ffff 00008200 DPL=0 LDT
TR =0000 0000000000000000 0000ffff 00008b00 DPL=0 TSS64-busy
GDT=     00000000bf9de000 00000047
IDT=     00000000bf4d2018 00000fff
CR0=80010033 CR2=0000000000000000 CR3=00000000bfc01000 CR4=00000668
DR0=0000000000000000 DR1=0000000000000000 DR2=0000000000000000 DR3=0000000000000000 
DR6=00000000ffff0ff0 DR7=0000000000000400
CCS=0000000000000091 CCD=fffffffffffffffe CCO=EFLAGS
EFER=0000000000000d00
Servicing hardware INT=0x20
   537: v=20 e=0000 i=0 cpl=0 IP=0038:00000000beca28e6 pc=00000000beca28e6 SP=0030:00000000bfec1ba0 env->regs[R_EAX]=0000000000001741
RAX=0000000000001741 RBX=00000000004bc26e RCX=000000000000b008 RDX=000000000000b008
RSI=000000000004baf0 RDI=0000000000000000 RBP=00000000be210000 RSP=00000000bfec1ba0
R8 =00000000004bab2d R9 =00000000000003f6 R10=0000000000000000 R11=0000000000000000
R12=0000000000002710 R13=0000000000000000 R14=00000000be8a23d4 R15=0000000000000011
RIP=00000000beca28e6 RFL=00000206 [-----P-] CPL=0 II=0 A20=1 SMM=0 HLT=0
ES =0030 0000000000000000 ffffffff 00cf9300 DPL=0 DS   [-WA]
CS =0038 0000000000000000 ffffffff 00af9a00 DPL=0 CS64 [-R-]
SS =0030 0000000000000000 ffffffff 00cf9300 DPL=0 DS   [-WA]
DS =0030 0000000000000000 ffffffff 00cf9300 DPL=0 DS   [-WA]
FS =0030 0000000000000000 ffffffff 00cf9300 DPL=0 DS   [-WA]
GS =0030 0000000000000000 ffffffff 00cf9300 DPL=0 DS   [-WA]
LDT=0000 0000000000000000 0000ffff 00008200 DPL=0 LDT
TR =0000 0000000000000000 0000ffff 00008b00 DPL=0 TSS64-busy
GDT=     00000000bf9de000 00000047
IDT=     00000000bf4d2018 00000fff
CR0=80010033 CR2=0000000000000000 CR3=00000000bfc01000 CR4=00000668
DR0=0000000000000000 DR1=0000000000000000 DR2=0000000000000000 DR3=0000000000000000 
DR6=00000000ffff0ff0 DR7=0000000000000400
CCS=0000000000000004 CCD=0000000000001741 CCO=EFLAGS
EFER=0000000000000d00
Servicing hardware INT=0x20
   538: v=20 e=0000 i=0 cpl=0 IP=0038:00000000beca28e6 pc=00000000beca28e6 SP=0030:00000000bfec1ba0 env->regs[R_EAX]=0000000000002593
RAX=0000000000002593 RBX=00000000004c5c5e RCX=000000000000b008 RDX=000000000000b008
RSI=000000000004baf0 RDI=0000000000000000 RBP=00000000be210000 RSP=00000000bfec1ba0
R8 =00000000004c36cb R9 =00000000000003f6 R10=0000000000000000 R11=0000000000000000
R12=0000000000002710 R13=0000000000000000 R14=00000000be8a23d4 R15=0000000000000011
RIP=00000000beca28e6 RFL=00000206 [-----P-] CPL=0 II=0 A20=1 SMM=0 HLT=0
ES =0030 0000000000000000 ffffffff 00cf9300 DPL=0 DS   [-WA]
CS =0038 0000000000000000 ffffffff 00af9a00 DPL=0 CS64 [-R-]
SS =0030 0000000000000000 ffffffff 00cf9300 DPL=0 DS   [-WA]
DS =0030 0000000000000000 ffffffff 00cf9300 DPL=0 DS   [-WA]
FS =0030 0000000000000000 ffffffff 00cf9300 DPL=0 DS   [-WA]
GS =0030 0000000000000000 ffffffff 00cf9300 DPL=0 DS   [-WA]
LDT=0000 0000000000000000 0000ffff 00008200 DPL=0 LDT
TR =0000 0000000000000000 0000ffff 00008b00 DPL=0 TSS64-busy
GDT=     00000000bf9de000 00000047
IDT=     00000000bf4d2018 00000fff
CR0=80010033 CR2=0000000000000000 CR3=00000000bfc01000 CR4=00000668
DR0=0000000000000000 DR1=0000000000000000 DR2=0000000000000000 DR3=0000000000000000 
DR6=00000000ffff0ff0 DR7=0000000000000400
CCS=0000000000000004 CCD=0000000000002593 CCO=EFLAGS
EFER=0000000000000d00
Servicing hardware INT=0x20
   539: v=20 e=0000 i=0 cpl=0 IP=0038:00000000beca2896 pc=00000000beca2896 SP=0030:00000000bfec1da0 env->regs[R_EAX]=00000000004cc3fa
RAX=00000000004cc3fa RBX=0000000000000000 RCX=000000000000b008 RDX=000000000000b008
RSI=000000000004baf0 RDI=0000000000000000 RBP=00000000be210000 RSP=00000000bfec1da0
R8 =00000000004cc315 R9 =00000000000003f6 R10=0000000000000000 R11=0000000000000000
R12=000000000000b008 R13=0000000000000000 R14=00000000be8a23d4 R15=0000000000000011
RIP=00000000beca2896 RFL=00000293 [--S-A-C] CPL=0 II=0 A20=1 SMM=0 HLT=0
ES =0030 0000000000000000 ffffffff 00cf9300 DPL=0 DS   [-WA]
CS =0038 0000000000000000 ffffffff 00af9a00 DPL=0 CS64 [-R-]
SS =0030 0000000000000000 ffffffff 00cf9300 DPL=0 DS   [-WA]
DS =0030 0000000000000000 ffffffff 00cf9300 DPL=0 DS   [-WA]
FS =0030 0000000000000000 ffffffff 00cf9300 DPL=0 DS   [-WA]
GS =0030 0000000000000000 ffffffff 00cf9300 DPL=0 DS   [-WA]
LDT=0000 0000000000000000 0000ffff 00008200 DPL=0 LDT
TR =0000 0000000000000000 0000ffff 00008b00 DPL=0 TSS64-busy
GDT=     00000000bf9de000 00000047
IDT=     00000000bf4d2018 00000fff
CR0=80010033 CR2=0000000000000000 CR3=00000000bfc01000 CR4=00000668
DR0=0000000000000000 DR1=0000000000000000 DR2=0000000000000000 DR3=0000000000000000 
DR6=00000000ffff0ff0 DR7=0000000000000400
CCS=0000000000000091 CCD=fffffffffffffffe CCO=EFLAGS
EFER=0000000000000d00
Servicing hardware INT=0x20
   540: v=20 e=0000 i=0 cpl=0 IP=0038:00000000beca2896 pc=00000000beca2896 SP=0030:00000000bfec1da0 env->regs[R_EAX]=00000000004d4fe9
RAX=00000000004d4fe9 RBX=0000000000000000 RCX=000000000000b008 RDX=000000000000b008
RSI=000000000004baf0 RDI=0000000000000000 RBP=00000000be210000 RSP=00000000bfec1da0
R8 =00000000004d4ef2 R9 =00000000000003f6 R10=0000000000000000 R11=0000000000000000
R12=000000000000b008 R13=0000000000000000 R14=00000000be8a23d4 R15=0000000000000011
RIP=00000000beca2896 RFL=00000293 [--S-A-C] CPL=0 II=0 A20=1 SMM=0 HLT=0
ES =0030 0000000000000000 ffffffff 00cf9300 DPL=0 DS   [-WA]
CS =0038 0000000000000000 ffffffff 00af9a00 DPL=0 CS64 [-R-]
SS =0030 0000000000000000 ffffffff 00cf9300 DPL=0 DS   [-WA]
DS =0030 0000000000000000 ffffffff 00cf9300 DPL=0 DS   [-WA]
FS =0030 0000000000000000 ffffffff 00cf9300 DPL=0 DS   [-WA]
GS =0030 0000000000000000 ffffffff 00cf9300 DPL=0 DS   [-WA]
LDT=0000 0000000000000000 0000ffff 00008200 DPL=0 LDT
TR =0000 0000000000000000 0000ffff 00008b00 DPL=0 TSS64-busy
GDT=     00000000bf9de000 00000047
IDT=     00000000bf4d2018 00000fff
CR0=80010033 CR2=0000000000000000 CR3=00000000bfc01000 CR4=00000668
DR0=0000000000000000 DR1=0000000000000000 DR2=0000000000000000 DR3=0000000000000000 
DR6=00000000ffff0ff0 DR7=0000000000000400
CCS=0000000000000091 CCD=fffffffffffffffe CCO=EFLAGS
EFER=0000000000000d00
Servicing hardware INT=0x20
   541: v=20 e=0000 i=0 cpl=0 IP=0038:00000000beca28e6 pc=00000000beca28e6 SP=0030:00000000bfec1db0 env->regs[R_EAX]=00000000000056c5
RAX=00000000000056c5 RBX=00000000004e3060 RCX=000000000000b008 RDX=000000000000b008
RSI=000000000004baf0 RDI=0000000000000000 RBP=00000000be210000 RSP=00000000bfec1db0
R8 =00000000004dd99b R9 =00000000000003f6 R10=0000000000000000 R11=0000000000000000
R12=0000000000002710 R13=0000000000000000 R14=00000000be8a23d4 R15=0000000000000011
RIP=00000000beca28e6 RFL=00000206 [-----P-] CPL=0 II=0 A20=1 SMM=0 HLT=0
ES =0030 0000000000000000 ffffffff 00cf9300 DPL=0 DS   [-WA]
CS =0038 0000000000000000 ffffffff 00af9a00 DPL=0 CS64 [-R-]
SS =0030 0000000000000000 ffffffff 00cf9300 DPL=0 DS   [-WA]
DS =0030 0000000000000000 ffffffff 00cf9300 DPL=0 DS   [-WA]
FS =0030 0000000000000000 ffffffff 00cf9300 DPL=0 DS   [-WA]
GS =0030 0000000000000000 ffffffff 00cf9300 DPL=0 DS   [-WA]
LDT=0000 0000000000000000 0000ffff 00008200 DPL=0 LDT
TR =0000 0000000000000000 0000ffff 00008b00 DPL=0 TSS64-busy
GDT=     00000000bf9de000 00000047
IDT=     00000000bf4d2018 00000fff
CR0=80010033 CR2=0000000000000000 CR3=00000000bfc01000 CR4=00000668
DR0=0000000000000000 DR1=0000000000000000 DR2=0000000000000000 DR3=0000000000000000 
DR6=00000000ffff0ff0 DR7=0000000000000400
CCS=0000000000000004 CCD=00000000000056c5 CCO=EFLAGS
EFER=0000000000000d00
Servicing hardware INT=0x20
   542: v=20 e=0000 i=0 cpl=0 IP=0038:00000000beca28e6 pc=00000000beca28e6 SP=0030:00000000bfec1e00 env->regs[R_EAX]=00000000000068b7
RAX=00000000000068b7 RBX=00000000004eceec RCX=000000000000b008 RDX=000000000000b008
RSI=000000000004baf0 RDI=0000000000000000 RBP=00000000be210000 RSP=00000000bfec1e00
R8 =00000000004e6635 R9 =00000000000003f6 R10=0000000000000000 R11=0000000000000000
R12=0000000000002710 R13=0000000000000000 R14=00000000be8a23d4 R15=0000000000000011
RIP=00000000beca28e6 RFL=00000206 [-----P-] CPL=0 II=0 A20=1 SMM=0 HLT=0
ES =0030 0000000000000000 ffffffff 00cf9300 DPL=0 DS   [-WA]
CS =0038 0000000000000000 ffffffff 00af9a00 DPL=0 CS64 [-R-]
SS =0030 0000000000000000 ffffffff 00cf9300 DPL=0 DS   [-WA]
DS =0030 0000000000000000 ffffffff 00cf9300 DPL=0 DS   [-WA]
FS =0030 0000000000000000 ffffffff 00cf9300 DPL=0 DS   [-WA]
GS =0030 0000000000000000 ffffffff 00cf9300 DPL=0 DS   [-WA]
LDT=0000 0000000000000000 0000ffff 00008200 DPL=0 LDT
TR =0000 0000000000000000 0000ffff 00008b00 DPL=0 TSS64-busy
GDT=     00000000bf9de000 00000047
IDT=     00000000bf4d2018 00000fff
CR0=80010033 CR2=0000000000000000 CR3=00000000bfc01000 CR4=00000668
DR0=0000000000000000 DR1=0000000000000000 DR2=0000000000000000 DR3=0000000000000000 
DR6=00000000ffff0ff0 DR7=0000000000000400
CCS=0000000000000004 CCD=00000000000068b7 CCO=EFLAGS
EFER=0000000000000d00
Servicing hardware INT=0x20
   543: v=20 e=0000 i=0 cpl=0 IP=0038:00000000beca2896 pc=00000000beca2896 SP=0030:00000000bfec1ee0 env->regs[R_EAX]=00000000004ef35a
RAX=00000000004ef35a RBX=0000000000000000 RCX=000000000000b008 RDX=000000000000b008
RSI=000000000004baf0 RDI=0000000000000000 RBP=00000000be210000 RSP=00000000bfec1ee0
R8 =00000000004ef266 R9 =00000000000003f6 R10=0000000000000000 R11=0000000000000000
R12=000000000000b008 R13=0000000000000000 R14=00000000be8a23d4 R15=0000000000000011
RIP=00000000beca2896 RFL=00000293 [--S-A-C] CPL=0 II=0 A20=1 SMM=0 HLT=0
ES =0030 0000000000000000 ffffffff 00cf9300 DPL=0 DS   [-WA]
CS =0038 0000000000000000 ffffffff 00af9a00 DPL=0 CS64 [-R-]
SS =0030 0000000000000000 ffffffff 00cf9300 DPL=0 DS   [-WA]
DS =0030 0000000000000000 ffffffff 00cf9300 DPL=0 DS   [-WA]
FS =0030 0000000000000000 ffffffff 00cf9300 DPL=0 DS   [-WA]
GS =0030 0000000000000000 ffffffff 00cf9300 DPL=0 DS   [-WA]
LDT=0000 0000000000000000 0000ffff 00008200 DPL=0 LDT
TR =0000 0000000000000000 0000ffff 00008b00 DPL=0 TSS64-busy
GDT=     00000000bf9de000 00000047
IDT=     00000000bf4d2018 00000fff
CR0=80010033 CR2=0000000000000000 CR3=00000000bfc01000 CR4=00000668
DR0=0000000000000000 DR1=0000000000000000 DR2=0000000000000000 DR3=0000000000000000 
DR6=00000000ffff0ff0 DR7=0000000000000400
CCS=0000000000000091 CCD=fffffffffffffffe CCO=EFLAGS
EFER=0000000000000d00
Servicing hardware INT=0x20
   544: v=20 e=0000 i=0 cpl=0 IP=0038:00000000be24d151 pc=00000000be24d151 SP=0030:00000000bfec2670 env->regs[R_EAX]=00000000bfe06000
RAX=00000000bfe06000 RBX=00000000bfe06000 RCX=00000000bfe06013 RDX=0000000000000013
RSI=0000000000000012 RDI=00000000bfe06000 RBP=00000000bfec27f0 RSP=00000000bfec2670
R8 =00000000000000a7 R9 =0000000000000002 R10=00000000000001f2 R11=00000000000a0000
R12=00000000be25ad2d R13=00000000bfe5c000 R14=00000000bfe08000 R15=00000000bfe69000
RIP=00000000be24d151 RFL=00000206 [-----P-] CPL=0 II=0 A20=1 SMM=0 HLT=0
ES =0030 0000000000000000 ffffffff 00cf9300 DPL=0 DS   [-WA]
CS =0038 0000000000000000 ffffffff 00af9a00 DPL=0 CS64 [-R-]
SS =0030 0000000000000000 ffffffff 00cf9300 DPL=0 DS   [-WA]
DS =0030 0000000000000000 ffffffff 00cf9300 DPL=0 DS   [-WA]
FS =0030 0000000000000000 ffffffff 00cf9300 DPL=0 DS   [-WA]
GS =0030 0000000000000000 ffffffff 00cf9300 DPL=0 DS   [-WA]
LDT=0000 0000000000000000 0000ffff 00008200 DPL=0 LDT
TR =0000 0000000000000000 0000ffff 00008b00 DPL=0 TSS64-busy
GDT=     00000000bf9de000 00000047
IDT=     00000000bf4d2018 00000fff
CR0=80010033 CR2=0000000000000000 CR3=00000000bfc01000 CR4=00000668
DR0=0000000000000000 DR1=0000000000000000 DR2=0000000000000000 DR3=0000000000000000 
DR6=00000000ffff0ff0 DR7=0000000000000400
CCS=0000000000000004 CCD=0000000000000011 CCO=EFLAGS
EFER=0000000000000d00
Servicing hardware INT=0x20
   545: v=20 e=0000 i=0 cpl=0 IP=0038:00000000beca28e6 pc=00000000beca28e6 SP=0030:00000000bfec2200 env->regs[R_EAX]=0000000000004aa2
RAX=0000000000004aa2 RBX=00000000005053fe RCX=000000000000b008 RDX=000000000000b008
RSI=000000000004baf0 RDI=0000000000000000 RBP=00000000be210000 RSP=00000000bfec2200
R8 =000000000050095c R9 =00000000000003f6 R10=0000000000000000 R11=0000000000000000
R12=0000000000002710 R13=0000000000000000 R14=00000000be8a23d4 R15=0000000000000011
RIP=00000000beca28e6 RFL=00000202 [-------] CPL=0 II=0 A20=1 SMM=0 HLT=0
ES =0030 0000000000000000 ffffffff 00cf9300 DPL=0 DS   [-WA]
CS =0038 0000000000000000 ffffffff 00af9a00 DPL=0 CS64 [-R-]
SS =0030 0000000000000000 ffffffff 00cf9300 DPL=0 DS   [-WA]
DS =0030 0000000000000000 ffffffff 00cf9300 DPL=0 DS   [-WA]
FS =0030 0000000000000000 ffffffff 00cf9300 DPL=0 DS   [-WA]
GS =0030 0000000000000000 ffffffff 00cf9300 DPL=0 DS   [-WA]
LDT=0000 0000000000000000 0000ffff 00008200 DPL=0 LDT
TR =0000 0000000000000000 0000ffff 00008b00 DPL=0 TSS64-busy
GDT=     00000000bf9de000 00000047
IDT=     00000000bf4d2018 00000fff
CR0=80010033 CR2=0000000000000000 CR3=00000000bfc01000 CR4=00000668
DR0=0000000000000000 DR1=0000000000000000 DR2=0000000000000000 DR3=0000000000000000 
DR6=00000000ffff0ff0 DR7=0000000000000400
CCS=0000000000000000 CCD=0000000000004aa2 CCO=EFLAGS
EFER=0000000000000d00
Servicing hardware INT=0x20
   546: v=20 e=0000 i=0 cpl=0 IP=0038:00000000beca2896 pc=00000000beca2896 SP=0030:00000000bfec21a0 env->regs[R_EAX]=000000000050a3a1
RAX=000000000050a3a1 RBX=0000000000000000 RCX=000000000000b008 RDX=000000000000b008
RSI=000000000004baf0 RDI=0000000000000000 RBP=00000000be210000 RSP=00000000bfec21a0
R8 =000000000050a225 R9 =00000000000003f6 R10=0000000000000000 R11=0000000000000000
R12=000000000000b008 R13=0000000000000000 R14=00000000be8a23d4 R15=0000000000000011
RIP=00000000beca2896 RFL=00000293 [--S-A-C] CPL=0 II=0 A20=1 SMM=0 HLT=0
ES =0030 0000000000000000 ffffffff 00cf9300 DPL=0 DS   [-WA]
CS =0038 0000000000000000 ffffffff 00af9a00 DPL=0 CS64 [-R-]
SS =0030 0000000000000000 ffffffff 00cf9300 DPL=0 DS   [-WA]
DS =0030 0000000000000000 ffffffff 00cf9300 DPL=0 DS   [-WA]
FS =0030 0000000000000000 ffffffff 00cf9300 DPL=0 DS   [-WA]
GS =0030 0000000000000000 ffffffff 00cf9300 DPL=0 DS   [-WA]
LDT=0000 0000000000000000 0000ffff 00008200 DPL=0 LDT
TR =0000 0000000000000000 0000ffff 00008b00 DPL=0 TSS64-busy
GDT=     00000000bf9de000 00000047
IDT=     00000000bf4d2018 00000fff
CR0=80010033 CR2=0000000000000000 CR3=00000000bfc01000 CR4=00000668
DR0=0000000000000000 DR1=0000000000000000 DR2=0000000000000000 DR3=0000000000000000 
DR6=00000000ffff0ff0 DR7=0000000000000400
CCS=0000000000000091 CCD=fffffffffffffffe CCO=EFLAGS
EFER=0000000000000d00
Servicing hardware INT=0x20
   547: v=20 e=0000 i=0 cpl=0 IP=0038:00000000beca28e6 pc=00000000beca28e6 SP=0030:00000000bfec2200 env->regs[R_EAX]=0000000000006813
RAX=0000000000006813 RBX=00000000005189ca RCX=000000000000b008 RDX=000000000000b008
RSI=000000000004baf0 RDI=0000000000000000 RBP=00000000be210000 RSP=00000000bfec2200
R8 =00000000005121b7 R9 =00000000000003f6 R10=0000000000000000 R11=0000000000000000
R12=0000000000002710 R13=0000000000000000 R14=00000000be8a23d4 R15=0000000000000011
RIP=00000000beca28e6 RFL=00000202 [-------] CPL=0 II=0 A20=1 SMM=0 HLT=0
ES =0030 0000000000000000 ffffffff 00cf9300 DPL=0 DS   [-WA]
CS =0038 0000000000000000 ffffffff 00af9a00 DPL=0 CS64 [-R-]
SS =0030 0000000000000000 ffffffff 00cf9300 DPL=0 DS   [-WA]
DS =0030 0000000000000000 ffffffff 00cf9300 DPL=0 DS   [-WA]
FS =0030 0000000000000000 ffffffff 00cf9300 DPL=0 DS   [-WA]
GS =0030 0000000000000000 ffffffff 00cf9300 DPL=0 DS   [-WA]
LDT=0000 0000000000000000 0000ffff 00008200 DPL=0 LDT
TR =0000 0000000000000000 0000ffff 00008b00 DPL=0 TSS64-busy
GDT=     00000000bf9de000 00000047
IDT=     00000000bf4d2018 00000fff
CR0=80010033 CR2=0000000000000000 CR3=00000000bfc01000 CR4=00000668
DR0=0000000000000000 DR1=0000000000000000 DR2=0000000000000000 DR3=0000000000000000 
DR6=00000000ffff0ff0 DR7=0000000000000400
CCS=0000000000000000 CCD=0000000000006813 CCO=EFLAGS
EFER=0000000000000d00
Servicing hardware INT=0x20
   548: v=20 e=0000 i=0 cpl=0 IP=0038:00000000beca2896 pc=00000000beca2896 SP=0030:00000000bfec21a0 env->regs[R_EAX]=000000000051ad9f
RAX=000000000051ad9f RBX=0000000000000000 RCX=000000000000b008 RDX=000000000000b008
RSI=000000000004baf0 RDI=0000000000000000 RBP=00000000be210000 RSP=00000000bfec21a0
R8 =000000000051ad07 R9 =00000000000003f6 R10=0000000000000000 R11=0000000000000000
R12=000000000000b008 R13=0000000000000000 R14=00000000be8a23d4 R15=0000000000000011
RIP=00000000beca2896 RFL=00000293 [--S-A-C] CPL=0 II=0 A20=1 SMM=0 HLT=0
ES =0030 0000000000000000 ffffffff 00cf9300 DPL=0 DS   [-WA]
CS =0038 0000000000000000 ffffffff 00af9a00 DPL=0 CS64 [-R-]
SS =0030 0000000000000000 ffffffff 00cf9300 DPL=0 DS   [-WA]
DS =0030 0000000000000000 ffffffff 00cf9300 DPL=0 DS   [-WA]
FS =0030 0000000000000000 ffffffff 00cf9300 DPL=0 DS   [-WA]
GS =0030 0000000000000000 ffffffff 00cf9300 DPL=0 DS   [-WA]
LDT=0000 0000000000000000 0000ffff 00008200 DPL=0 LDT
TR =0000 0000000000000000 0000ffff 00008b00 DPL=0 TSS64-busy
GDT=     00000000bf9de000 00000047
IDT=     00000000bf4d2018 00000fff
CR0=80010033 CR2=0000000000000000 CR3=00000000bfc01000 CR4=00000668
DR0=0000000000000000 DR1=0000000000000000 DR2=0000000000000000 DR3=0000000000000000 
DR6=00000000ffff0ff0 DR7=0000000000000400
CCS=0000000000000091 CCD=fffffffffffffffe CCO=EFLAGS
EFER=0000000000000d00
Servicing hardware INT=0x20
   549: v=20 e=0000 i=0 cpl=0 IP=0038:00000000beca2896 pc=00000000beca2896 SP=0030:00000000bfec21a0 env->regs[R_EAX]=00000000005239ea
RAX=00000000005239ea RBX=0000000000000000 RCX=000000000000b008 RDX=000000000000b008
RSI=000000000004baf0 RDI=0000000000000000 RBP=00000000be210000 RSP=00000000bfec21a0
R8 =0000000000523951 R9 =00000000000003f6 R10=0000000000000000 R11=0000000000000000
R12=000000000000b008 R13=0000000000000000 R14=00000000be8a23d4 R15=0000000000000011
RIP=00000000beca2896 RFL=00000293 [--S-A-C] CPL=0 II=0 A20=1 SMM=0 HLT=0
ES =0030 0000000000000000 ffffffff 00cf9300 DPL=0 DS   [-WA]
CS =0038 0000000000000000 ffffffff 00af9a00 DPL=0 CS64 [-R-]
SS =0030 0000000000000000 ffffffff 00cf9300 DPL=0 DS   [-WA]
DS =0030 0000000000000000 ffffffff 00cf9300 DPL=0 DS   [-WA]
FS =0030 0000000000000000 ffffffff 00cf9300 DPL=0 DS   [-WA]
GS =0030 0000000000000000 ffffffff 00cf9300 DPL=0 DS   [-WA]
LDT=0000 0000000000000000 0000ffff 00008200 DPL=0 LDT
TR =0000 0000000000000000 0000ffff 00008b00 DPL=0 TSS64-busy
GDT=     00000000bf9de000 00000047
IDT=     00000000bf4d2018 00000fff
CR0=80010033 CR2=0000000000000000 CR3=00000000bfc01000 CR4=00000668
DR0=0000000000000000 DR1=0000000000000000 DR2=0000000000000000 DR3=0000000000000000 
DR6=00000000ffff0ff0 DR7=0000000000000400
CCS=0000000000000091 CCD=fffffffffffffffe CCO=EFLAGS
EFER=0000000000000d00
Servicing hardware INT=0x20
   550: v=20 e=0000 i=0 cpl=0 IP=0038:00000000bf0156ed pc=00000000bf0156ed SP=0030:00000000bfec20b0 env->regs[R_EAX]=0000000000000001
RAX=0000000000000001 RBX=0000000000000000 RCX=0000000000000001 RDX=0000000000000cf8
RSI=0000000000000000 RDI=0000000000000001 RBP=00000000bfec22d0 RSP=00000000bfec20b0
R8 =0000000000000000 R9 =0000000000000cf8 R10=0000000000000000 R11=0000000000000000
R12=0000000080000986 R13=0000000000000000 R14=00000000bf019f2b R15=00000000bf0193a0
RIP=00000000bf0156ed RFL=00000202 [-------] CPL=0 II=0 A20=1 SMM=0 HLT=0
ES =0030 0000000000000000 ffffffff 00cf9300 DPL=0 DS   [-WA]
CS =0038 0000000000000000 ffffffff 00af9a00 DPL=0 CS64 [-R-]
SS =0030 0000000000000000 ffffffff 00cf9300 DPL=0 DS   [-WA]
DS =0030 0000000000000000 ffffffff 00cf9300 DPL=0 DS   [-WA]
FS =0030 0000000000000000 ffffffff 00cf9300 DPL=0 DS   [-WA]
GS =0030 0000000000000000 ffffffff 00cf9300 DPL=0 DS   [-WA]
LDT=0000 0000000000000000 0000ffff 00008200 DPL=0 LDT
TR =0000 0000000000000000 0000ffff 00008b00 DPL=0 TSS64-busy
GDT=     00000000bf9de000 00000047
IDT=     00000000bf4d2018 00000fff
CR0=80010033 CR2=0000000000000000 CR3=00000000bfc01000 CR4=00000668
DR0=0000000000000000 DR1=0000000000000000 DR2=0000000000000000 DR3=0000000000000000 
DR6=00000000ffff0ff0 DR7=0000000000000400
CCS=0000000000000030 CCD=0000000000000001 CCO=LOGICB
EFER=0000000000000d00
Servicing hardware INT=0x20
   551: v=20 e=0000 i=0 cpl=0 IP=0038:00000000beca2896 pc=00000000beca2896 SP=0030:00000000bfec21a0 env->regs[R_EAX]=0000000000535148
RAX=0000000000535148 RBX=0000000000000000 RCX=000000000000b008 RDX=000000000000b008
RSI=000000000004baf0 RDI=0000000000000000 RBP=00000000be210000 RSP=00000000bfec21a0
R8 =0000000000535053 R9 =00000000000003f6 R10=0000000000000000 R11=0000000000000000
R12=000000000000b008 R13=0000000000000000 R14=00000000be8a23d4 R15=0000000000000011
RIP=00000000beca2896 RFL=00000293 [--S-A-C] CPL=0 II=0 A20=1 SMM=0 HLT=0
ES =0030 0000000000000000 ffffffff 00cf9300 DPL=0 DS   [-WA]
CS =0038 0000000000000000 ffffffff 00af9a00 DPL=0 CS64 [-R-]
SS =0030 0000000000000000 ffffffff 00cf9300 DPL=0 DS   [-WA]
DS =0030 0000000000000000 ffffffff 00cf9300 DPL=0 DS   [-WA]
FS =0030 0000000000000000 ffffffff 00cf9300 DPL=0 DS   [-WA]
GS =0030 0000000000000000 ffffffff 00cf9300 DPL=0 DS   [-WA]
LDT=0000 0000000000000000 0000ffff 00008200 DPL=0 LDT
TR =0000 0000000000000000 0000ffff 00008b00 DPL=0 TSS64-busy
GDT=     00000000bf9de000 00000047
IDT=     00000000bf4d2018 00000fff
CR0=80010033 CR2=0000000000000000 CR3=00000000bfc01000 CR4=00000668
DR0=0000000000000000 DR1=0000000000000000 DR2=0000000000000000 DR3=0000000000000000 
DR6=00000000ffff0ff0 DR7=0000000000000400
CCS=0000000000000091 CCD=fffffffffffffffe CCO=EFLAGS
EFER=0000000000000d00
Servicing hardware INT=0x20
   552: v=20 e=0000 i=0 cpl=0 IP=0038:00000000beca28e6 pc=00000000beca28e6 SP=0030:00000000bfec2200 env->regs[R_EAX]=0000000000001f62
RAX=0000000000001f62 RBX=000000000053fc4b RCX=000000000000b008 RDX=000000000000b008
RSI=000000000004baf0 RDI=0000000000000000 RBP=00000000be210000 RSP=00000000bfec2200
R8 =000000000053dce9 R9 =00000000000003f6 R10=0000000000000000 R11=0000000000000000
R12=0000000000002710 R13=0000000000000000 R14=00000000be8a23d4 R15=0000000000000011
RIP=00000000beca28e6 RFL=00000202 [-------] CPL=0 II=0 A20=1 SMM=0 HLT=0
ES =0030 0000000000000000 ffffffff 00cf9300 DPL=0 DS   [-WA]
CS =0038 0000000000000000 ffffffff 00af9a00 DPL=0 CS64 [-R-]
SS =0030 0000000000000000 ffffffff 00cf9300 DPL=0 DS   [-WA]
DS =0030 0000000000000000 ffffffff 00cf9300 DPL=0 DS   [-WA]
FS =0030 0000000000000000 ffffffff 00cf9300 DPL=0 DS   [-WA]
GS =0030 0000000000000000 ffffffff 00cf9300 DPL=0 DS   [-WA]
LDT=0000 0000000000000000 0000ffff 00008200 DPL=0 LDT
TR =0000 0000000000000000 0000ffff 00008b00 DPL=0 TSS64-busy
GDT=     00000000bf9de000 00000047
IDT=     00000000bf4d2018 00000fff
CR0=80010033 CR2=0000000000000000 CR3=00000000bfc01000 CR4=00000668
DR0=0000000000000000 DR1=0000000000000000 DR2=0000000000000000 DR3=0000000000000000 
DR6=00000000ffff0ff0 DR7=0000000000000400
CCS=0000000000000000 CCD=0000000000001f62 CCO=EFLAGS
EFER=0000000000000d00
Servicing hardware INT=0x20
   553: v=20 e=0000 i=0 cpl=0 IP=0038:00000000beca28e6 pc=00000000beca28e6 SP=0030:00000000bfec2200 env->regs[R_EAX]=0000000000002ea9
RAX=0000000000002ea9 RBX=000000000054968f RCX=000000000000b008 RDX=000000000000b008
RSI=000000000004baf0 RDI=0000000000000000 RBP=00000000be210000 RSP=00000000bfec2200
R8 =00000000005467e6 R9 =00000000000003f6 R10=0000000000000000 R11=0000000000000000
R12=0000000000002710 R13=0000000000000000 R14=00000000be8a23d4 R15=0000000000000011
RIP=00000000beca28e6 RFL=00000206 [-----P-] CPL=0 II=0 A20=1 SMM=0 HLT=0
ES =0030 0000000000000000 ffffffff 00cf9300 DPL=0 DS   [-WA]
CS =0038 0000000000000000 ffffffff 00af9a00 DPL=0 CS64 [-R-]
SS =0030 0000000000000000 ffffffff 00cf9300 DPL=0 DS   [-WA]
DS =0030 0000000000000000 ffffffff 00cf9300 DPL=0 DS   [-WA]
FS =0030 0000000000000000 ffffffff 00cf9300 DPL=0 DS   [-WA]
GS =0030 0000000000000000 ffffffff 00cf9300 DPL=0 DS   [-WA]
LDT=0000 0000000000000000 0000ffff 00008200 DPL=0 LDT
TR =0000 0000000000000000 0000ffff 00008b00 DPL=0 TSS64-busy
GDT=     00000000bf9de000 00000047
IDT=     00000000bf4d2018 00000fff
CR0=80010033 CR2=0000000000000000 CR3=00000000bfc01000 CR4=00000668
DR0=0000000000000000 DR1=0000000000000000 DR2=0000000000000000 DR3=0000000000000000 
DR6=00000000ffff0ff0 DR7=0000000000000400
CCS=0000000000000004 CCD=0000000000002ea9 CCO=EFLAGS
EFER=0000000000000d00
Servicing hardware INT=0x20
   554: v=20 e=0000 i=0 cpl=0 IP=0038:00000000beca2896 pc=00000000beca2896 SP=0030:00000000bfec21a0 env->regs[R_EAX]=000000000054f50b
RAX=000000000054f50b RBX=0000000000000000 RCX=000000000000b008 RDX=000000000000b008
RSI=000000000004baf0 RDI=0000000000000000 RBP=00000000be210000 RSP=00000000bfec21a0
R8 =000000000054f40e R9 =00000000000003f6 R10=0000000000000000 R11=0000000000000000
R12=000000000000b008 R13=0000000000000000 R14=00000000be8a23d4 R15=0000000000000011
RIP=00000000beca2896 RFL=00000293 [--S-A-C] CPL=0 II=0 A20=1 SMM=0 HLT=0
ES =0030 0000000000000000 ffffffff 00cf9300 DPL=0 DS   [-WA]
CS =0038 0000000000000000 ffffffff 00af9a00 DPL=0 CS64 [-R-]
SS =0030 0000000000000000 ffffffff 00cf9300 DPL=0 DS   [-WA]
DS =0030 0000000000000000 ffffffff 00cf9300 DPL=0 DS   [-WA]
FS =0030 0000000000000000 ffffffff 00cf9300 DPL=0 DS   [-WA]
GS =0030 0000000000000000 ffffffff 00cf9300 DPL=0 DS   [-WA]
LDT=0000 0000000000000000 0000ffff 00008200 DPL=0 LDT
TR =0000 0000000000000000 0000ffff 00008b00 DPL=0 TSS64-busy
GDT=     00000000bf9de000 00000047
IDT=     00000000bf4d2018 00000fff
CR0=80010033 CR2=0000000000000000 CR3=00000000bfc01000 CR4=00000668
DR0=0000000000000000 DR1=0000000000000000 DR2=0000000000000000 DR3=0000000000000000 
DR6=00000000ffff0ff0 DR7=0000000000000400
CCS=0000000000000091 CCD=fffffffffffffffe CCO=EFLAGS
EFER=0000000000000d00
Servicing hardware INT=0x20
   555: v=20 e=0000 i=0 cpl=0 IP=0038:00000000beca28e6 pc=00000000beca28e6 SP=0030:00000000bfec2200 env->regs[R_EAX]=00000000000053f1
RAX=00000000000053f1 RBX=000000000055d424 RCX=000000000000b008 RDX=000000000000b008
RSI=000000000004baf0 RDI=0000000000000000 RBP=00000000be210000 RSP=00000000bfec2200
R8 =0000000000558033 R9 =00000000000003f6 R10=0000000000000000 R11=0000000000000000
R12=0000000000002710 R13=0000000000000000 R14=00000000be8a23d4 R15=0000000000000011
RIP=00000000beca28e6 RFL=00000202 [-------] CPL=0 II=0 A20=1 SMM=0 HLT=0
ES =0030 0000000000000000 ffffffff 00cf9300 DPL=0 DS   [-WA]
CS =0038 0000000000000000 ffffffff 00af9a00 DPL=0 CS64 [-R-]
SS =0030 0000000000000000 ffffffff 00cf9300 DPL=0 DS   [-WA]
DS =0030 0000000000000000 ffffffff 00cf9300 DPL=0 DS   [-WA]
FS =0030 0000000000000000 ffffffff 00cf9300 DPL=0 DS   [-WA]
GS =0030 0000000000000000 ffffffff 00cf9300 DPL=0 DS   [-WA]
LDT=0000 0000000000000000 0000ffff 00008200 DPL=0 LDT
TR =0000 0000000000000000 0000ffff 00008b00 DPL=0 TSS64-busy
GDT=     00000000bf9de000 00000047
IDT=     00000000bf4d2018 00000fff
CR0=80010033 CR2=0000000000000000 CR3=00000000bfc01000 CR4=00000668
DR0=0000000000000000 DR1=0000000000000000 DR2=0000000000000000 DR3=0000000000000000 
DR6=00000000ffff0ff0 DR7=0000000000000400
CCS=0000000000000000 CCD=00000000000053f1 CCO=EFLAGS
EFER=0000000000000d00
Servicing hardware INT=0x20
   556: v=20 e=0000 i=0 cpl=0 IP=0038:00000000beca28e6 pc=00000000beca28e6 SP=0030:00000000bfec2200 env->regs[R_EAX]=0000000000006345
RAX=0000000000006345 RBX=0000000000566eb8 RCX=000000000000b008 RDX=000000000000b008
RSI=000000000004baf0 RDI=0000000000000000 RBP=00000000be210000 RSP=00000000bfec2200
R8 =0000000000560b73 R9 =00000000000003f6 R10=0000000000000000 R11=0000000000000000
R12=0000000000002710 R13=0000000000000000 R14=00000000be8a23d4 R15=0000000000000011
RIP=00000000beca28e6 RFL=00000202 [-------] CPL=0 II=0 A20=1 SMM=0 HLT=0
ES =0030 0000000000000000 ffffffff 00cf9300 DPL=0 DS   [-WA]
CS =0038 0000000000000000 ffffffff 00af9a00 DPL=0 CS64 [-R-]
SS =0030 0000000000000000 ffffffff 00cf9300 DPL=0 DS   [-WA]
DS =0030 0000000000000000 ffffffff 00cf9300 DPL=0 DS   [-WA]
FS =0030 0000000000000000 ffffffff 00cf9300 DPL=0 DS   [-WA]
GS =0030 0000000000000000 ffffffff 00cf9300 DPL=0 DS   [-WA]
LDT=0000 0000000000000000 0000ffff 00008200 DPL=0 LDT
TR =0000 0000000000000000 0000ffff 00008b00 DPL=0 TSS64-busy
GDT=     00000000bf9de000 00000047
IDT=     00000000bf4d2018 00000fff
CR0=80010033 CR2=0000000000000000 CR3=00000000bfc01000 CR4=00000668
DR0=0000000000000000 DR1=0000000000000000 DR2=0000000000000000 DR3=0000000000000000 
DR6=00000000ffff0ff0 DR7=0000000000000400
CCS=0000000000000000 CCD=0000000000006345 CCO=EFLAGS
EFER=0000000000000d00
Servicing hardware INT=0x20
   557: v=20 e=0000 i=0 cpl=0 IP=0038:00000000beca28e6 pc=00000000beca28e6 SP=0030:00000000bfec2200 env->regs[R_EAX]=000000000000717d
RAX=000000000000717d RBX=0000000000570908 RCX=000000000000b008 RDX=000000000000b008
RSI=000000000004baf0 RDI=0000000000000000 RBP=00000000be210000 RSP=00000000bfec2200
R8 =000000000056978b R9 =00000000000003f6 R10=0000000000000000 R11=0000000000000000
R12=0000000000002710 R13=0000000000000000 R14=00000000be8a23d4 R15=0000000000000011
RIP=00000000beca28e6 RFL=00000206 [-----P-] CPL=0 II=0 A20=1 SMM=0 HLT=0
ES =0030 0000000000000000 ffffffff 00cf9300 DPL=0 DS   [-WA]
CS =0038 0000000000000000 ffffffff 00af9a00 DPL=0 CS64 [-R-]
SS =0030 0000000000000000 ffffffff 00cf9300 DPL=0 DS   [-WA]
DS =0030 0000000000000000 ffffffff 00cf9300 DPL=0 DS   [-WA]
FS =0030 0000000000000000 ffffffff 00cf9300 DPL=0 DS   [-WA]
GS =0030 0000000000000000 ffffffff 00cf9300 DPL=0 DS   [-WA]
LDT=0000 0000000000000000 0000ffff 00008200 DPL=0 LDT
TR =0000 0000000000000000 0000ffff 00008b00 DPL=0 TSS64-busy
GDT=     00000000bf9de000 00000047
IDT=     00000000bf4d2018 00000fff
CR0=80010033 CR2=0000000000000000 CR3=00000000bfc01000 CR4=00000668
DR0=0000000000000000 DR1=0000000000000000 DR2=0000000000000000 DR3=0000000000000000 
DR6=00000000ffff0ff0 DR7=0000000000000400
CCS=0000000000000004 CCD=000000000000717d CCO=EFLAGS
EFER=0000000000000d00
Servicing hardware INT=0x20
   558: v=20 e=0000 i=0 cpl=0 IP=0038:00000000beca2896 pc=00000000beca2896 SP=0030:00000000bfec21a0 env->regs[R_EAX]=0000000000572393
RAX=0000000000572393 RBX=0000000000000000 RCX=000000000000b008 RDX=000000000000b008
RSI=000000000004baf0 RDI=0000000000000000 RBP=00000000be210000 RSP=00000000bfec21a0
R8 =000000000057229f R9 =00000000000003f6 R10=0000000000000000 R11=0000000000000000
R12=000000000000b008 R13=0000000000000000 R14=00000000be8a23d4 R15=0000000000000011
RIP=00000000beca2896 RFL=00000293 [--S-A-C] CPL=0 II=0 A20=1 SMM=0 HLT=0
ES =0030 0000000000000000 ffffffff 00cf9300 DPL=0 DS   [-WA]
CS =0038 0000000000000000 ffffffff 00af9a00 DPL=0 CS64 [-R-]
SS =0030 0000000000000000 ffffffff 00cf9300 DPL=0 DS   [-WA]
DS =0030 0000000000000000 ffffffff 00cf9300 DPL=0 DS   [-WA]
FS =0030 0000000000000000 ffffffff 00cf9300 DPL=0 DS   [-WA]
GS =0030 0000000000000000 ffffffff 00cf9300 DPL=0 DS   [-WA]
LDT=0000 0000000000000000 0000ffff 00008200 DPL=0 LDT
TR =0000 0000000000000000 0000ffff 00008b00 DPL=0 TSS64-busy
GDT=     00000000bf9de000 00000047
IDT=     00000000bf4d2018 00000fff
CR0=80010033 CR2=0000000000000000 CR3=00000000bfc01000 CR4=00000668
DR0=0000000000000000 DR1=0000000000000000 DR2=0000000000000000 DR3=0000000000000000 
DR6=00000000ffff0ff0 DR7=0000000000000400
CCS=0000000000000091 CCD=fffffffffffffffe CCO=EFLAGS
EFER=0000000000000d00
Servicing hardware INT=0x20
   559: v=20 e=0000 i=0 cpl=0 IP=0038:00000000bfee01fc pc=00000000bfee01fc SP=0030:00000000bfec2110 env->regs[R_EAX]=00000000000000af
RAX=00000000000000af RBX=0000000000010fff RCX=0000000000000000 RDX=00000000be210000
RSI=00000000be210000 RDI=00000000be221000 RBP=00000000bfbff3c0 RSP=00000000bfec2110
R8 =00000000000000af R9 =00000000be220fff R10=0000000000000000 R11=0000000000000000
R12=00000000be210000 R13=0000000000000011 R14=00000000be221000 R15=0000000000000007
RIP=00000000bfee01fc RFL=00000206 [-----P-] CPL=0 II=0 A20=1 SMM=0 HLT=0
ES =0030 0000000000000000 ffffffff 00cf9300 DPL=0 DS   [-WA]
CS =0038 0000000000000000 ffffffff 00af9a00 DPL=0 CS64 [-R-]
SS =0030 0000000000000000 ffffffff 00cf9300 DPL=0 DS   [-WA]
DS =0030 0000000000000000 ffffffff 00cf9300 DPL=0 DS   [-WA]
FS =0030 0000000000000000 ffffffff 00cf9300 DPL=0 DS   [-WA]
GS =0030 0000000000000000 ffffffff 00cf9300 DPL=0 DS   [-WA]
LDT=0000 0000000000000000 0000ffff 00008200 DPL=0 LDT
TR =0000 0000000000000000 0000ffff 00008b00 DPL=0 TSS64-busy
GDT=     00000000bf9de000 00000047
IDT=     00000000bf4d2018 00000fff
CR0=80010033 CR2=0000000000000000 CR3=00000000bfc01000 CR4=00000668
DR0=0000000000000000 DR1=0000000000000000 DR2=0000000000000000 DR3=0000000000000000 
DR6=00000000ffff0ff0 DR7=0000000000000400
CCS=0000000000000004 CCD=00000000bfec2100 CCO=EFLAGS
EFER=0000000000000d00
Servicing hardware INT=0x20
   560: v=20 e=0000 i=0 cpl=0 IP=0038:00000000beca28e6 pc=00000000beca28e6 SP=0030:00000000bfec2200 env->regs[R_EAX]=0000000000000f4b
RAX=0000000000000f4b RBX=0000000000584aab RCX=000000000000b008 RDX=000000000000b008
RSI=000000000004baf0 RDI=0000000000000000 RBP=00000000be210000 RSP=00000000bfec2200
R8 =0000000000583b60 R9 =00000000000003f6 R10=0000000000000000 R11=0000000000000000
R12=0000000000002710 R13=0000000000000000 R14=00000000be8a23d4 R15=0000000000000011
RIP=00000000beca28e6 RFL=00000206 [-----P-] CPL=0 II=0 A20=1 SMM=0 HLT=0
ES =0030 0000000000000000 ffffffff 00cf9300 DPL=0 DS   [-WA]
CS =0038 0000000000000000 ffffffff 00af9a00 DPL=0 CS64 [-R-]
SS =0030 0000000000000000 ffffffff 00cf9300 DPL=0 DS   [-WA]
DS =0030 0000000000000000 ffffffff 00cf9300 DPL=0 DS   [-WA]
FS =0030 0000000000000000 ffffffff 00cf9300 DPL=0 DS   [-WA]
GS =0030 0000000000000000 ffffffff 00cf9300 DPL=0 DS   [-WA]
LDT=0000 0000000000000000 0000ffff 00008200 DPL=0 LDT
TR =0000 0000000000000000 0000ffff 00008b00 DPL=0 TSS64-busy
GDT=     00000000bf9de000 00000047
IDT=     00000000bf4d2018 00000fff
CR0=80010033 CR2=0000000000000000 CR3=00000000bfc01000 CR4=00000668
DR0=0000000000000000 DR1=0000000000000000 DR2=0000000000000000 DR3=0000000000000000 
DR6=00000000ffff0ff0 DR7=0000000000000400
CCS=0000000000000004 CCD=0000000000000f4b CCO=EFLAGS
EFER=0000000000000d00
Servicing hardware INT=0x20
   561: v=20 e=0000 i=0 cpl=0 IP=0038:00000000beca28e6 pc=00000000beca28e6 SP=0030:00000000bfec2200 env->regs[R_EAX]=000000000000248d
RAX=000000000000248d RBX=000000000058ec36 RCX=000000000000b008 RDX=000000000000b008
RSI=000000000004baf0 RDI=0000000000000000 RBP=00000000be210000 RSP=00000000bfec2200
R8 =000000000058c7a9 R9 =00000000000003f6 R10=0000000000000000 R11=0000000000000000
R12=0000000000002710 R13=0000000000000000 R14=00000000be8a23d4 R15=0000000000000011
RIP=00000000beca28e6 RFL=00000206 [-----P-] CPL=0 II=0 A20=1 SMM=0 HLT=0
ES =0030 0000000000000000 ffffffff 00cf9300 DPL=0 DS   [-WA]
CS =0038 0000000000000000 ffffffff 00af9a00 DPL=0 CS64 [-R-]
SS =0030 0000000000000000 ffffffff 00cf9300 DPL=0 DS   [-WA]
DS =0030 0000000000000000 ffffffff 00cf9300 DPL=0 DS   [-WA]
FS =0030 0000000000000000 ffffffff 00cf9300 DPL=0 DS   [-WA]
GS =0030 0000000000000000 ffffffff 00cf9300 DPL=0 DS   [-WA]
LDT=0000 0000000000000000 0000ffff 00008200 DPL=0 LDT
TR =0000 0000000000000000 0000ffff 00008b00 DPL=0 TSS64-busy
GDT=     00000000bf9de000 00000047
IDT=     00000000bf4d2018 00000fff
CR0=80010033 CR2=0000000000000000 CR3=00000000bfc01000 CR4=00000668
DR0=0000000000000000 DR1=0000000000000000 DR2=0000000000000000 DR3=0000000000000000 
DR6=00000000ffff0ff0 DR7=0000000000000400
CCS=0000000000000004 CCD=000000000000248d CCO=EFLAGS
EFER=0000000000000d00
Servicing hardware INT=0x20
   562: v=20 e=0000 i=0 cpl=0 IP=0038:00000000beca2896 pc=00000000beca2896 SP=0030:00000000bfec21a0 env->regs[R_EAX]=000000000059541c
RAX=000000000059541c RBX=0000000000000000 RCX=000000000000b008 RDX=000000000000b008
RSI=000000000004baf0 RDI=0000000000000000 RBP=00000000be210000 RSP=00000000bfec21a0
R8 =0000000000595328 R9 =00000000000003f6 R10=0000000000000000 R11=0000000000000000
R12=000000000000b008 R13=0000000000000000 R14=00000000be8a23d4 R15=0000000000000011
RIP=00000000beca2896 RFL=00000293 [--S-A-C] CPL=0 II=0 A20=1 SMM=0 HLT=0
ES =0030 0000000000000000 ffffffff 00cf9300 DPL=0 DS   [-WA]
CS =0038 0000000000000000 ffffffff 00af9a00 DPL=0 CS64 [-R-]
SS =0030 0000000000000000 ffffffff 00cf9300 DPL=0 DS   [-WA]
DS =0030 0000000000000000 ffffffff 00cf9300 DPL=0 DS   [-WA]
FS =0030 0000000000000000 ffffffff 00cf9300 DPL=0 DS   [-WA]
GS =0030 0000000000000000 ffffffff 00cf9300 DPL=0 DS   [-WA]
LDT=0000 0000000000000000 0000ffff 00008200 DPL=0 LDT
TR =0000 0000000000000000 0000ffff 00008b00 DPL=0 TSS64-busy
GDT=     00000000bf9de000 00000047
IDT=     00000000bf4d2018 00000fff
CR0=80010033 CR2=0000000000000000 CR3=00000000bfc01000 CR4=00000668
DR0=0000000000000000 DR1=0000000000000000 DR2=0000000000000000 DR3=0000000000000000 
DR6=00000000ffff0ff0 DR7=0000000000000400
CCS=0000000000000091 CCD=fffffffffffffffe CCO=EFLAGS
EFER=0000000000000d00
Servicing hardware INT=0x20
   563: v=20 e=0000 i=0 cpl=0 IP=0038:00000000beca2896 pc=00000000beca2896 SP=0030:00000000bfec21a0 env->regs[R_EAX]=000000000059ee9c
RAX=000000000059ee9c RBX=0000000000000000 RCX=000000000000b008 RDX=000000000000b008
RSI=000000000004baf0 RDI=0000000000000000 RBP=00000000be210000 RSP=00000000bfec21a0
R8 =000000000059ed21 R9 =00000000000003f6 R10=0000000000000000 R11=0000000000000000
R12=000000000000b008 R13=0000000000000000 R14=00000000be8a23d4 R15=0000000000000011
RIP=00000000beca2896 RFL=00000293 [--S-A-C] CPL=0 II=0 A20=1 SMM=0 HLT=0
ES =0030 0000000000000000 ffffffff 00cf9300 DPL=0 DS   [-WA]
CS =0038 0000000000000000 ffffffff 00af9a00 DPL=0 CS64 [-R-]
SS =0030 0000000000000000 ffffffff 00cf9300 DPL=0 DS   [-WA]
DS =0030 0000000000000000 ffffffff 00cf9300 DPL=0 DS   [-WA]
FS =0030 0000000000000000 ffffffff 00cf9300 DPL=0 DS   [-WA]
GS =0030 0000000000000000 ffffffff 00cf9300 DPL=0 DS   [-WA]
LDT=0000 0000000000000000 0000ffff 00008200 DPL=0 LDT
TR =0000 0000000000000000 0000ffff 00008b00 DPL=0 TSS64-busy
GDT=     00000000bf9de000 00000047
IDT=     00000000bf4d2018 00000fff
CR0=80010033 CR2=0000000000000000 CR3=00000000bfc01000 CR4=00000668
DR0=0000000000000000 DR1=0000000000000000 DR2=0000000000000000 DR3=0000000000000000 
DR6=00000000ffff0ff0 DR7=0000000000000400
CCS=0000000000000091 CCD=fffffffffffffffe CCO=EFLAGS
EFER=0000000000000d00
Servicing hardware INT=0x20
   564: v=20 e=0000 i=0 cpl=0 IP=0038:00000000beca2896 pc=00000000beca2896 SP=0030:00000000bfec21a0 env->regs[R_EAX]=00000000005a6c2a
RAX=00000000005a6c2a RBX=0000000000000000 RCX=000000000000b008 RDX=000000000000b008
RSI=000000000004baf0 RDI=0000000000000000 RBP=00000000be210000 RSP=00000000bfec21a0
R8 =00000000005a6b1f R9 =00000000000003f6 R10=0000000000000000 R11=0000000000000000
R12=000000000000b008 R13=0000000000000000 R14=00000000be8a23d4 R15=0000000000000011
RIP=00000000beca2896 RFL=00000293 [--S-A-C] CPL=0 II=0 A20=1 SMM=0 HLT=0
ES =0030 0000000000000000 ffffffff 00cf9300 DPL=0 DS   [-WA]
CS =0038 0000000000000000 ffffffff 00af9a00 DPL=0 CS64 [-R-]
SS =0030 0000000000000000 ffffffff 00cf9300 DPL=0 DS   [-WA]
DS =0030 0000000000000000 ffffffff 00cf9300 DPL=0 DS   [-WA]
FS =0030 0000000000000000 ffffffff 00cf9300 DPL=0 DS   [-WA]
GS =0030 0000000000000000 ffffffff 00cf9300 DPL=0 DS   [-WA]
LDT=0000 0000000000000000 0000ffff 00008200 DPL=0 LDT
TR =0000 0000000000000000 0000ffff 00008b00 DPL=0 TSS64-busy
GDT=     00000000bf9de000 00000047
IDT=     00000000bf4d2018 00000fff
CR0=80010033 CR2=0000000000000000 CR3=00000000bfc01000 CR4=00000668
DR0=0000000000000000 DR1=0000000000000000 DR2=0000000000000000 DR3=0000000000000000 
DR6=00000000ffff0ff0 DR7=0000000000000400
CCS=0000000000000091 CCD=fffffffffffffffe CCO=EFLAGS
EFER=0000000000000d00
Servicing hardware INT=0x20
   565: v=20 e=0000 i=0 cpl=0 IP=0038:00000000beca2896 pc=00000000beca2896 SP=0030:00000000bfec21a0 env->regs[R_EAX]=00000000005af6b1
RAX=00000000005af6b1 RBX=0000000000000000 RCX=000000000000b008 RDX=000000000000b008
RSI=000000000004baec RDI=0000000000000000 RBP=00000000be210000 RSP=00000000bfec21a0
R8 =00000000005af616 R9 =00000000000003f6 R10=0000000000000000 R11=0000000000000000
R12=000000000000b008 R13=0000000000000000 R14=00000000be8a23d4 R15=0000000000000011
RIP=00000000beca2896 RFL=00000293 [--S-A-C] CPL=0 II=0 A20=1 SMM=0 HLT=0
ES =0030 0000000000000000 ffffffff 00cf9300 DPL=0 DS   [-WA]
CS =0038 0000000000000000 ffffffff 00af9a00 DPL=0 CS64 [-R-]
SS =0030 0000000000000000 ffffffff 00cf9300 DPL=0 DS   [-WA]
DS =0030 0000000000000000 ffffffff 00cf9300 DPL=0 DS   [-WA]
FS =0030 0000000000000000 ffffffff 00cf9300 DPL=0 DS   [-WA]
GS =0030 0000000000000000 ffffffff 00cf9300 DPL=0 DS   [-WA]
LDT=0000 0000000000000000 0000ffff 00008200 DPL=0 LDT
TR =0000 0000000000000000 0000ffff 00008b00 DPL=0 TSS64-busy
GDT=     00000000bf9de000 00000047
IDT=     00000000bf4d2018 00000fff
CR0=80010033 CR2=0000000000000000 CR3=00000000bfc01000 CR4=00000668
DR0=0000000000000000 DR1=0000000000000000 DR2=0000000000000000 DR3=0000000000000000 
DR6=00000000ffff0ff0 DR7=0000000000000400
CCS=0000000000000091 CCD=fffffffffffffffe CCO=EFLAGS
EFER=0000000000000d00
Servicing hardware INT=0x20
   566: v=20 e=0000 i=0 cpl=0 IP=0038:00000000beca28e6 pc=00000000beca28e6 SP=0030:00000000bfec2200 env->regs[R_EAX]=0000000000008b3e
RAX=0000000000008b3e RBX=00000000005c0d47 RCX=000000000000b008 RDX=000000000000b008
RSI=000000000004baf0 RDI=0000000000000000 RBP=00000000be210000 RSP=00000000bfec2200
R8 =00000000005b8209 R9 =00000000000003f6 R10=0000000000000000 R11=0000000000000000
R12=0000000000002710 R13=0000000000000000 R14=00000000be8a23d4 R15=0000000000000011
RIP=00000000beca28e6 RFL=00000202 [-------] CPL=0 II=0 A20=1 SMM=0 HLT=0
ES =0030 0000000000000000 ffffffff 00cf9300 DPL=0 DS   [-WA]
CS =0038 0000000000000000 ffffffff 00af9a00 DPL=0 CS64 [-R-]
SS =0030 0000000000000000 ffffffff 00cf9300 DPL=0 DS   [-WA]
DS =0030 0000000000000000 ffffffff 00cf9300 DPL=0 DS   [-WA]
FS =0030 0000000000000000 ffffffff 00cf9300 DPL=0 DS   [-WA]
GS =0030 0000000000000000 ffffffff 00cf9300 DPL=0 DS   [-WA]
LDT=0000 0000000000000000 0000ffff 00008200 DPL=0 LDT
TR =0000 0000000000000000 0000ffff 00008b00 DPL=0 TSS64-busy
GDT=     00000000bf9de000 00000047
IDT=     00000000bf4d2018 00000fff
CR0=80010033 CR2=0000000000000000 CR3=00000000bfc01000 CR4=00000668
DR0=0000000000000000 DR1=0000000000000000 DR2=0000000000000000 DR3=0000000000000000 
DR6=00000000ffff0ff0 DR7=0000000000000400
CCS=0000000000000000 CCD=0000000000008b3e CCO=EFLAGS
EFER=0000000000000d00
Servicing hardware INT=0x20
   567: v=20 e=0000 i=0 cpl=0 IP=0038:00000000beca2896 pc=00000000beca2896 SP=0030:00000000bfec21a0 env->regs[R_EAX]=00000000005c0da4
RAX=00000000005c0da4 RBX=0000000000000000 RCX=000000000000b008 RDX=000000000000b008
RSI=000000000004baf0 RDI=0000000000000000 RBP=00000000be210000 RSP=00000000bfec21a0
R8 =00000000005c0d0f R9 =00000000000003f6 R10=0000000000000000 R11=0000000000000000
R12=000000000000b008 R13=0000000000000000 R14=00000000be8a23d4 R15=0000000000000011
RIP=00000000beca2896 RFL=00000293 [--S-A-C] CPL=0 II=0 A20=1 SMM=0 HLT=0
ES =0030 0000000000000000 ffffffff 00cf9300 DPL=0 DS   [-WA]
CS =0038 0000000000000000 ffffffff 00af9a00 DPL=0 CS64 [-R-]
SS =0030 0000000000000000 ffffffff 00cf9300 DPL=0 DS   [-WA]
DS =0030 0000000000000000 ffffffff 00cf9300 DPL=0 DS   [-WA]
FS =0030 0000000000000000 ffffffff 00cf9300 DPL=0 DS   [-WA]
GS =0030 0000000000000000 ffffffff 00cf9300 DPL=0 DS   [-WA]
LDT=0000 0000000000000000 0000ffff 00008200 DPL=0 LDT
TR =0000 0000000000000000 0000ffff 00008b00 DPL=0 TSS64-busy
GDT=     00000000bf9de000 00000047
IDT=     00000000bf4d2018 00000fff
CR0=80010033 CR2=0000000000000000 CR3=00000000bfc01000 CR4=00000668
DR0=0000000000000000 DR1=0000000000000000 DR2=0000000000000000 DR3=0000000000000000 
DR6=00000000ffff0ff0 DR7=0000000000000400
CCS=0000000000000091 CCD=fffffffffffffffe CCO=EFLAGS
EFER=0000000000000d00
Servicing hardware INT=0x20
   568: v=20 e=0000 i=0 cpl=0 IP=0038:00000000beca28e6 pc=00000000beca28e6 SP=0030:00000000bfec2200 env->regs[R_EAX]=000000000000103a
RAX=000000000000103a RBX=00000000005ca9f0 RCX=000000000000b008 RDX=000000000000b008
RSI=000000000004baf0 RDI=0000000000000000 RBP=00000000be210000 RSP=00000000bfec2200
R8 =00000000005c99b6 R9 =00000000000003f6 R10=0000000000000000 R11=0000000000000000
R12=0000000000002710 R13=0000000000000000 R14=00000000be8a23d4 R15=0000000000000011
RIP=00000000beca28e6 RFL=00000206 [-----P-] CPL=0 II=0 A20=1 SMM=0 HLT=0
ES =0030 0000000000000000 ffffffff 00cf9300 DPL=0 DS   [-WA]
CS =0038 0000000000000000 ffffffff 00af9a00 DPL=0 CS64 [-R-]
SS =0030 0000000000000000 ffffffff 00cf9300 DPL=0 DS   [-WA]
DS =0030 0000000000000000 ffffffff 00cf9300 DPL=0 DS   [-WA]
FS =0030 0000000000000000 ffffffff 00cf9300 DPL=0 DS   [-WA]
GS =0030 0000000000000000 ffffffff 00cf9300 DPL=0 DS   [-WA]
LDT=0000 0000000000000000 0000ffff 00008200 DPL=0 LDT
TR =0000 0000000000000000 0000ffff 00008b00 DPL=0 TSS64-busy
GDT=     00000000bf9de000 00000047
IDT=     00000000bf4d2018 00000fff
CR0=80010033 CR2=0000000000000000 CR3=00000000bfc01000 CR4=00000668
DR0=0000000000000000 DR1=0000000000000000 DR2=0000000000000000 DR3=0000000000000000 
DR6=00000000ffff0ff0 DR7=0000000000000400
CCS=0000000000000004 CCD=000000000000103a CCO=EFLAGS
EFER=0000000000000d00
Servicing hardware INT=0x20
   569: v=20 e=0000 i=0 cpl=0 IP=0038:00000000beca2896 pc=00000000beca2896 SP=0030:00000000bfec21a0 env->regs[R_EAX]=00000000005d2683
RAX=00000000005d2683 RBX=0000000000000000 RCX=000000000000b008 RDX=000000000000b008
RSI=000000000004baf0 RDI=0000000000000000 RBP=00000000be210000 RSP=00000000bfec21a0
R8 =00000000005d258e R9 =00000000000003f6 R10=0000000000000000 R11=0000000000000000
R12=000000000000b008 R13=0000000000000000 R14=00000000be8a23d4 R15=0000000000000011
RIP=00000000beca2896 RFL=00000293 [--S-A-C] CPL=0 II=0 A20=1 SMM=0 HLT=0
ES =0030 0000000000000000 ffffffff 00cf9300 DPL=0 DS   [-WA]
CS =0038 0000000000000000 ffffffff 00af9a00 DPL=0 CS64 [-R-]
SS =0030 0000000000000000 ffffffff 00cf9300 DPL=0 DS   [-WA]
DS =0030 0000000000000000 ffffffff 00cf9300 DPL=0 DS   [-WA]
FS =0030 0000000000000000 ffffffff 00cf9300 DPL=0 DS   [-WA]
GS =0030 0000000000000000 ffffffff 00cf9300 DPL=0 DS   [-WA]
LDT=0000 0000000000000000 0000ffff 00008200 DPL=0 LDT
TR =0000 0000000000000000 0000ffff 00008b00 DPL=0 TSS64-busy
GDT=     00000000bf9de000 00000047
IDT=     00000000bf4d2018 00000fff
CR0=80010033 CR2=0000000000000000 CR3=00000000bfc01000 CR4=00000668
DR0=0000000000000000 DR1=0000000000000000 DR2=0000000000000000 DR3=0000000000000000 
DR6=00000000ffff0ff0 DR7=0000000000000400
CCS=0000000000000091 CCD=fffffffffffffffe CCO=EFLAGS
EFER=0000000000000d00
Servicing hardware INT=0x20
   570: v=20 e=0000 i=0 cpl=0 IP=0038:00000000beca28e6 pc=00000000beca28e6 SP=0030:00000000bfec2200 env->regs[R_EAX]=0000000000003571
RAX=0000000000003571 RBX=00000000005de67d RCX=000000000000b008 RDX=000000000000b008
RSI=000000000004baf0 RDI=0000000000000000 RBP=00000000be210000 RSP=00000000bfec2200
R8 =00000000005db10c R9 =00000000000003f6 R10=0000000000000000 R11=0000000000000000
R12=0000000000002710 R13=0000000000000000 R14=00000000be8a23d4 R15=0000000000000011
RIP=00000000beca28e6 RFL=00000206 [-----P-] CPL=0 II=0 A20=1 SMM=0 HLT=0
ES =0030 0000000000000000 ffffffff 00cf9300 DPL=0 DS   [-WA]
CS =0038 0000000000000000 ffffffff 00af9a00 DPL=0 CS64 [-R-]
SS =0030 0000000000000000 ffffffff 00cf9300 DPL=0 DS   [-WA]
DS =0030 0000000000000000 ffffffff 00cf9300 DPL=0 DS   [-WA]
FS =0030 0000000000000000 ffffffff 00cf9300 DPL=0 DS   [-WA]
GS =0030 0000000000000000 ffffffff 00cf9300 DPL=0 DS   [-WA]
LDT=0000 0000000000000000 0000ffff 00008200 DPL=0 LDT
TR =0000 0000000000000000 0000ffff 00008b00 DPL=0 TSS64-busy
GDT=     00000000bf9de000 00000047
IDT=     00000000bf4d2018 00000fff
CR0=80010033 CR2=0000000000000000 CR3=00000000bfc01000 CR4=00000668
DR0=0000000000000000 DR1=0000000000000000 DR2=0000000000000000 DR3=0000000000000000 
DR6=00000000ffff0ff0 DR7=0000000000000400
CCS=0000000000000004 CCD=0000000000003571 CCO=EFLAGS
EFER=0000000000000d00
Servicing hardware INT=0x20
   571: v=20 e=0000 i=0 cpl=0 IP=0038:00000000beca2896 pc=00000000beca2896 SP=0030:00000000bfec21a0 env->regs[R_EAX]=00000000005e3db5
RAX=00000000005e3db5 RBX=0000000000000000 RCX=000000000000b008 RDX=000000000000b008
RSI=000000000004baf0 RDI=0000000000000000 RBP=00000000be210000 RSP=00000000bfec21a0
R8 =00000000005e3d13 R9 =00000000000003f6 R10=0000000000000000 R11=0000000000000000
R12=000000000000b008 R13=0000000000000000 R14=00000000be8a23d4 R15=0000000000000011
RIP=00000000beca2896 RFL=00000293 [--S-A-C] CPL=0 II=0 A20=1 SMM=0 HLT=0
ES =0030 0000000000000000 ffffffff 00cf9300 DPL=0 DS   [-WA]
CS =0038 0000000000000000 ffffffff 00af9a00 DPL=0 CS64 [-R-]
SS =0030 0000000000000000 ffffffff 00cf9300 DPL=0 DS   [-WA]
DS =0030 0000000000000000 ffffffff 00cf9300 DPL=0 DS   [-WA]
FS =0030 0000000000000000 ffffffff 00cf9300 DPL=0 DS   [-WA]
GS =0030 0000000000000000 ffffffff 00cf9300 DPL=0 DS   [-WA]
LDT=0000 0000000000000000 0000ffff 00008200 DPL=0 LDT
TR =0000 0000000000000000 0000ffff 00008b00 DPL=0 TSS64-busy
GDT=     00000000bf9de000 00000047
IDT=     00000000bf4d2018 00000fff
CR0=80010033 CR2=0000000000000000 CR3=00000000bfc01000 CR4=00000668
DR0=0000000000000000 DR1=0000000000000000 DR2=0000000000000000 DR3=0000000000000000 
DR6=00000000ffff0ff0 DR7=0000000000000400
CCS=0000000000000091 CCD=fffffffffffffffe CCO=EFLAGS
EFER=0000000000000d00
Servicing hardware INT=0x20
   572: v=20 e=0000 i=0 cpl=0 IP=0038:00000000beca2896 pc=00000000beca2896 SP=0030:00000000bfec21a0 env->regs[R_EAX]=00000000005ec9f5
RAX=00000000005ec9f5 RBX=0000000000000000 RCX=000000000000b008 RDX=000000000000b008
RSI=000000000004baf0 RDI=0000000000000000 RBP=00000000be210000 RSP=00000000bfec21a0
R8 =00000000005ec8e5 R9 =00000000000003f6 R10=0000000000000000 R11=0000000000000000
R12=000000000000b008 R13=0000000000000000 R14=00000000be8a23d4 R15=0000000000000011
RIP=00000000beca2896 RFL=00000293 [--S-A-C] CPL=0 II=0 A20=1 SMM=0 HLT=0
ES =0030 0000000000000000 ffffffff 00cf9300 DPL=0 DS   [-WA]
CS =0038 0000000000000000 ffffffff 00af9a00 DPL=0 CS64 [-R-]
SS =0030 0000000000000000 ffffffff 00cf9300 DPL=0 DS   [-WA]
DS =0030 0000000000000000 ffffffff 00cf9300 DPL=0 DS   [-WA]
FS =0030 0000000000000000 ffffffff 00cf9300 DPL=0 DS   [-WA]
GS =0030 0000000000000000 ffffffff 00cf9300 DPL=0 DS   [-WA]
LDT=0000 0000000000000000 0000ffff 00008200 DPL=0 LDT
TR =0000 0000000000000000 0000ffff 00008b00 DPL=0 TSS64-busy
GDT=     00000000bf9de000 00000047
IDT=     00000000bf4d2018 00000fff
CR0=80010033 CR2=0000000000000000 CR3=00000000bfc01000 CR4=00000668
DR0=0000000000000000 DR1=0000000000000000 DR2=0000000000000000 DR3=0000000000000000 
DR6=00000000ffff0ff0 DR7=0000000000000400
CCS=0000000000000091 CCD=fffffffffffffffe CCO=EFLAGS
EFER=0000000000000d00
Servicing hardware INT=0x20
   573: v=20 e=0000 i=0 cpl=0 IP=0038:00000000beca28e6 pc=00000000beca28e6 SP=0030:00000000bfec2200 env->regs[R_EAX]=000000000000698e
RAX=000000000000698e RBX=00000000005fbe62 RCX=000000000000b008 RDX=000000000000b008
RSI=000000000004baf0 RDI=0000000000000000 RBP=00000000be210000 RSP=00000000bfec2200
R8 =00000000005f54d4 R9 =00000000000003f6 R10=0000000000000000 R11=0000000000000000
R12=0000000000002710 R13=0000000000000000 R14=00000000be8a23d4 R15=0000000000000011
RIP=00000000beca28e6 RFL=00000206 [-----P-] CPL=0 II=0 A20=1 SMM=0 HLT=0
ES =0030 0000000000000000 ffffffff 00cf9300 DPL=0 DS   [-WA]
CS =0038 0000000000000000 ffffffff 00af9a00 DPL=0 CS64 [-R-]
SS =0030 0000000000000000 ffffffff 00cf9300 DPL=0 DS   [-WA]
DS =0030 0000000000000000 ffffffff 00cf9300 DPL=0 DS   [-WA]
FS =0030 0000000000000000 ffffffff 00cf9300 DPL=0 DS   [-WA]
GS =0030 0000000000000000 ffffffff 00cf9300 DPL=0 DS   [-WA]
LDT=0000 0000000000000000 0000ffff 00008200 DPL=0 LDT
TR =0000 0000000000000000 0000ffff 00008b00 DPL=0 TSS64-busy
GDT=     00000000bf9de000 00000047
IDT=     00000000bf4d2018 00000fff
CR0=80010033 CR2=0000000000000000 CR3=00000000bfc01000 CR4=00000668
DR0=0000000000000000 DR1=0000000000000000 DR2=0000000000000000 DR3=0000000000000000 
DR6=00000000ffff0ff0 DR7=0000000000000400
CCS=0000000000000004 CCD=000000000000698e CCO=EFLAGS
EFER=0000000000000d00
Servicing hardware INT=0x20
   574: v=20 e=0000 i=0 cpl=0 IP=0038:00000000beca28e6 pc=00000000beca28e6 SP=0030:00000000bfec2200 env->regs[R_EAX]=000000000000783e
RAX=000000000000783e RBX=00000000006058e7 RCX=000000000000b008 RDX=000000000000b008
RSI=000000000004baf0 RDI=0000000000000000 RBP=00000000be210000 RSP=00000000bfec2200
R8 =00000000005fe0a9 R9 =00000000000003f6 R10=0000000000000000 R11=0000000000000000
R12=0000000000002710 R13=0000000000000000 R14=00000000be8a23d4 R15=0000000000000011
RIP=00000000beca28e6 RFL=00000202 [-------] CPL=0 II=0 A20=1 SMM=0 HLT=0
ES =0030 0000000000000000 ffffffff 00cf9300 DPL=0 DS   [-WA]
CS =0038 0000000000000000 ffffffff 00af9a00 DPL=0 CS64 [-R-]
SS =0030 0000000000000000 ffffffff 00cf9300 DPL=0 DS   [-WA]
DS =0030 0000000000000000 ffffffff 00cf9300 DPL=0 DS   [-WA]
FS =0030 0000000000000000 ffffffff 00cf9300 DPL=0 DS   [-WA]
GS =0030 0000000000000000 ffffffff 00cf9300 DPL=0 DS   [-WA]
LDT=0000 0000000000000000 0000ffff 00008200 DPL=0 LDT
TR =0000 0000000000000000 0000ffff 00008b00 DPL=0 TSS64-busy
GDT=     00000000bf9de000 00000047
IDT=     00000000bf4d2018 00000fff
CR0=80010033 CR2=0000000000000000 CR3=00000000bfc01000 CR4=00000668
DR0=0000000000000000 DR1=0000000000000000 DR2=0000000000000000 DR3=0000000000000000 
DR6=00000000ffff0ff0 DR7=0000000000000400
CCS=0000000000000000 CCD=000000000000783e CCO=EFLAGS
EFER=0000000000000d00
Servicing hardware INT=0x20
   575: v=20 e=0000 i=0 cpl=0 IP=0038:00000000beca2896 pc=00000000beca2896 SP=0030:00000000bfec2140 env->regs[R_EAX]=0000000000606d02
RAX=0000000000606d02 RBX=0000000000000000 RCX=000000000000b008 RDX=000000000000b008
RSI=00000000be88be40 RDI=00000000ffffff00 RBP=00000000be2100c8 RSP=00000000bfec2140
R8 =0000000000606c17 R9 =00000000000001f7 R10=0000000000000000 R11=0000000000000000
R12=000000000000b008 R13=000000000004baf1 R14=00000000be8a23d4 R15=0000000000000011
RIP=00000000beca2896 RFL=00000293 [--S-A-C] CPL=0 II=0 A20=1 SMM=0 HLT=0
ES =0030 0000000000000000 ffffffff 00cf9300 DPL=0 DS   [-WA]
CS =0038 0000000000000000 ffffffff 00af9a00 DPL=0 CS64 [-R-]
SS =0030 0000000000000000 ffffffff 00cf9300 DPL=0 DS   [-WA]
DS =0030 0000000000000000 ffffffff 00cf9300 DPL=0 DS   [-WA]
FS =0030 0000000000000000 ffffffff 00cf9300 DPL=0 DS   [-WA]
GS =0030 0000000000000000 ffffffff 00cf9300 DPL=0 DS   [-WA]
LDT=0000 0000000000000000 0000ffff 00008200 DPL=0 LDT
TR =0000 0000000000000000 0000ffff 00008b00 DPL=0 TSS64-busy
GDT=     00000000bf9de000 00000047
IDT=     00000000bf4d2018 00000fff
CR0=80010033 CR2=0000000000000000 CR3=00000000bfc01000 CR4=00000668
DR0=0000000000000000 DR1=0000000000000000 DR2=0000000000000000 DR3=0000000000000000 
DR6=00000000ffff0ff0 DR7=0000000000000400
CCS=0000000000000091 CCD=fffffffffffffffe CCO=EFLAGS
EFER=0000000000000d00
Servicing hardware INT=0x20
   576: v=20 e=0000 i=0 cpl=0 IP=0038:00000000beca2896 pc=00000000beca2896 SP=0030:00000000bfec21a0 env->regs[R_EAX]=000000000060f907
RAX=000000000060f907 RBX=0000000000000000 RCX=000000000000b008 RDX=000000000000b008
RSI=000000000004baf0 RDI=0000000000000000 RBP=00000000be210000 RSP=00000000bfec21a0
R8 =000000000060f812 R9 =00000000000003f6 R10=0000000000000000 R11=0000000000000000
R12=000000000000b008 R13=0000000000000000 R14=00000000be8a23d4 R15=0000000000000011
RIP=00000000beca2896 RFL=00000293 [--S-A-C] CPL=0 II=0 A20=1 SMM=0 HLT=0
ES =0030 0000000000000000 ffffffff 00cf9300 DPL=0 DS   [-WA]
CS =0038 0000000000000000 ffffffff 00af9a00 DPL=0 CS64 [-R-]
SS =0030 0000000000000000 ffffffff 00cf9300 DPL=0 DS   [-WA]
DS =0030 0000000000000000 ffffffff 00cf9300 DPL=0 DS   [-WA]
FS =0030 0000000000000000 ffffffff 00cf9300 DPL=0 DS   [-WA]
GS =0030 0000000000000000 ffffffff 00cf9300 DPL=0 DS   [-WA]
LDT=0000 0000000000000000 0000ffff 00008200 DPL=0 LDT
TR =0000 0000000000000000 0000ffff 00008b00 DPL=0 TSS64-busy
GDT=     00000000bf9de000 00000047
IDT=     00000000bf4d2018 00000fff
CR0=80010033 CR2=0000000000000000 CR3=00000000bfc01000 CR4=00000668
DR0=0000000000000000 DR1=0000000000000000 DR2=0000000000000000 DR3=0000000000000000 
DR6=00000000ffff0ff0 DR7=0000000000000400
CCS=0000000000000091 CCD=fffffffffffffffe CCO=EFLAGS
EFER=0000000000000d00
Servicing hardware INT=0x20
   577: v=20 e=0000 i=0 cpl=0 IP=0038:00000000beca28e6 pc=00000000beca28e6 SP=0030:00000000bfec2200 env->regs[R_EAX]=00000000000015db
RAX=00000000000015db RBX=00000000006199ad RCX=000000000000b008 RDX=000000000000b008
RSI=000000000004baf0 RDI=0000000000000000 RBP=00000000be210000 RSP=00000000bfec2200
R8 =00000000006183d2 R9 =00000000000003f6 R10=0000000000000000 R11=0000000000000000
R12=0000000000002710 R13=0000000000000000 R14=00000000be8a23d4 R15=0000000000000011
RIP=00000000beca28e6 RFL=00000206 [-----P-] CPL=0 II=0 A20=1 SMM=0 HLT=0
ES =0030 0000000000000000 ffffffff 00cf9300 DPL=0 DS   [-WA]
CS =0038 0000000000000000 ffffffff 00af9a00 DPL=0 CS64 [-R-]
SS =0030 0000000000000000 ffffffff 00cf9300 DPL=0 DS   [-WA]
DS =0030 0000000000000000 ffffffff 00cf9300 DPL=0 DS   [-WA]
FS =0030 0000000000000000 ffffffff 00cf9300 DPL=0 DS   [-WA]
GS =0030 0000000000000000 ffffffff 00cf9300 DPL=0 DS   [-WA]
LDT=0000 0000000000000000 0000ffff 00008200 DPL=0 LDT
TR =0000 0000000000000000 0000ffff 00008b00 DPL=0 TSS64-busy
GDT=     00000000bf9de000 00000047
IDT=     00000000bf4d2018 00000fff
CR0=80010033 CR2=0000000000000000 CR3=00000000bfc01000 CR4=00000668
DR0=0000000000000000 DR1=0000000000000000 DR2=0000000000000000 DR3=0000000000000000 
DR6=00000000ffff0ff0 DR7=0000000000000400
CCS=0000000000000004 CCD=00000000000015db CCO=EFLAGS
EFER=0000000000000d00
Servicing hardware INT=0x20
   578: v=20 e=0000 i=0 cpl=0 IP=0038:00000000beca28e6 pc=00000000beca28e6 SP=0030:00000000bfec2200 env->regs[R_EAX]=0000000000002504
RAX=0000000000002504 RBX=0000000000623517 RCX=000000000000b008 RDX=000000000000b008
RSI=000000000004baf0 RDI=0000000000000000 RBP=00000000be210000 RSP=00000000bfec2200
R8 =0000000000621013 R9 =00000000000003f6 R10=0000000000000000 R11=0000000000000000
R12=0000000000002710 R13=0000000000000000 R14=00000000be8a23d4 R15=0000000000000011
RIP=00000000beca28e6 RFL=00000202 [-------] CPL=0 II=0 A20=1 SMM=0 HLT=0
ES =0030 0000000000000000 ffffffff 00cf9300 DPL=0 DS   [-WA]
CS =0038 0000000000000000 ffffffff 00af9a00 DPL=0 CS64 [-R-]
SS =0030 0000000000000000 ffffffff 00cf9300 DPL=0 DS   [-WA]
DS =0030 0000000000000000 ffffffff 00cf9300 DPL=0 DS   [-WA]
FS =0030 0000000000000000 ffffffff 00cf9300 DPL=0 DS   [-WA]
GS =0030 0000000000000000 ffffffff 00cf9300 DPL=0 DS   [-WA]
LDT=0000 0000000000000000 0000ffff 00008200 DPL=0 LDT
TR =0000 0000000000000000 0000ffff 00008b00 DPL=0 TSS64-busy
GDT=     00000000bf9de000 00000047
IDT=     00000000bf4d2018 00000fff
CR0=80010033 CR2=0000000000000000 CR3=00000000bfc01000 CR4=00000668
DR0=0000000000000000 DR1=0000000000000000 DR2=0000000000000000 DR3=0000000000000000 
DR6=00000000ffff0ff0 DR7=0000000000000400
CCS=0000000000000000 CCD=0000000000002504 CCO=EFLAGS
EFER=0000000000000d00
Servicing hardware INT=0x20
   579: v=20 e=0000 i=0 cpl=0 IP=0038:00000000beca2896 pc=00000000beca2896 SP=0030:00000000bfec21a0 env->regs[R_EAX]=0000000000629cd3
RAX=0000000000629cd3 RBX=0000000000000000 RCX=000000000000b008 RDX=000000000000b008
RSI=000000000004baf0 RDI=0000000000000000 RBP=00000000be210000 RSP=00000000bfec21a0
R8 =0000000000629bcf R9 =00000000000003f6 R10=0000000000000000 R11=0000000000000000
R12=000000000000b008 R13=0000000000000000 R14=00000000be8a23d4 R15=0000000000000011
RIP=00000000beca2896 RFL=00000293 [--S-A-C] CPL=0 II=0 A20=1 SMM=0 HLT=0
ES =0030 0000000000000000 ffffffff 00cf9300 DPL=0 DS   [-WA]
CS =0038 0000000000000000 ffffffff 00af9a00 DPL=0 CS64 [-R-]
SS =0030 0000000000000000 ffffffff 00cf9300 DPL=0 DS   [-WA]
DS =0030 0000000000000000 ffffffff 00cf9300 DPL=0 DS   [-WA]
FS =0030 0000000000000000 ffffffff 00cf9300 DPL=0 DS   [-WA]
GS =0030 0000000000000000 ffffffff 00cf9300 DPL=0 DS   [-WA]
LDT=0000 0000000000000000 0000ffff 00008200 DPL=0 LDT
TR =0000 0000000000000000 0000ffff 00008b00 DPL=0 TSS64-busy
GDT=     00000000bf9de000 00000047
IDT=     00000000bf4d2018 00000fff
CR0=80010033 CR2=0000000000000000 CR3=00000000bfc01000 CR4=00000668
DR0=0000000000000000 DR1=0000000000000000 DR2=0000000000000000 DR3=0000000000000000 
DR6=00000000ffff0ff0 DR7=0000000000000400
CCS=0000000000000091 CCD=fffffffffffffffe CCO=EFLAGS
EFER=0000000000000d00
Servicing hardware INT=0x20
   580: v=20 e=0000 i=0 cpl=0 IP=0038:00000000beca2896 pc=00000000beca2896 SP=0030:00000000bfec21a0 env->regs[R_EAX]=000000000063351c
RAX=000000000063351c RBX=0000000000000000 RCX=000000000000b008 RDX=000000000000b008
RSI=000000000004baf0 RDI=0000000000000000 RBP=00000000be210000 RSP=00000000bfec21a0
R8 =00000000006332ee R9 =00000000000003f6 R10=0000000000000000 R11=0000000000000000
R12=000000000000b008 R13=0000000000000000 R14=00000000be8a23d4 R15=0000000000000011
RIP=00000000beca2896 RFL=00000293 [--S-A-C] CPL=0 II=0 A20=1 SMM=0 HLT=0
ES =0030 0000000000000000 ffffffff 00cf9300 DPL=0 DS   [-WA]
CS =0038 0000000000000000 ffffffff 00af9a00 DPL=0 CS64 [-R-]
SS =0030 0000000000000000 ffffffff 00cf9300 DPL=0 DS   [-WA]
DS =0030 0000000000000000 ffffffff 00cf9300 DPL=0 DS   [-WA]
FS =0030 0000000000000000 ffffffff 00cf9300 DPL=0 DS   [-WA]
GS =0030 0000000000000000 ffffffff 00cf9300 DPL=0 DS   [-WA]
LDT=0000 0000000000000000 0000ffff 00008200 DPL=0 LDT
TR =0000 0000000000000000 0000ffff 00008b00 DPL=0 TSS64-busy
GDT=     00000000bf9de000 00000047
IDT=     00000000bf4d2018 00000fff
CR0=80010033 CR2=0000000000000000 CR3=00000000bfc01000 CR4=00000668
DR0=0000000000000000 DR1=0000000000000000 DR2=0000000000000000 DR3=0000000000000000 
DR6=00000000ffff0ff0 DR7=0000000000000400
CCS=0000000000000091 CCD=fffffffffffffffe CCO=EFLAGS
EFER=0000000000000d00
Servicing hardware INT=0x20
   581: v=20 e=0000 i=0 cpl=0 IP=0038:00000000beca28e6 pc=00000000beca28e6 SP=0030:00000000bfec2200 env->regs[R_EAX]=00000000000057dc
RAX=00000000000057dc RBX=0000000000640b77 RCX=000000000000b008 RDX=000000000000b008
RSI=000000000004baf0 RDI=0000000000000000 RBP=00000000be210000 RSP=00000000bfec2200
R8 =000000000063b39b R9 =00000000000003f6 R10=0000000000000000 R11=0000000000000000
R12=0000000000002710 R13=0000000000000000 R14=00000000be8a23d4 R15=0000000000000011
RIP=00000000beca28e6 RFL=00000202 [-------] CPL=0 II=0 A20=1 SMM=0 HLT=0
ES =0030 0000000000000000 ffffffff 00cf9300 DPL=0 DS   [-WA]
CS =0038 0000000000000000 ffffffff 00af9a00 DPL=0 CS64 [-R-]
SS =0030 0000000000000000 ffffffff 00cf9300 DPL=0 DS   [-WA]
DS =0030 0000000000000000 ffffffff 00cf9300 DPL=0 DS   [-WA]
FS =0030 0000000000000000 ffffffff 00cf9300 DPL=0 DS   [-WA]
GS =0030 0000000000000000 ffffffff 00cf9300 DPL=0 DS   [-WA]
LDT=0000 0000000000000000 0000ffff 00008200 DPL=0 LDT
TR =0000 0000000000000000 0000ffff 00008b00 DPL=0 TSS64-busy
GDT=     00000000bf9de000 00000047
IDT=     00000000bf4d2018 00000fff
CR0=80010033 CR2=0000000000000000 CR3=00000000bfc01000 CR4=00000668
DR0=0000000000000000 DR1=0000000000000000 DR2=0000000000000000 DR3=0000000000000000 
DR6=00000000ffff0ff0 DR7=0000000000000400
CCS=0000000000000000 CCD=00000000000057dc CCO=EFLAGS
EFER=0000000000000d00
Servicing hardware INT=0x20
   582: v=20 e=0000 i=0 cpl=0 IP=0038:00000000beca28e6 pc=00000000beca28e6 SP=0030:00000000bfec2200 env->regs[R_EAX]=0000000000007346
RAX=0000000000007346 RBX=000000000064b2c3 RCX=000000000000b008 RDX=000000000000b008
RSI=000000000004baf0 RDI=0000000000000000 RBP=00000000be210000 RSP=00000000bfec2200
R8 =0000000000643f7d R9 =00000000000003f6 R10=0000000000000000 R11=0000000000000000
R12=0000000000002710 R13=0000000000000000 R14=00000000be8a23d4 R15=0000000000000011
RIP=00000000beca28e6 RFL=00000202 [-------] CPL=0 II=0 A20=1 SMM=0 HLT=0
ES =0030 0000000000000000 ffffffff 00cf9300 DPL=0 DS   [-WA]
CS =0038 0000000000000000 ffffffff 00af9a00 DPL=0 CS64 [-R-]
SS =0030 0000000000000000 ffffffff 00cf9300 DPL=0 DS   [-WA]
DS =0030 0000000000000000 ffffffff 00cf9300 DPL=0 DS   [-WA]
FS =0030 0000000000000000 ffffffff 00cf9300 DPL=0 DS   [-WA]
GS =0030 0000000000000000 ffffffff 00cf9300 DPL=0 DS   [-WA]
LDT=0000 0000000000000000 0000ffff 00008200 DPL=0 LDT
TR =0000 0000000000000000 0000ffff 00008b00 DPL=0 TSS64-busy
GDT=     00000000bf9de000 00000047
IDT=     00000000bf4d2018 00000fff
CR0=80010033 CR2=0000000000000000 CR3=00000000bfc01000 CR4=00000668
DR0=0000000000000000 DR1=0000000000000000 DR2=0000000000000000 DR3=0000000000000000 
DR6=00000000ffff0ff0 DR7=0000000000000400
CCS=0000000000000000 CCD=0000000000007346 CCO=EFLAGS
EFER=0000000000000d00
Servicing hardware INT=0x20
   583: v=20 e=0000 i=0 cpl=0 IP=0038:00000000beca28e6 pc=00000000beca28e6 SP=0030:00000000bfec2200 env->regs[R_EAX]=00000000000081d7
RAX=00000000000081d7 RBX=0000000000654d61 RCX=000000000000b008 RDX=000000000000b008
RSI=000000000004baf0 RDI=0000000000000000 RBP=00000000be210000 RSP=00000000bfec2200
R8 =000000000064cb8a R9 =00000000000003f6 R10=0000000000000000 R11=0000000000000000
R12=0000000000002710 R13=0000000000000000 R14=00000000be8a23d4 R15=0000000000000011
RIP=00000000beca28e6 RFL=00000206 [-----P-] CPL=0 II=0 A20=1 SMM=0 HLT=0
ES =0030 0000000000000000 ffffffff 00cf9300 DPL=0 DS   [-WA]
CS =0038 0000000000000000 ffffffff 00af9a00 DPL=0 CS64 [-R-]
SS =0030 0000000000000000 ffffffff 00cf9300 DPL=0 DS   [-WA]
DS =0030 0000000000000000 ffffffff 00cf9300 DPL=0 DS   [-WA]
FS =0030 0000000000000000 ffffffff 00cf9300 DPL=0 DS   [-WA]
GS =0030 0000000000000000 ffffffff 00cf9300 DPL=0 DS   [-WA]
LDT=0000 0000000000000000 0000ffff 00008200 DPL=0 LDT
TR =0000 0000000000000000 0000ffff 00008b00 DPL=0 TSS64-busy
GDT=     00000000bf9de000 00000047
IDT=     00000000bf4d2018 00000fff
CR0=80010033 CR2=0000000000000000 CR3=00000000bfc01000 CR4=00000668
DR0=0000000000000000 DR1=0000000000000000 DR2=0000000000000000 DR3=0000000000000000 
DR6=00000000ffff0ff0 DR7=0000000000000400
CCS=0000000000000004 CCD=00000000000081d7 CCO=EFLAGS
EFER=0000000000000d00
Servicing hardware INT=0x20
   584: v=20 e=0000 i=0 cpl=0 IP=0038:00000000beca2896 pc=00000000beca2896 SP=0030:00000000bfec2140 env->regs[R_EAX]=0000000000655838
RAX=0000000000655838 RBX=0000000000000000 RCX=000000000000b008 RDX=000000000000b008
RSI=00000000be88be40 RDI=00000000ffffff00 RBP=00000000be2100c8 RSP=00000000bfec2140
R8 =0000000000655724 R9 =00000000000001f7 R10=0000000000000000 R11=0000000000000000
R12=000000000000b008 R13=000000000004baf1 R14=00000000be8a23d4 R15=0000000000000011
RIP=00000000beca2896 RFL=00000293 [--S-A-C] CPL=0 II=0 A20=1 SMM=0 HLT=0
ES =0030 0000000000000000 ffffffff 00cf9300 DPL=0 DS   [-WA]
CS =0038 0000000000000000 ffffffff 00af9a00 DPL=0 CS64 [-R-]
SS =0030 0000000000000000 ffffffff 00cf9300 DPL=0 DS   [-WA]
DS =0030 0000000000000000 ffffffff 00cf9300 DPL=0 DS   [-WA]
FS =0030 0000000000000000 ffffffff 00cf9300 DPL=0 DS   [-WA]
GS =0030 0000000000000000 ffffffff 00cf9300 DPL=0 DS   [-WA]
LDT=0000 0000000000000000 0000ffff 00008200 DPL=0 LDT
TR =0000 0000000000000000 0000ffff 00008b00 DPL=0 TSS64-busy
GDT=     00000000bf9de000 00000047
IDT=     00000000bf4d2018 00000fff
CR0=80010033 CR2=0000000000000000 CR3=00000000bfc01000 CR4=00000668
DR0=0000000000000000 DR1=0000000000000000 DR2=0000000000000000 DR3=0000000000000000 
DR6=00000000ffff0ff0 DR7=0000000000000400
CCS=0000000000000091 CCD=fffffffffffffffe CCO=EFLAGS
EFER=0000000000000d00
Servicing hardware INT=0x20
   585: v=20 e=0000 i=0 cpl=0 IP=0038:00000000beca2896 pc=00000000beca2896 SP=0030:00000000bfec21a0 env->regs[R_EAX]=000000000066001f
RAX=000000000066001f RBX=0000000000000000 RCX=000000000000b008 RDX=000000000000b008
RSI=000000000004baf0 RDI=0000000000000000 RBP=00000000be210000 RSP=00000000bfec21a0
R8 =000000000065fdd2 R9 =000000000000c082 R10=0000000000000000 R11=0000000000000000
R12=000000000000b008 R13=0000000000000000 R14=00000000be8a23d4 R15=0000000000000011
RIP=00000000beca2896 RFL=00000293 [--S-A-C] CPL=0 II=0 A20=1 SMM=0 HLT=0
ES =0030 0000000000000000 ffffffff 00cf9300 DPL=0 DS   [-WA]
CS =0038 0000000000000000 ffffffff 00af9a00 DPL=0 CS64 [-R-]
SS =0030 0000000000000000 ffffffff 00cf9300 DPL=0 DS   [-WA]
DS =0030 0000000000000000 ffffffff 00cf9300 DPL=0 DS   [-WA]
FS =0030 0000000000000000 ffffffff 00cf9300 DPL=0 DS   [-WA]
GS =0030 0000000000000000 ffffffff 00cf9300 DPL=0 DS   [-WA]
LDT=0000 0000000000000000 0000ffff 00008200 DPL=0 LDT
TR =0000 0000000000000000 0000ffff 00008b00 DPL=0 TSS64-busy
GDT=     00000000bf9de000 00000047
IDT=     00000000bf4d2018 00000fff
CR0=80010033 CR2=0000000000000000 CR3=00000000bfc01000 CR4=00000668
DR0=0000000000000000 DR1=0000000000000000 DR2=0000000000000000 DR3=0000000000000000 
DR6=00000000ffff0ff0 DR7=0000000000000400
CCS=0000000000000091 CCD=fffffffffffffffe CCO=EFLAGS
EFER=0000000000000d00
Servicing hardware INT=0x20
   586: v=20 e=0000 i=0 cpl=0 IP=0038:00000000beca28e6 pc=00000000beca28e6 SP=0030:00000000bfec2200 env->regs[R_EAX]=0000000000001f73
RAX=0000000000001f73 RBX=0000000000668e65 RCX=000000000000b008 RDX=000000000000b008
RSI=000000000004baef RDI=0000000000000000 RBP=00000000be210000 RSP=00000000bfec2200
R8 =0000000000666ef2 R9 =00000000000003f6 R10=0000000000000000 R11=0000000000000000
R12=0000000000002710 R13=0000000000000000 R14=00000000be8a23d4 R15=0000000000000011
RIP=00000000beca28e6 RFL=00000202 [-------] CPL=0 II=0 A20=1 SMM=0 HLT=0
ES =0030 0000000000000000 ffffffff 00cf9300 DPL=0 DS   [-WA]
CS =0038 0000000000000000 ffffffff 00af9a00 DPL=0 CS64 [-R-]
SS =0030 0000000000000000 ffffffff 00cf9300 DPL=0 DS   [-WA]
DS =0030 0000000000000000 ffffffff 00cf9300 DPL=0 DS   [-WA]
FS =0030 0000000000000000 ffffffff 00cf9300 DPL=0 DS   [-WA]
GS =0030 0000000000000000 ffffffff 00cf9300 DPL=0 DS   [-WA]
LDT=0000 0000000000000000 0000ffff 00008200 DPL=0 LDT
TR =0000 0000000000000000 0000ffff 00008b00 DPL=0 TSS64-busy
GDT=     00000000bf9de000 00000047
IDT=     00000000bf4d2018 00000fff
CR0=80010033 CR2=0000000000000000 CR3=00000000bfc01000 CR4=00000668
DR0=0000000000000000 DR1=0000000000000000 DR2=0000000000000000 DR3=0000000000000000 
DR6=00000000ffff0ff0 DR7=0000000000000400
CCS=0000000000000000 CCD=0000000000001f73 CCO=EFLAGS
EFER=0000000000000d00
Servicing hardware INT=0x20
   587: v=20 e=0000 i=0 cpl=0 IP=0038:00000000beca28e6 pc=00000000beca28e6 SP=0030:00000000bfec2200 env->regs[R_EAX]=0000000000003214
RAX=0000000000003214 RBX=00000000006729c8 RCX=000000000000b008 RDX=000000000000b008
RSI=000000000004baf0 RDI=0000000000000000 RBP=00000000be210000 RSP=00000000bfec2200
R8 =000000000066f7b4 R9 =00000000000003f6 R10=0000000000000000 R11=0000000000000000
R12=0000000000002710 R13=0000000000000000 R14=00000000be8a23d4 R15=0000000000000011
RIP=00000000beca28e6 RFL=00000206 [-----P-] CPL=0 II=0 A20=1 SMM=0 HLT=0
ES =0030 0000000000000000 ffffffff 00cf9300 DPL=0 DS   [-WA]
CS =0038 0000000000000000 ffffffff 00af9a00 DPL=0 CS64 [-R-]
SS =0030 0000000000000000 ffffffff 00cf9300 DPL=0 DS   [-WA]
DS =0030 0000000000000000 ffffffff 00cf9300 DPL=0 DS   [-WA]
FS =0030 0000000000000000 ffffffff 00cf9300 DPL=0 DS   [-WA]
GS =0030 0000000000000000 ffffffff 00cf9300 DPL=0 DS   [-WA]
LDT=0000 0000000000000000 0000ffff 00008200 DPL=0 LDT
TR =0000 0000000000000000 0000ffff 00008b00 DPL=0 TSS64-busy
GDT=     00000000bf9de000 00000047
IDT=     00000000bf4d2018 00000fff
CR0=80010033 CR2=0000000000000000 CR3=00000000bfc01000 CR4=00000668
DR0=0000000000000000 DR1=0000000000000000 DR2=0000000000000000 DR3=0000000000000000 
DR6=00000000ffff0ff0 DR7=0000000000000400
CCS=0000000000000004 CCD=0000000000003214 CCO=EFLAGS
EFER=0000000000000d00
Servicing hardware INT=0x20
   588: v=20 e=0000 i=0 cpl=0 IP=0038:00000000beca2896 pc=00000000beca2896 SP=0030:00000000bfec21a0 env->regs[R_EAX]=000000000067870e
RAX=000000000067870e RBX=0000000000000000 RCX=000000000000b008 RDX=000000000000b008
RSI=000000000004baf0 RDI=0000000000000000 RBP=00000000be210000 RSP=00000000bfec21a0
R8 =0000000000678689 R9 =00000000000003f6 R10=0000000000000000 R11=0000000000000000
R12=000000000000b008 R13=0000000000000000 R14=00000000be8a23d4 R15=0000000000000011
RIP=00000000beca2896 RFL=00000293 [--S-A-C] CPL=0 II=0 A20=1 SMM=0 HLT=0
ES =0030 0000000000000000 ffffffff 00cf9300 DPL=0 DS   [-WA]
CS =0038 0000000000000000 ffffffff 00af9a00 DPL=0 CS64 [-R-]
SS =0030 0000000000000000 ffffffff 00cf9300 DPL=0 DS   [-WA]
DS =0030 0000000000000000 ffffffff 00cf9300 DPL=0 DS   [-WA]
FS =0030 0000000000000000 ffffffff 00cf9300 DPL=0 DS   [-WA]
GS =0030 0000000000000000 ffffffff 00cf9300 DPL=0 DS   [-WA]
LDT=0000 0000000000000000 0000ffff 00008200 DPL=0 LDT
TR =0000 0000000000000000 0000ffff 00008b00 DPL=0 TSS64-busy
GDT=     00000000bf9de000 00000047
IDT=     00000000bf4d2018 00000fff
CR0=80010033 CR2=0000000000000000 CR3=00000000bfc01000 CR4=00000668
DR0=0000000000000000 DR1=0000000000000000 DR2=0000000000000000 DR3=0000000000000000 
DR6=00000000ffff0ff0 DR7=0000000000000400
CCS=0000000000000091 CCD=fffffffffffffffe CCO=EFLAGS
EFER=0000000000000d00
Servicing hardware INT=0x20
   589: v=20 e=0000 i=0 cpl=0 IP=0038:00000000beca2896 pc=00000000beca2896 SP=0030:00000000bfec21a0 env->regs[R_EAX]=000000000068128d
RAX=000000000068128d RBX=0000000000000000 RCX=000000000000b008 RDX=000000000000b008
RSI=000000000004bae7 RDI=0000000000000000 RBP=00000000be210000 RSP=00000000bfec21a0
R8 =00000000006811f3 R9 =00000000000003f6 R10=0000000000000000 R11=0000000000000000
R12=000000000000b008 R13=0000000000000000 R14=00000000be8a23d4 R15=0000000000000011
RIP=00000000beca2896 RFL=00000293 [--S-A-C] CPL=0 II=0 A20=1 SMM=0 HLT=0
ES =0030 0000000000000000 ffffffff 00cf9300 DPL=0 DS   [-WA]
CS =0038 0000000000000000 ffffffff 00af9a00 DPL=0 CS64 [-R-]
SS =0030 0000000000000000 ffffffff 00cf9300 DPL=0 DS   [-WA]
DS =0030 0000000000000000 ffffffff 00cf9300 DPL=0 DS   [-WA]
FS =0030 0000000000000000 ffffffff 00cf9300 DPL=0 DS   [-WA]
GS =0030 0000000000000000 ffffffff 00cf9300 DPL=0 DS   [-WA]
LDT=0000 0000000000000000 0000ffff 00008200 DPL=0 LDT
TR =0000 0000000000000000 0000ffff 00008b00 DPL=0 TSS64-busy
GDT=     00000000bf9de000 00000047
IDT=     00000000bf4d2018 00000fff
CR0=80010033 CR2=0000000000000000 CR3=00000000bfc01000 CR4=00000668
DR0=0000000000000000 DR1=0000000000000000 DR2=0000000000000000 DR3=0000000000000000 
DR6=00000000ffff0ff0 DR7=0000000000000400
CCS=0000000000000091 CCD=fffffffffffffffe CCO=EFLAGS
EFER=0000000000000d00
Servicing hardware INT=0x20
   590: v=20 e=0000 i=0 cpl=0 IP=0038:00000000beca28e6 pc=00000000beca28e6 SP=0030:00000000bfec2200 env->regs[R_EAX]=0000000000006d6a
RAX=0000000000006d6a RBX=0000000000690b44 RCX=000000000000b008 RDX=000000000000b008
RSI=000000000004baf0 RDI=0000000000000000 RBP=00000000be210000 RSP=00000000bfec2200
R8 =0000000000689dda R9 =00000000000003f6 R10=0000000000000000 R11=0000000000000000
R12=0000000000002710 R13=0000000000000000 R14=00000000be8a23d4 R15=0000000000000011
RIP=00000000beca28e6 RFL=00000206 [-----P-] CPL=0 II=0 A20=1 SMM=0 HLT=0
ES =0030 0000000000000000 ffffffff 00cf9300 DPL=0 DS   [-WA]
CS =0038 0000000000000000 ffffffff 00af9a00 DPL=0 CS64 [-R-]
SS =0030 0000000000000000 ffffffff 00cf9300 DPL=0 DS   [-WA]
DS =0030 0000000000000000 ffffffff 00cf9300 DPL=0 DS   [-WA]
FS =0030 0000000000000000 ffffffff 00cf9300 DPL=0 DS   [-WA]
GS =0030 0000000000000000 ffffffff 00cf9300 DPL=0 DS   [-WA]
LDT=0000 0000000000000000 0000ffff 00008200 DPL=0 LDT
TR =0000 0000000000000000 0000ffff 00008b00 DPL=0 TSS64-busy
GDT=     00000000bf9de000 00000047
IDT=     00000000bf4d2018 00000fff
CR0=80010033 CR2=0000000000000000 CR3=00000000bfc01000 CR4=00000668
DR0=0000000000000000 DR1=0000000000000000 DR2=0000000000000000 DR3=0000000000000000 
DR6=00000000ffff0ff0 DR7=0000000000000400
CCS=0000000000000004 CCD=0000000000006d6a CCO=EFLAGS
EFER=0000000000000d00
Servicing hardware INT=0x20
   591: v=20 e=0000 i=0 cpl=0 IP=0038:00000000beca2896 pc=00000000beca2896 SP=0030:00000000bfec21a0 env->regs[R_EAX]=0000000000692a9e
RAX=0000000000692a9e RBX=0000000000000000 RCX=000000000000b008 RDX=000000000000b008
RSI=000000000004baf0 RDI=0000000000000000 RBP=00000000be210000 RSP=00000000bfec21a0
R8 =0000000000692a18 R9 =00000000000003f6 R10=0000000000000000 R11=0000000000000000
R12=000000000000b008 R13=0000000000000000 R14=00000000be8a23d4 R15=0000000000000011
RIP=00000000beca2896 RFL=00000293 [--S-A-C] CPL=0 II=0 A20=1 SMM=0 HLT=0
ES =0030 0000000000000000 ffffffff 00cf9300 DPL=0 DS   [-WA]
CS =0038 0000000000000000 ffffffff 00af9a00 DPL=0 CS64 [-R-]
SS =0030 0000000000000000 ffffffff 00cf9300 DPL=0 DS   [-WA]
DS =0030 0000000000000000 ffffffff 00cf9300 DPL=0 DS   [-WA]
FS =0030 0000000000000000 ffffffff 00cf9300 DPL=0 DS   [-WA]
GS =0030 0000000000000000 ffffffff 00cf9300 DPL=0 DS   [-WA]
LDT=0000 0000000000000000 0000ffff 00008200 DPL=0 LDT
TR =0000 0000000000000000 0000ffff 00008b00 DPL=0 TSS64-busy
GDT=     00000000bf9de000 00000047
IDT=     00000000bf4d2018 00000fff
CR0=80010033 CR2=0000000000000000 CR3=00000000bfc01000 CR4=00000668
DR0=0000000000000000 DR1=0000000000000000 DR2=0000000000000000 DR3=0000000000000000 
DR6=00000000ffff0ff0 DR7=0000000000000400
CCS=0000000000000091 CCD=fffffffffffffffe CCO=EFLAGS
EFER=0000000000000d00
Servicing hardware INT=0x20
   592: v=20 e=0000 i=0 cpl=0 IP=0038:00000000beca28e6 pc=00000000beca28e6 SP=0030:00000000bfec2200 env->regs[R_EAX]=0000000000000096
RAX=0000000000000096 RBX=000000000069c232 RCX=000000000000b008 RDX=000000000000b008
RSI=000000000004baec RDI=0000000000000000 RBP=00000000be210000 RSP=00000000bfec2200
R8 =000000000069c19c R9 =000000000000c082 R10=0000000000000000 R11=0000000000000000
R12=0000000000000064 R13=0000000000000000 R14=00000000be8a23d4 R15=0000000000000011
RIP=00000000beca28e6 RFL=00000206 [-----P-] CPL=0 II=0 A20=1 SMM=0 HLT=0
ES =0030 0000000000000000 ffffffff 00cf9300 DPL=0 DS   [-WA]
CS =0038 0000000000000000 ffffffff 00af9a00 DPL=0 CS64 [-R-]
SS =0030 0000000000000000 ffffffff 00cf9300 DPL=0 DS   [-WA]
DS =0030 0000000000000000 ffffffff 00cf9300 DPL=0 DS   [-WA]
FS =0030 0000000000000000 ffffffff 00cf9300 DPL=0 DS   [-WA]
GS =0030 0000000000000000 ffffffff 00cf9300 DPL=0 DS   [-WA]
LDT=0000 0000000000000000 0000ffff 00008200 DPL=0 LDT
TR =0000 0000000000000000 0000ffff 00008b00 DPL=0 TSS64-busy
GDT=     00000000bf9de000 00000047
IDT=     00000000bf4d2018 00000fff
CR0=80010033 CR2=0000000000000000 CR3=00000000bfc01000 CR4=00000668
DR0=0000000000000000 DR1=0000000000000000 DR2=0000000000000000 DR3=0000000000000000 
DR6=00000000ffff0ff0 DR7=0000000000000400
CCS=0000000000000004 CCD=0000000000000096 CCO=EFLAGS
EFER=0000000000000d00
Servicing hardware INT=0x20
   593: v=20 e=0000 i=0 cpl=0 IP=0038:00000000beca28e6 pc=00000000beca28e6 SP=0030:00000000bfec2200 env->regs[R_EAX]=0000000000000f45
RAX=0000000000000f45 RBX=00000000006a5106 RCX=000000000000b008 RDX=000000000000b008
RSI=000000000004baeb RDI=0000000000000000 RBP=00000000be210000 RSP=00000000bfec2200
R8 =00000000006a41c1 R9 =00000000000003f6 R10=0000000000000000 R11=0000000000000000
R12=0000000000002710 R13=0000000000000000 R14=00000000be8a23d4 R15=0000000000000011
RIP=00000000beca28e6 RFL=00000202 [-------] CPL=0 II=0 A20=1 SMM=0 HLT=0
ES =0030 0000000000000000 ffffffff 00cf9300 DPL=0 DS   [-WA]
CS =0038 0000000000000000 ffffffff 00af9a00 DPL=0 CS64 [-R-]
SS =0030 0000000000000000 ffffffff 00cf9300 DPL=0 DS   [-WA]
DS =0030 0000000000000000 ffffffff 00cf9300 DPL=0 DS   [-WA]
FS =0030 0000000000000000 ffffffff 00cf9300 DPL=0 DS   [-WA]
GS =0030 0000000000000000 ffffffff 00cf9300 DPL=0 DS   [-WA]
LDT=0000 0000000000000000 0000ffff 00008200 DPL=0 LDT
TR =0000 0000000000000000 0000ffff 00008b00 DPL=0 TSS64-busy
GDT=     00000000bf9de000 00000047
IDT=     00000000bf4d2018 00000fff
CR0=80010033 CR2=0000000000000000 CR3=00000000bfc01000 CR4=00000668
DR0=0000000000000000 DR1=0000000000000000 DR2=0000000000000000 DR3=0000000000000000 
DR6=00000000ffff0ff0 DR7=0000000000000400
CCS=0000000000000000 CCD=0000000000000f45 CCO=EFLAGS
EFER=0000000000000d00
Servicing hardware INT=0x20
   594: v=20 e=0000 i=0 cpl=0 IP=0038:00000000beca2896 pc=00000000beca2896 SP=0030:00000000bfec21a0 env->regs[R_EAX]=00000000006acd36
RAX=00000000006acd36 RBX=0000000000000000 RCX=000000000000b008 RDX=000000000000b008
RSI=000000000004baf0 RDI=0000000000000000 RBP=00000000be210000 RSP=00000000bfec21a0
R8 =00000000006accb6 R9 =00000000000003f6 R10=0000000000000000 R11=0000000000000000
R12=000000000000b008 R13=0000000000000000 R14=00000000be8a23d4 R15=0000000000000011
RIP=00000000beca2896 RFL=00000293 [--S-A-C] CPL=0 II=0 A20=1 SMM=0 HLT=0
ES =0030 0000000000000000 ffffffff 00cf9300 DPL=0 DS   [-WA]
CS =0038 0000000000000000 ffffffff 00af9a00 DPL=0 CS64 [-R-]
SS =0030 0000000000000000 ffffffff 00cf9300 DPL=0 DS   [-WA]
DS =0030 0000000000000000 ffffffff 00cf9300 DPL=0 DS   [-WA]
FS =0030 0000000000000000 ffffffff 00cf9300 DPL=0 DS   [-WA]
GS =0030 0000000000000000 ffffffff 00cf9300 DPL=0 DS   [-WA]
LDT=0000 0000000000000000 0000ffff 00008200 DPL=0 LDT
TR =0000 0000000000000000 0000ffff 00008b00 DPL=0 TSS64-busy
GDT=     00000000bf9de000 00000047
IDT=     00000000bf4d2018 00000fff
CR0=80010033 CR2=0000000000000000 CR3=00000000bfc01000 CR4=00000668
DR0=0000000000000000 DR1=0000000000000000 DR2=0000000000000000 DR3=0000000000000000 
DR6=00000000ffff0ff0 DR7=0000000000000400
CCS=0000000000000091 CCD=fffffffffffffffe CCO=EFLAGS
EFER=0000000000000d00
Servicing hardware INT=0x20
   595: v=20 e=0000 i=0 cpl=0 IP=0038:00000000beca2896 pc=00000000beca2896 SP=0030:00000000bfec21a0 env->regs[R_EAX]=00000000006b5945
RAX=00000000006b5945 RBX=0000000000000000 RCX=000000000000b008 RDX=000000000000b008
RSI=000000000004baf0 RDI=0000000000000000 RBP=00000000be210000 RSP=00000000bfec21a0
R8 =00000000006b58b0 R9 =00000000000003f6 R10=0000000000000000 R11=0000000000000000
R12=000000000000b008 R13=0000000000000000 R14=00000000be8a23d4 R15=0000000000000011
RIP=00000000beca2896 RFL=00000293 [--S-A-C] CPL=0 II=0 A20=1 SMM=0 HLT=0
ES =0030 0000000000000000 ffffffff 00cf9300 DPL=0 DS   [-WA]
CS =0038 0000000000000000 ffffffff 00af9a00 DPL=0 CS64 [-R-]
SS =0030 0000000000000000 ffffffff 00cf9300 DPL=0 DS   [-WA]
DS =0030 0000000000000000 ffffffff 00cf9300 DPL=0 DS   [-WA]
FS =0030 0000000000000000 ffffffff 00cf9300 DPL=0 DS   [-WA]
GS =0030 0000000000000000 ffffffff 00cf9300 DPL=0 DS   [-WA]
LDT=0000 0000000000000000 0000ffff 00008200 DPL=0 LDT
TR =0000 0000000000000000 0000ffff 00008b00 DPL=0 TSS64-busy
GDT=     00000000bf9de000 00000047
IDT=     00000000bf4d2018 00000fff
CR0=80010033 CR2=0000000000000000 CR3=00000000bfc01000 CR4=00000668
DR0=0000000000000000 DR1=0000000000000000 DR2=0000000000000000 DR3=0000000000000000 
DR6=00000000ffff0ff0 DR7=0000000000000400
CCS=0000000000000091 CCD=fffffffffffffffe CCO=EFLAGS
EFER=0000000000000d00
Servicing hardware INT=0x20
   596: v=20 e=0000 i=0 cpl=0 IP=0038:00000000beca28e6 pc=00000000beca28e6 SP=0030:00000000bfec2200 env->regs[R_EAX]=00000000000041a3
RAX=00000000000041a3 RBX=00000000006c2678 RCX=000000000000b008 RDX=000000000000b008
RSI=000000000004baf0 RDI=0000000000000000 RBP=00000000be210000 RSP=00000000bfec2200
R8 =00000000006be4d5 R9 =00000000000003f6 R10=0000000000000000 R11=0000000000000000
R12=0000000000002710 R13=0000000000000000 R14=00000000be8a23d4 R15=0000000000000011
RIP=00000000beca28e6 RFL=00000206 [-----P-] CPL=0 II=0 A20=1 SMM=0 HLT=0
ES =0030 0000000000000000 ffffffff 00cf9300 DPL=0 DS   [-WA]
CS =0038 0000000000000000 ffffffff 00af9a00 DPL=0 CS64 [-R-]
SS =0030 0000000000000000 ffffffff 00cf9300 DPL=0 DS   [-WA]
DS =0030 0000000000000000 ffffffff 00cf9300 DPL=0 DS   [-WA]
FS =0030 0000000000000000 ffffffff 00cf9300 DPL=0 DS   [-WA]
GS =0030 0000000000000000 ffffffff 00cf9300 DPL=0 DS   [-WA]
LDT=0000 0000000000000000 0000ffff 00008200 DPL=0 LDT
TR =0000 0000000000000000 0000ffff 00008b00 DPL=0 TSS64-busy
GDT=     00000000bf9de000 00000047
IDT=     00000000bf4d2018 00000fff
CR0=80010033 CR2=0000000000000000 CR3=00000000bfc01000 CR4=00000668
DR0=0000000000000000 DR1=0000000000000000 DR2=0000000000000000 DR3=0000000000000000 
DR6=00000000ffff0ff0 DR7=0000000000000400
CCS=0000000000000004 CCD=00000000000041a3 CCO=EFLAGS
EFER=0000000000000d00
Servicing hardware INT=0x20
   597: v=20 e=0000 i=0 cpl=0 IP=0038:00000000beca28e6 pc=00000000beca28e6 SP=0030:00000000bfec2200 env->regs[R_EAX]=0000000000003b3f
RAX=0000000000003b3f RBX=00000000006cc0e1 RCX=000000000000b008 RDX=000000000000b008
RSI=000000000004baf0 RDI=0000000000000000 RBP=00000000be210000 RSP=00000000bfec2200
R8 =00000000006c85a2 R9 =00000000000003f6 R10=0000000000000000 R11=0000000000000000
R12=0000000000002710 R13=0000000000000000 R14=00000000be8a23d4 R15=0000000000000011
RIP=00000000beca28e6 RFL=00000206 [-----P-] CPL=0 II=0 A20=1 SMM=0 HLT=0
ES =0030 0000000000000000 ffffffff 00cf9300 DPL=0 DS   [-WA]
CS =0038 0000000000000000 ffffffff 00af9a00 DPL=0 CS64 [-R-]
SS =0030 0000000000000000 ffffffff 00cf9300 DPL=0 DS   [-WA]
DS =0030 0000000000000000 ffffffff 00cf9300 DPL=0 DS   [-WA]
FS =0030 0000000000000000 ffffffff 00cf9300 DPL=0 DS   [-WA]
GS =0030 0000000000000000 ffffffff 00cf9300 DPL=0 DS   [-WA]
LDT=0000 0000000000000000 0000ffff 00008200 DPL=0 LDT
TR =0000 0000000000000000 0000ffff 00008b00 DPL=0 TSS64-busy
GDT=     00000000bf9de000 00000047
IDT=     00000000bf4d2018 00000fff
CR0=80010033 CR2=0000000000000000 CR3=00000000bfc01000 CR4=00000668
DR0=0000000000000000 DR1=0000000000000000 DR2=0000000000000000 DR3=0000000000000000 
DR6=00000000ffff0ff0 DR7=0000000000000400
CCS=0000000000000004 CCD=0000000000003b3f CCO=EFLAGS
EFER=0000000000000d00
Servicing hardware INT=0x20
   598: v=20 e=0000 i=0 cpl=0 IP=0038:00000000beca2896 pc=00000000beca2896 SP=0030:00000000bfec21a0 env->regs[R_EAX]=00000000006cfcfa
RAX=00000000006cfcfa RBX=0000000000000000 RCX=000000000000b008 RDX=000000000000b008
RSI=000000000004baf0 RDI=0000000000000000 RBP=00000000be210000 RSP=00000000bfec21a0
R8 =00000000006cfc67 R9 =00000000000003f6 R10=0000000000000000 R11=0000000000000000
R12=000000000000b008 R13=0000000000000000 R14=00000000be8a23d4 R15=0000000000000011
RIP=00000000beca2896 RFL=00000293 [--S-A-C] CPL=0 II=0 A20=1 SMM=0 HLT=0
ES =0030 0000000000000000 ffffffff 00cf9300 DPL=0 DS   [-WA]
CS =0038 0000000000000000 ffffffff 00af9a00 DPL=0 CS64 [-R-]
SS =0030 0000000000000000 ffffffff 00cf9300 DPL=0 DS   [-WA]
DS =0030 0000000000000000 ffffffff 00cf9300 DPL=0 DS   [-WA]
FS =0030 0000000000000000 ffffffff 00cf9300 DPL=0 DS   [-WA]
GS =0030 0000000000000000 ffffffff 00cf9300 DPL=0 DS   [-WA]
LDT=0000 0000000000000000 0000ffff 00008200 DPL=0 LDT
TR =0000 0000000000000000 0000ffff 00008b00 DPL=0 TSS64-busy
GDT=     00000000bf9de000 00000047
IDT=     00000000bf4d2018 00000fff
CR0=80010033 CR2=0000000000000000 CR3=00000000bfc01000 CR4=00000668
DR0=0000000000000000 DR1=0000000000000000 DR2=0000000000000000 DR3=0000000000000000 
DR6=00000000ffff0ff0 DR7=0000000000000400
CCS=0000000000000091 CCD=fffffffffffffffe CCO=EFLAGS
EFER=0000000000000d00
Servicing hardware INT=0x20
   599: v=20 e=0000 i=0 cpl=0 IP=0038:00000000beca2896 pc=00000000beca2896 SP=0030:00000000bfec21a0 env->regs[R_EAX]=00000000006d8901
RAX=00000000006d8901 RBX=0000000000000000 RCX=000000000000b008 RDX=000000000000b008
RSI=000000000004bae8 RDI=0000000000000000 RBP=00000000be210000 RSP=00000000bfec21a0
R8 =00000000006d887c R9 =00000000000003f6 R10=0000000000000000 R11=0000000000000000
R12=000000000000b008 R13=0000000000000000 R14=00000000be8a23d4 R15=0000000000000011
RIP=00000000beca2896 RFL=00000293 [--S-A-C] CPL=0 II=0 A20=1 SMM=0 HLT=0
ES =0030 0000000000000000 ffffffff 00cf9300 DPL=0 DS   [-WA]
CS =0038 0000000000000000 ffffffff 00af9a00 DPL=0 CS64 [-R-]
SS =0030 0000000000000000 ffffffff 00cf9300 DPL=0 DS   [-WA]
DS =0030 0000000000000000 ffffffff 00cf9300 DPL=0 DS   [-WA]
FS =0030 0000000000000000 ffffffff 00cf9300 DPL=0 DS   [-WA]
GS =0030 0000000000000000 ffffffff 00cf9300 DPL=0 DS   [-WA]
LDT=0000 0000000000000000 0000ffff 00008200 DPL=0 LDT
TR =0000 0000000000000000 0000ffff 00008b00 DPL=0 TSS64-busy
GDT=     00000000bf9de000 00000047
IDT=     00000000bf4d2018 00000fff
CR0=80010033 CR2=0000000000000000 CR3=00000000bfc01000 CR4=00000668
DR0=0000000000000000 DR1=0000000000000000 DR2=0000000000000000 DR3=0000000000000000 
DR6=00000000ffff0ff0 DR7=0000000000000400
CCS=0000000000000091 CCD=fffffffffffffffe CCO=EFLAGS
EFER=0000000000000d00
Servicing hardware INT=0x20
   600: v=20 e=0000 i=0 cpl=0 IP=0038:00000000beca2896 pc=00000000beca2896 SP=0030:00000000bfec21a0 env->regs[R_EAX]=00000000006e148d
RAX=00000000006e148d RBX=0000000000000000 RCX=000000000000b008 RDX=000000000000b008
RSI=000000000004baf1 RDI=0000000000000000 RBP=00000000be210000 RSP=00000000bfec21a0
R8 =00000000006e13e2 R9 =000000000000c082 R10=0000000000000000 R11=0000000000000000
R12=000000000000b008 R13=0000000000000000 R14=00000000be8a23d4 R15=0000000000000011
RIP=00000000beca2896 RFL=00000293 [--S-A-C] CPL=0 II=0 A20=1 SMM=0 HLT=0
ES =0030 0000000000000000 ffffffff 00cf9300 DPL=0 DS   [-WA]
CS =0038 0000000000000000 ffffffff 00af9a00 DPL=0 CS64 [-R-]
SS =0030 0000000000000000 ffffffff 00cf9300 DPL=0 DS   [-WA]
DS =0030 0000000000000000 ffffffff 00cf9300 DPL=0 DS   [-WA]
FS =0030 0000000000000000 ffffffff 00cf9300 DPL=0 DS   [-WA]
GS =0030 0000000000000000 ffffffff 00cf9300 DPL=0 DS   [-WA]
LDT=0000 0000000000000000 0000ffff 00008200 DPL=0 LDT
TR =0000 0000000000000000 0000ffff 00008b00 DPL=0 TSS64-busy
GDT=     00000000bf9de000 00000047
IDT=     00000000bf4d2018 00000fff
CR0=80010033 CR2=0000000000000000 CR3=00000000bfc01000 CR4=00000668
DR0=0000000000000000 DR1=0000000000000000 DR2=0000000000000000 DR3=0000000000000000 
DR6=00000000ffff0ff0 DR7=0000000000000400
CCS=0000000000000091 CCD=fffffffffffffffe CCO=EFLAGS
EFER=0000000000000d00
Servicing hardware INT=0x20
   601: v=20 e=0000 i=0 cpl=0 IP=0038:00000000beca2896 pc=00000000beca2896 SP=0030:00000000bfec21a0 env->regs[R_EAX]=00000000006ea0cc
RAX=00000000006ea0cc RBX=0000000000000000 RCX=000000000000b008 RDX=000000000000b008
RSI=000000000004baf0 RDI=0000000000000000 RBP=00000000be210000 RSP=00000000bfec21a0
R8 =00000000006ea02f R9 =00000000000003f6 R10=0000000000000000 R11=0000000000000000
R12=000000000000b008 R13=0000000000000000 R14=00000000be8a23d4 R15=0000000000000011
RIP=00000000beca2896 RFL=00000293 [--S-A-C] CPL=0 II=0 A20=1 SMM=0 HLT=0
ES =0030 0000000000000000 ffffffff 00cf9300 DPL=0 DS   [-WA]
CS =0038 0000000000000000 ffffffff 00af9a00 DPL=0 CS64 [-R-]
SS =0030 0000000000000000 ffffffff 00cf9300 DPL=0 DS   [-WA]
DS =0030 0000000000000000 ffffffff 00cf9300 DPL=0 DS   [-WA]
FS =0030 0000000000000000 ffffffff 00cf9300 DPL=0 DS   [-WA]
GS =0030 0000000000000000 ffffffff 00cf9300 DPL=0 DS   [-WA]
LDT=0000 0000000000000000 0000ffff 00008200 DPL=0 LDT
TR =0000 0000000000000000 0000ffff 00008b00 DPL=0 TSS64-busy
GDT=     00000000bf9de000 00000047
IDT=     00000000bf4d2018 00000fff
CR0=80010033 CR2=0000000000000000 CR3=00000000bfc01000 CR4=00000668
DR0=0000000000000000 DR1=0000000000000000 DR2=0000000000000000 DR3=0000000000000000 
DR6=00000000ffff0ff0 DR7=0000000000000400
CCS=0000000000000091 CCD=fffffffffffffffe CCO=EFLAGS
EFER=0000000000000d00
Servicing hardware INT=0x20
   602: v=20 e=0000 i=0 cpl=0 IP=0038:00000000beca28e6 pc=00000000beca28e6 SP=0030:00000000bfec2200 env->regs[R_EAX]=000000000000115e
RAX=000000000000115e RBX=00000000006f3dab RCX=000000000000b008 RDX=000000000000b008
RSI=000000000004baf0 RDI=0000000000000000 RBP=00000000be210000 RSP=00000000bfec2200
R8 =00000000006f2c4d R9 =00000000000003f6 R10=0000000000000000 R11=0000000000000000
R12=0000000000002710 R13=0000000000000000 R14=00000000be8a23d4 R15=0000000000000011
RIP=00000000beca28e6 RFL=00000202 [-------] CPL=0 II=0 A20=1 SMM=0 HLT=0
ES =0030 0000000000000000 ffffffff 00cf9300 DPL=0 DS   [-WA]
CS =0038 0000000000000000 ffffffff 00af9a00 DPL=0 CS64 [-R-]
SS =0030 0000000000000000 ffffffff 00cf9300 DPL=0 DS   [-WA]
DS =0030 0000000000000000 ffffffff 00cf9300 DPL=0 DS   [-WA]
FS =0030 0000000000000000 ffffffff 00cf9300 DPL=0 DS   [-WA]
GS =0030 0000000000000000 ffffffff 00cf9300 DPL=0 DS   [-WA]
LDT=0000 0000000000000000 0000ffff 00008200 DPL=0 LDT
TR =0000 0000000000000000 0000ffff 00008b00 DPL=0 TSS64-busy
GDT=     00000000bf9de000 00000047
IDT=     00000000bf4d2018 00000fff
CR0=80010033 CR2=0000000000000000 CR3=00000000bfc01000 CR4=00000668
DR0=0000000000000000 DR1=0000000000000000 DR2=0000000000000000 DR3=0000000000000000 
DR6=00000000ffff0ff0 DR7=0000000000000400
CCS=0000000000000000 CCD=000000000000115e CCO=EFLAGS
EFER=0000000000000d00
Servicing hardware INT=0x20
   603: v=20 e=0000 i=0 cpl=0 IP=0038:00000000beca2896 pc=00000000beca2896 SP=0030:00000000bfec21a0 env->regs[R_EAX]=00000000006fb841
RAX=00000000006fb841 RBX=0000000000000000 RCX=000000000000b008 RDX=000000000000b008
RSI=000000000004baf0 RDI=0000000000000000 RBP=00000000be210000 RSP=00000000bfec21a0
R8 =00000000006fb755 R9 =00000000000003f6 R10=0000000000000000 R11=0000000000000000
R12=000000000000b008 R13=0000000000000000 R14=00000000be8a23d4 R15=0000000000000011
RIP=00000000beca2896 RFL=00000293 [--S-A-C] CPL=0 II=0 A20=1 SMM=0 HLT=0
ES =0030 0000000000000000 ffffffff 00cf9300 DPL=0 DS   [-WA]
CS =0038 0000000000000000 ffffffff 00af9a00 DPL=0 CS64 [-R-]
SS =0030 0000000000000000 ffffffff 00cf9300 DPL=0 DS   [-WA]
DS =0030 0000000000000000 ffffffff 00cf9300 DPL=0 DS   [-WA]
FS =0030 0000000000000000 ffffffff 00cf9300 DPL=0 DS   [-WA]
GS =0030 0000000000000000 ffffffff 00cf9300 DPL=0 DS   [-WA]
LDT=0000 0000000000000000 0000ffff 00008200 DPL=0 LDT
TR =0000 0000000000000000 0000ffff 00008b00 DPL=0 TSS64-busy
GDT=     00000000bf9de000 00000047
IDT=     00000000bf4d2018 00000fff
CR0=80010033 CR2=0000000000000000 CR3=00000000bfc01000 CR4=00000668
DR0=0000000000000000 DR1=0000000000000000 DR2=0000000000000000 DR3=0000000000000000 
DR6=00000000ffff0ff0 DR7=0000000000000400
CCS=0000000000000091 CCD=fffffffffffffffe CCO=EFLAGS
EFER=0000000000000d00
Servicing hardware INT=0x20
   604: v=20 e=0000 i=0 cpl=0 IP=0038:00000000beca2896 pc=00000000beca2896 SP=0030:00000000bfec21a0 env->regs[R_EAX]=00000000007043a5
RAX=00000000007043a5 RBX=0000000000000000 RCX=000000000000b008 RDX=000000000000b008
RSI=000000000004baf0 RDI=0000000000000000 RBP=00000000be210000 RSP=00000000bfec21a0
R8 =00000000007042de R9 =00000000000003f6 R10=0000000000000000 R11=0000000000000000
R12=000000000000b008 R13=0000000000000000 R14=00000000be8a23d4 R15=0000000000000011
RIP=00000000beca2896 RFL=00000293 [--S-A-C] CPL=0 II=0 A20=1 SMM=0 HLT=0
ES =0030 0000000000000000 ffffffff 00cf9300 DPL=0 DS   [-WA]
CS =0038 0000000000000000 ffffffff 00af9a00 DPL=0 CS64 [-R-]
SS =0030 0000000000000000 ffffffff 00cf9300 DPL=0 DS   [-WA]
DS =0030 0000000000000000 ffffffff 00cf9300 DPL=0 DS   [-WA]
FS =0030 0000000000000000 ffffffff 00cf9300 DPL=0 DS   [-WA]
GS =0030 0000000000000000 ffffffff 00cf9300 DPL=0 DS   [-WA]
LDT=0000 0000000000000000 0000ffff 00008200 DPL=0 LDT
TR =0000 0000000000000000 0000ffff 00008b00 DPL=0 TSS64-busy
GDT=     00000000bf9de000 00000047
IDT=     00000000bf4d2018 00000fff
CR0=80010033 CR2=0000000000000000 CR3=00000000bfc01000 CR4=00000668
DR0=0000000000000000 DR1=0000000000000000 DR2=0000000000000000 DR3=0000000000000000 
DR6=00000000ffff0ff0 DR7=0000000000000400
CCS=0000000000000091 CCD=fffffffffffffffe CCO=EFLAGS
EFER=0000000000000d00
Servicing hardware INT=0x20
   605: v=20 e=0000 i=0 cpl=0 IP=0038:00000000beca2896 pc=00000000beca2896 SP=0030:00000000bfec21a0 env->regs[R_EAX]=000000000070d0a4
RAX=000000000070d0a4 RBX=0000000000000000 RCX=000000000000b008 RDX=000000000000b008
RSI=000000000004baf0 RDI=0000000000000000 RBP=00000000be210000 RSP=00000000bfec21a0
R8 =000000000070cfa6 R9 =00000000000003f6 R10=0000000000000000 R11=0000000000000000
R12=000000000000b008 R13=0000000000000000 R14=00000000be8a23d4 R15=0000000000000011
RIP=00000000beca2896 RFL=00000293 [--S-A-C] CPL=0 II=0 A20=1 SMM=0 HLT=0
ES =0030 0000000000000000 ffffffff 00cf9300 DPL=0 DS   [-WA]
CS =0038 0000000000000000 ffffffff 00af9a00 DPL=0 CS64 [-R-]
SS =0030 0000000000000000 ffffffff 00cf9300 DPL=0 DS   [-WA]
DS =0030 0000000000000000 ffffffff 00cf9300 DPL=0 DS   [-WA]
FS =0030 0000000000000000 ffffffff 00cf9300 DPL=0 DS   [-WA]
GS =0030 0000000000000000 ffffffff 00cf9300 DPL=0 DS   [-WA]
LDT=0000 0000000000000000 0000ffff 00008200 DPL=0 LDT
TR =0000 0000000000000000 0000ffff 00008b00 DPL=0 TSS64-busy
GDT=     00000000bf9de000 00000047
IDT=     00000000bf4d2018 00000fff
CR0=80010033 CR2=0000000000000000 CR3=00000000bfc01000 CR4=00000668
DR0=0000000000000000 DR1=0000000000000000 DR2=0000000000000000 DR3=0000000000000000 
DR6=00000000ffff0ff0 DR7=0000000000000400
CCS=0000000000000091 CCD=fffffffffffffffe CCO=EFLAGS
EFER=0000000000000d00
Servicing hardware INT=0x20
   606: v=20 e=0000 i=0 cpl=0 IP=0038:00000000beca28e6 pc=00000000beca28e6 SP=0030:00000000bfec2200 env->regs[R_EAX]=0000000000005d83
RAX=0000000000005d83 RBX=000000000071b893 RCX=000000000000b008 RDX=000000000000b008
RSI=000000000004baef RDI=0000000000000000 RBP=00000000be210000 RSP=00000000bfec2200
R8 =0000000000715b10 R9 =00000000000003f6 R10=0000000000000000 R11=0000000000000000
R12=0000000000002710 R13=0000000000000000 R14=00000000be8a23d4 R15=0000000000000011
RIP=00000000beca28e6 RFL=00000202 [-------] CPL=0 II=0 A20=1 SMM=0 HLT=0
ES =0030 0000000000000000 ffffffff 00cf9300 DPL=0 DS   [-WA]
CS =0038 0000000000000000 ffffffff 00af9a00 DPL=0 CS64 [-R-]
SS =0030 0000000000000000 ffffffff 00cf9300 DPL=0 DS   [-WA]
DS =0030 0000000000000000 ffffffff 00cf9300 DPL=0 DS   [-WA]
FS =0030 0000000000000000 ffffffff 00cf9300 DPL=0 DS   [-WA]
GS =0030 0000000000000000 ffffffff 00cf9300 DPL=0 DS   [-WA]
LDT=0000 0000000000000000 0000ffff 00008200 DPL=0 LDT
TR =0000 0000000000000000 0000ffff 00008b00 DPL=0 TSS64-busy
GDT=     00000000bf9de000 00000047
IDT=     00000000bf4d2018 00000fff
CR0=80010033 CR2=0000000000000000 CR3=00000000bfc01000 CR4=00000668
DR0=0000000000000000 DR1=0000000000000000 DR2=0000000000000000 DR3=0000000000000000 
DR6=00000000ffff0ff0 DR7=0000000000000400
CCS=0000000000000000 CCD=0000000000005d83 CCO=EFLAGS
EFER=0000000000000d00
Servicing hardware INT=0x20
   607: v=20 e=0000 i=0 cpl=0 IP=0038:00000000beca28e6 pc=00000000beca28e6 SP=0030:00000000bfec2200 env->regs[R_EAX]=0000000000006d1a
RAX=0000000000006d1a RBX=00000000007253fd RCX=000000000000b008 RDX=000000000000b008
RSI=000000000004baf0 RDI=0000000000000000 RBP=00000000be210000 RSP=00000000bfec2200
R8 =000000000071e6e3 R9 =00000000000003f6 R10=0000000000000000 R11=0000000000000000
R12=0000000000002710 R13=0000000000000000 R14=00000000be8a23d4 R15=0000000000000011
RIP=00000000beca28e6 RFL=00000202 [-------] CPL=0 II=0 A20=1 SMM=0 HLT=0
ES =0030 0000000000000000 ffffffff 00cf9300 DPL=0 DS   [-WA]
CS =0038 0000000000000000 ffffffff 00af9a00 DPL=0 CS64 [-R-]
SS =0030 0000000000000000 ffffffff 00cf9300 DPL=0 DS   [-WA]
DS =0030 0000000000000000 ffffffff 00cf9300 DPL=0 DS   [-WA]
FS =0030 0000000000000000 ffffffff 00cf9300 DPL=0 DS   [-WA]
GS =0030 0000000000000000 ffffffff 00cf9300 DPL=0 DS   [-WA]
LDT=0000 0000000000000000 0000ffff 00008200 DPL=0 LDT
TR =0000 0000000000000000 0000ffff 00008b00 DPL=0 TSS64-busy
GDT=     00000000bf9de000 00000047
IDT=     00000000bf4d2018 00000fff
CR0=80010033 CR2=0000000000000000 CR3=00000000bfc01000 CR4=00000668
DR0=0000000000000000 DR1=0000000000000000 DR2=0000000000000000 DR3=0000000000000000 
DR6=00000000ffff0ff0 DR7=0000000000000400
CCS=0000000000000000 CCD=0000000000006d1a CCO=EFLAGS
EFER=0000000000000d00
Servicing hardware INT=0x20
   608: v=20 e=0000 i=0 cpl=0 IP=0038:00000000beca28e6 pc=00000000beca28e6 SP=0030:00000000bfec2200 env->regs[R_EAX]=0000000000007c06
RAX=0000000000007c06 RBX=000000000072ef19 RCX=000000000000b008 RDX=000000000000b008
RSI=000000000004baf0 RDI=0000000000000000 RBP=00000000be210000 RSP=00000000bfec2200
R8 =0000000000727313 R9 =00000000000003f6 R10=0000000000000000 R11=0000000000000000
R12=0000000000002710 R13=0000000000000000 R14=00000000be8a23d4 R15=0000000000000011
RIP=00000000beca28e6 RFL=00000206 [-----P-] CPL=0 II=0 A20=1 SMM=0 HLT=0
ES =0030 0000000000000000 ffffffff 00cf9300 DPL=0 DS   [-WA]
CS =0038 0000000000000000 ffffffff 00af9a00 DPL=0 CS64 [-R-]
SS =0030 0000000000000000 ffffffff 00cf9300 DPL=0 DS   [-WA]
DS =0030 0000000000000000 ffffffff 00cf9300 DPL=0 DS   [-WA]
FS =0030 0000000000000000 ffffffff 00cf9300 DPL=0 DS   [-WA]
GS =0030 0000000000000000 ffffffff 00cf9300 DPL=0 DS   [-WA]
LDT=0000 0000000000000000 0000ffff 00008200 DPL=0 LDT
TR =0000 0000000000000000 0000ffff 00008b00 DPL=0 TSS64-busy
GDT=     00000000bf9de000 00000047
IDT=     00000000bf4d2018 00000fff
CR0=80010033 CR2=0000000000000000 CR3=00000000bfc01000 CR4=00000668
DR0=0000000000000000 DR1=0000000000000000 DR2=0000000000000000 DR3=0000000000000000 
DR6=00000000ffff0ff0 DR7=0000000000000400
CCS=0000000000000004 CCD=0000000000007c06 CCO=EFLAGS
EFER=0000000000000d00
Servicing hardware INT=0x20
   609: v=20 e=0000 i=0 cpl=0 IP=0038:00000000beca2896 pc=00000000beca2896 SP=0030:00000000bfec21a0 env->regs[R_EAX]=0000000000730d26
RAX=0000000000730d26 RBX=0000000000000000 RCX=000000000000b008 RDX=000000000000b008
RSI=000000000004baec RDI=0000000000000000 RBP=00000000be210000 RSP=00000000bfec21a0
R8 =0000000000730a00 R9 =000000000000c082 R10=0000000000000000 R11=0000000000000000
R12=000000000000b008 R13=0000000000000000 R14=00000000be8a23d4 R15=0000000000000011
RIP=00000000beca2896 RFL=00000293 [--S-A-C] CPL=0 II=0 A20=1 SMM=0 HLT=0
ES =0030 0000000000000000 ffffffff 00cf9300 DPL=0 DS   [-WA]
CS =0038 0000000000000000 ffffffff 00af9a00 DPL=0 CS64 [-R-]
SS =0030 0000000000000000 ffffffff 00cf9300 DPL=0 DS   [-WA]
DS =0030 0000000000000000 ffffffff 00cf9300 DPL=0 DS   [-WA]
FS =0030 0000000000000000 ffffffff 00cf9300 DPL=0 DS   [-WA]
GS =0030 0000000000000000 ffffffff 00cf9300 DPL=0 DS   [-WA]
LDT=0000 0000000000000000 0000ffff 00008200 DPL=0 LDT
TR =0000 0000000000000000 0000ffff 00008b00 DPL=0 TSS64-busy
GDT=     00000000bf9de000 00000047
IDT=     00000000bf4d2018 00000fff
CR0=80010033 CR2=0000000000000000 CR3=00000000bfc01000 CR4=00000668
DR0=0000000000000000 DR1=0000000000000000 DR2=0000000000000000 DR3=0000000000000000 
DR6=00000000ffff0ff0 DR7=0000000000000400
CCS=0000000000000091 CCD=fffffffffffffffe CCO=EFLAGS
EFER=0000000000000d00
Servicing hardware INT=0x20
   610: v=20 e=0000 i=0 cpl=0 IP=0038:00000000beca28e6 pc=00000000beca28e6 SP=0030:00000000bfec2200 env->regs[R_EAX]=00000000000010dd
RAX=00000000000010dd RBX=0000000000739b76 RCX=000000000000b008 RDX=000000000000b008
RSI=000000000004baeb RDI=0000000000000000 RBP=00000000be210000 RSP=00000000bfec2200
R8 =0000000000738a99 R9 =00000000000003f6 R10=0000000000000000 R11=0000000000000000
R12=0000000000002710 R13=0000000000000000 R14=00000000be8a23d4 R15=0000000000000011
RIP=00000000beca28e6 RFL=00000206 [-----P-] CPL=0 II=0 A20=1 SMM=0 HLT=0
ES =0030 0000000000000000 ffffffff 00cf9300 DPL=0 DS   [-WA]
CS =0038 0000000000000000 ffffffff 00af9a00 DPL=0 CS64 [-R-]
SS =0030 0000000000000000 ffffffff 00cf9300 DPL=0 DS   [-WA]
DS =0030 0000000000000000 ffffffff 00cf9300 DPL=0 DS   [-WA]
FS =0030 0000000000000000 ffffffff 00cf9300 DPL=0 DS   [-WA]
GS =0030 0000000000000000 ffffffff 00cf9300 DPL=0 DS   [-WA]
LDT=0000 0000000000000000 0000ffff 00008200 DPL=0 LDT
TR =0000 0000000000000000 0000ffff 00008b00 DPL=0 TSS64-busy
GDT=     00000000bf9de000 00000047
IDT=     00000000bf4d2018 00000fff
CR0=80010033 CR2=0000000000000000 CR3=00000000bfc01000 CR4=00000668
DR0=0000000000000000 DR1=0000000000000000 DR2=0000000000000000 DR3=0000000000000000 
DR6=00000000ffff0ff0 DR7=0000000000000400
CCS=0000000000000004 CCD=00000000000010dd CCO=EFLAGS
EFER=0000000000000d00
Servicing hardware INT=0x20
   611: v=20 e=0000 i=0 cpl=0 IP=0038:00000000beca2896 pc=00000000beca2896 SP=0030:00000000bfec21a0 env->regs[R_EAX]=000000000074175b
RAX=000000000074175b RBX=0000000000000000 RCX=000000000000b008 RDX=000000000000b008
RSI=000000000004baf0 RDI=0000000000000000 RBP=00000000be210000 RSP=00000000bfec21a0
R8 =000000000074165c R9 =00000000000003f6 R10=0000000000000000 R11=0000000000000000
R12=000000000000b008 R13=0000000000000000 R14=00000000be8a23d4 R15=0000000000000011
RIP=00000000beca2896 RFL=00000293 [--S-A-C] CPL=0 II=0 A20=1 SMM=0 HLT=0
ES =0030 0000000000000000 ffffffff 00cf9300 DPL=0 DS   [-WA]
CS =0038 0000000000000000 ffffffff 00af9a00 DPL=0 CS64 [-R-]
SS =0030 0000000000000000 ffffffff 00cf9300 DPL=0 DS   [-WA]
DS =0030 0000000000000000 ffffffff 00cf9300 DPL=0 DS   [-WA]
FS =0030 0000000000000000 ffffffff 00cf9300 DPL=0 DS   [-WA]
GS =0030 0000000000000000 ffffffff 00cf9300 DPL=0 DS   [-WA]
LDT=0000 0000000000000000 0000ffff 00008200 DPL=0 LDT
TR =0000 0000000000000000 0000ffff 00008b00 DPL=0 TSS64-busy
GDT=     00000000bf9de000 00000047
IDT=     00000000bf4d2018 00000fff
CR0=80010033 CR2=0000000000000000 CR3=00000000bfc01000 CR4=00000668
DR0=0000000000000000 DR1=0000000000000000 DR2=0000000000000000 DR3=0000000000000000 
DR6=00000000ffff0ff0 DR7=0000000000000400
CCS=0000000000000091 CCD=fffffffffffffffe CCO=EFLAGS
EFER=0000000000000d00
Servicing hardware INT=0x20
   612: v=20 e=0000 i=0 cpl=0 IP=0038:00000000beca28e6 pc=00000000beca28e6 SP=0030:00000000bfec2200 env->regs[R_EAX]=0000000000002fb1
RAX=0000000000002fb1 RBX=000000000074d224 RCX=000000000000b008 RDX=000000000000b008
RSI=000000000004baf0 RDI=0000000000000000 RBP=00000000be210000 RSP=00000000bfec2200
R8 =000000000074a273 R9 =00000000000003f6 R10=0000000000000000 R11=0000000000000000
R12=0000000000002710 R13=0000000000000000 R14=00000000be8a23d4 R15=0000000000000011
RIP=00000000beca28e6 RFL=00000206 [-----P-] CPL=0 II=0 A20=1 SMM=0 HLT=0
ES =0030 0000000000000000 ffffffff 00cf9300 DPL=0 DS   [-WA]
CS =0038 0000000000000000 ffffffff 00af9a00 DPL=0 CS64 [-R-]
SS =0030 0000000000000000 ffffffff 00cf9300 DPL=0 DS   [-WA]
DS =0030 0000000000000000 ffffffff 00cf9300 DPL=0 DS   [-WA]
FS =0030 0000000000000000 ffffffff 00cf9300 DPL=0 DS   [-WA]
GS =0030 0000000000000000 ffffffff 00cf9300 DPL=0 DS   [-WA]
LDT=0000 0000000000000000 0000ffff 00008200 DPL=0 LDT
TR =0000 0000000000000000 0000ffff 00008b00 DPL=0 TSS64-busy
GDT=     00000000bf9de000 00000047
IDT=     00000000bf4d2018 00000fff
CR0=80010033 CR2=0000000000000000 CR3=00000000bfc01000 CR4=00000668
DR0=0000000000000000 DR1=0000000000000000 DR2=0000000000000000 DR3=0000000000000000 
DR6=00000000ffff0ff0 DR7=0000000000000400
CCS=0000000000000004 CCD=0000000000002fb1 CCO=EFLAGS
EFER=0000000000000d00
Servicing hardware INT=0x20
   613: v=20 e=0000 i=0 cpl=0 IP=0038:00000000beca2896 pc=00000000beca2896 SP=0030:00000000bfec21a0 env->regs[R_EAX]=0000000000752f2d
RAX=0000000000752f2d RBX=0000000000000000 RCX=000000000000b008 RDX=000000000000b008
RSI=000000000004baf0 RDI=0000000000000000 RBP=00000000be210000 RSP=00000000bfec21a0
R8 =0000000000752e32 R9 =00000000000003f6 R10=0000000000000000 R11=0000000000000000
R12=000000000000b008 R13=0000000000000000 R14=00000000be8a23d4 R15=0000000000000011
RIP=00000000beca2896 RFL=00000293 [--S-A-C] CPL=0 II=0 A20=1 SMM=0 HLT=0
ES =0030 0000000000000000 ffffffff 00cf9300 DPL=0 DS   [-WA]
CS =0038 0000000000000000 ffffffff 00af9a00 DPL=0 CS64 [-R-]
SS =0030 0000000000000000 ffffffff 00cf9300 DPL=0 DS   [-WA]
DS =0030 0000000000000000 ffffffff 00cf9300 DPL=0 DS   [-WA]
FS =0030 0000000000000000 ffffffff 00cf9300 DPL=0 DS   [-WA]
GS =0030 0000000000000000 ffffffff 00cf9300 DPL=0 DS   [-WA]
LDT=0000 0000000000000000 0000ffff 00008200 DPL=0 LDT
TR =0000 0000000000000000 0000ffff 00008b00 DPL=0 TSS64-busy
GDT=     00000000bf9de000 00000047
IDT=     00000000bf4d2018 00000fff
CR0=80010033 CR2=0000000000000000 CR3=00000000bfc01000 CR4=00000668
DR0=0000000000000000 DR1=0000000000000000 DR2=0000000000000000 DR3=0000000000000000 
DR6=00000000ffff0ff0 DR7=0000000000000400
CCS=0000000000000091 CCD=fffffffffffffffe CCO=EFLAGS
EFER=0000000000000d00
Servicing hardware INT=0x20
   614: v=20 e=0000 i=0 cpl=0 IP=0038:00000000beca2896 pc=00000000beca2896 SP=0030:00000000bfec21a0 env->regs[R_EAX]=000000000075bbd0
RAX=000000000075bbd0 RBX=0000000000000000 RCX=000000000000b008 RDX=000000000000b008
RSI=000000000004baf0 RDI=0000000000000000 RBP=00000000be210000 RSP=00000000bfec21a0
R8 =000000000075b96c R9 =00000000000003f6 R10=0000000000000000 R11=0000000000000000
R12=000000000000b008 R13=0000000000000000 R14=00000000be8a23d4 R15=0000000000000011
RIP=00000000beca2896 RFL=00000293 [--S-A-C] CPL=0 II=0 A20=1 SMM=0 HLT=0
ES =0030 0000000000000000 ffffffff 00cf9300 DPL=0 DS   [-WA]
CS =0038 0000000000000000 ffffffff 00af9a00 DPL=0 CS64 [-R-]
SS =0030 0000000000000000 ffffffff 00cf9300 DPL=0 DS   [-WA]
DS =0030 0000000000000000 ffffffff 00cf9300 DPL=0 DS   [-WA]
FS =0030 0000000000000000 ffffffff 00cf9300 DPL=0 DS   [-WA]
GS =0030 0000000000000000 ffffffff 00cf9300 DPL=0 DS   [-WA]
LDT=0000 0000000000000000 0000ffff 00008200 DPL=0 LDT
TR =0000 0000000000000000 0000ffff 00008b00 DPL=0 TSS64-busy
GDT=     00000000bf9de000 00000047
IDT=     00000000bf4d2018 00000fff
CR0=80010033 CR2=0000000000000000 CR3=00000000bfc01000 CR4=00000668
DR0=0000000000000000 DR1=0000000000000000 DR2=0000000000000000 DR3=0000000000000000 
DR6=00000000ffff0ff0 DR7=0000000000000400
CCS=0000000000000091 CCD=fffffffffffffffe CCO=EFLAGS
EFER=0000000000000d00
Servicing hardware INT=0x20
   615: v=20 e=0000 i=0 cpl=0 IP=0038:00000000beca28e6 pc=00000000beca28e6 SP=0030:00000000bfec2200 env->regs[R_EAX]=0000000000006444
RAX=0000000000006444 RBX=000000000076aa22 RCX=000000000000b008 RDX=000000000000b008
RSI=000000000004baf0 RDI=0000000000000000 RBP=00000000be210000 RSP=00000000bfec2200
R8 =00000000007645de R9 =00000000000003f6 R10=0000000000000000 R11=0000000000000000
R12=0000000000002710 R13=0000000000000000 R14=00000000be8a23d4 R15=0000000000000011
RIP=00000000beca28e6 RFL=00000206 [-----P-] CPL=0 II=0 A20=1 SMM=0 HLT=0
ES =0030 0000000000000000 ffffffff 00cf9300 DPL=0 DS   [-WA]
CS =0038 0000000000000000 ffffffff 00af9a00 DPL=0 CS64 [-R-]
SS =0030 0000000000000000 ffffffff 00cf9300 DPL=0 DS   [-WA]
DS =0030 0000000000000000 ffffffff 00cf9300 DPL=0 DS   [-WA]
FS =0030 0000000000000000 ffffffff 00cf9300 DPL=0 DS   [-WA]
GS =0030 0000000000000000 ffffffff 00cf9300 DPL=0 DS   [-WA]
LDT=0000 0000000000000000 0000ffff 00008200 DPL=0 LDT
TR =0000 0000000000000000 0000ffff 00008b00 DPL=0 TSS64-busy
GDT=     00000000bf9de000 00000047
IDT=     00000000bf4d2018 00000fff
CR0=80010033 CR2=0000000000000000 CR3=00000000bfc01000 CR4=00000668
DR0=0000000000000000 DR1=0000000000000000 DR2=0000000000000000 DR3=0000000000000000 
DR6=00000000ffff0ff0 DR7=0000000000000400
CCS=0000000000000004 CCD=0000000000006444 CCO=EFLAGS
EFER=0000000000000d00
Servicing hardware INT=0x20
   616: v=20 e=0000 i=0 cpl=0 IP=0038:00000000beca28e6 pc=00000000beca28e6 SP=0030:00000000bfec2200 env->regs[R_EAX]=0000000000008116
RAX=0000000000008116 RBX=00000000007751f8 RCX=000000000000b008 RDX=000000000000b008
RSI=000000000004baec RDI=0000000000000000 RBP=00000000be210000 RSP=00000000bfec2200
R8 =000000000076d0e2 R9 =00000000000003f6 R10=0000000000000000 R11=0000000000000000
R12=0000000000002710 R13=0000000000000000 R14=00000000be8a23d4 R15=0000000000000011
RIP=00000000beca28e6 RFL=00000202 [-------] CPL=0 II=0 A20=1 SMM=0 HLT=0
ES =0030 0000000000000000 ffffffff 00cf9300 DPL=0 DS   [-WA]
CS =0038 0000000000000000 ffffffff 00af9a00 DPL=0 CS64 [-R-]
SS =0030 0000000000000000 ffffffff 00cf9300 DPL=0 DS   [-WA]
DS =0030 0000000000000000 ffffffff 00cf9300 DPL=0 DS   [-WA]
FS =0030 0000000000000000 ffffffff 00cf9300 DPL=0 DS   [-WA]
GS =0030 0000000000000000 ffffffff 00cf9300 DPL=0 DS   [-WA]
LDT=0000 0000000000000000 0000ffff 00008200 DPL=0 LDT
TR =0000 0000000000000000 0000ffff 00008b00 DPL=0 TSS64-busy
GDT=     00000000bf9de000 00000047
IDT=     00000000bf4d2018 00000fff
CR0=80010033 CR2=0000000000000000 CR3=00000000bfc01000 CR4=00000668
DR0=0000000000000000 DR1=0000000000000000 DR2=0000000000000000 DR3=0000000000000000 
DR6=00000000ffff0ff0 DR7=0000000000000400
CCS=0000000000000000 CCD=0000000000008116 CCO=EFLAGS
EFER=0000000000000d00
Servicing hardware INT=0x20
   617: v=20 e=0000 i=0 cpl=0 IP=0038:00000000beca28e6 pc=00000000beca28e6 SP=0030:00000000bfec21a0 env->regs[R_EAX]=000000000000010c
RAX=000000000000010c RBX=0000000000775de2 RCX=000000000000b008 RDX=000000000000b008
RSI=00000000be88be40 RDI=00000000ffffff00 RBP=00000000be2100c8 RSP=00000000bfec21a0
R8 =0000000000775cd6 R9 =00000000000001f7 R10=0000000000000000 R11=0000000000000000
R12=0000000000000190 R13=000000000004baf1 R14=00000000be8a23d4 R15=0000000000000011
RIP=00000000beca28e6 RFL=00000206 [-----P-] CPL=0 II=0 A20=1 SMM=0 HLT=0
ES =0030 0000000000000000 ffffffff 00cf9300 DPL=0 DS   [-WA]
CS =0038 0000000000000000 ffffffff 00af9a00 DPL=0 CS64 [-R-]
SS =0030 0000000000000000 ffffffff 00cf9300 DPL=0 DS   [-WA]
DS =0030 0000000000000000 ffffffff 00cf9300 DPL=0 DS   [-WA]
FS =0030 0000000000000000 ffffffff 00cf9300 DPL=0 DS   [-WA]
GS =0030 0000000000000000 ffffffff 00cf9300 DPL=0 DS   [-WA]
LDT=0000 0000000000000000 0000ffff 00008200 DPL=0 LDT
TR =0000 0000000000000000 0000ffff 00008b00 DPL=0 TSS64-busy
GDT=     00000000bf9de000 00000047
IDT=     00000000bf4d2018 00000fff
CR0=80010033 CR2=0000000000000000 CR3=00000000bfc01000 CR4=00000668
DR0=0000000000000000 DR1=0000000000000000 DR2=0000000000000000 DR3=0000000000000000 
DR6=00000000ffff0ff0 DR7=0000000000000400
CCS=0000000000000004 CCD=000000000000010c CCO=EFLAGS
EFER=0000000000000d00
Servicing hardware INT=0x20
   618: v=20 e=0000 i=0 cpl=0 IP=0038:00000000beca2896 pc=00000000beca2896 SP=0030:00000000bfec21a0 env->regs[R_EAX]=000000000077ea43
RAX=000000000077ea43 RBX=0000000000000000 RCX=000000000000b008 RDX=000000000000b008
RSI=000000000004baf0 RDI=0000000000000000 RBP=00000000be210000 RSP=00000000bfec21a0
R8 =000000000077e945 R9 =00000000000003f6 R10=0000000000000000 R11=0000000000000000
R12=000000000000b008 R13=0000000000000000 R14=00000000be8a23d4 R15=0000000000000011
RIP=00000000beca2896 RFL=00000293 [--S-A-C] CPL=0 II=0 A20=1 SMM=0 HLT=0
ES =0030 0000000000000000 ffffffff 00cf9300 DPL=0 DS   [-WA]
CS =0038 0000000000000000 ffffffff 00af9a00 DPL=0 CS64 [-R-]
SS =0030 0000000000000000 ffffffff 00cf9300 DPL=0 DS   [-WA]
DS =0030 0000000000000000 ffffffff 00cf9300 DPL=0 DS   [-WA]
FS =0030 0000000000000000 ffffffff 00cf9300 DPL=0 DS   [-WA]
GS =0030 0000000000000000 ffffffff 00cf9300 DPL=0 DS   [-WA]
LDT=0000 0000000000000000 0000ffff 00008200 DPL=0 LDT
TR =0000 0000000000000000 0000ffff 00008b00 DPL=0 TSS64-busy
GDT=     00000000bf9de000 00000047
IDT=     00000000bf4d2018 00000fff
CR0=80010033 CR2=0000000000000000 CR3=00000000bfc01000 CR4=00000668
DR0=0000000000000000 DR1=0000000000000000 DR2=0000000000000000 DR3=0000000000000000 
DR6=00000000ffff0ff0 DR7=0000000000000400
CCS=0000000000000091 CCD=fffffffffffffffe CCO=EFLAGS
EFER=0000000000000d00
Servicing hardware INT=0x20
   619: v=20 e=0000 i=0 cpl=0 IP=0038:00000000beca28e6 pc=00000000beca28e6 SP=0030:00000000bfec2200 env->regs[R_EAX]=00000000000014c2
RAX=00000000000014c2 RBX=00000000007889a6 RCX=000000000000b008 RDX=000000000000b008
RSI=000000000004baf0 RDI=0000000000000000 RBP=00000000be210000 RSP=00000000bfec2200
R8 =00000000007874e4 R9 =00000000000003f6 R10=0000000000000000 R11=0000000000000000
R12=0000000000002710 R13=0000000000000000 R14=00000000be8a23d4 R15=0000000000000011
RIP=00000000beca28e6 RFL=00000202 [-------] CPL=0 II=0 A20=1 SMM=0 HLT=0
ES =0030 0000000000000000 ffffffff 00cf9300 DPL=0 DS   [-WA]
CS =0038 0000000000000000 ffffffff 00af9a00 DPL=0 CS64 [-R-]
SS =0030 0000000000000000 ffffffff 00cf9300 DPL=0 DS   [-WA]
DS =0030 0000000000000000 ffffffff 00cf9300 DPL=0 DS   [-WA]
FS =0030 0000000000000000 ffffffff 00cf9300 DPL=0 DS   [-WA]
GS =0030 0000000000000000 ffffffff 00cf9300 DPL=0 DS   [-WA]
LDT=0000 0000000000000000 0000ffff 00008200 DPL=0 LDT
TR =0000 0000000000000000 0000ffff 00008b00 DPL=0 TSS64-busy
GDT=     00000000bf9de000 00000047
IDT=     00000000bf4d2018 00000fff
CR0=80010033 CR2=0000000000000000 CR3=00000000bfc01000 CR4=00000668
DR0=0000000000000000 DR1=0000000000000000 DR2=0000000000000000 DR3=0000000000000000 
DR6=00000000ffff0ff0 DR7=0000000000000400
CCS=0000000000000000 CCD=00000000000014c2 CCO=EFLAGS
EFER=0000000000000d00
Servicing hardware INT=0x20
   620: v=20 e=0000 i=0 cpl=0 IP=0038:00000000beca28e6 pc=00000000beca28e6 SP=0030:00000000bfec2200 env->regs[R_EAX]=0000000000002b55
RAX=0000000000002b55 RBX=0000000000792bbc RCX=000000000000b008 RDX=000000000000b008
RSI=000000000004baf0 RDI=0000000000000000 RBP=00000000be210000 RSP=00000000bfec2200
R8 =0000000000790067 R9 =00000000000003f6 R10=0000000000000000 R11=0000000000000000
R12=0000000000002710 R13=0000000000000000 R14=00000000be8a23d4 R15=0000000000000011
RIP=00000000beca28e6 RFL=00000206 [-----P-] CPL=0 II=0 A20=1 SMM=0 HLT=0
ES =0030 0000000000000000 ffffffff 00cf9300 DPL=0 DS   [-WA]
CS =0038 0000000000000000 ffffffff 00af9a00 DPL=0 CS64 [-R-]
SS =0030 0000000000000000 ffffffff 00cf9300 DPL=0 DS   [-WA]
DS =0030 0000000000000000 ffffffff 00cf9300 DPL=0 DS   [-WA]
FS =0030 0000000000000000 ffffffff 00cf9300 DPL=0 DS   [-WA]
GS =0030 0000000000000000 ffffffff 00cf9300 DPL=0 DS   [-WA]
LDT=0000 0000000000000000 0000ffff 00008200 DPL=0 LDT
TR =0000 0000000000000000 0000ffff 00008b00 DPL=0 TSS64-busy
GDT=     00000000bf9de000 00000047
IDT=     00000000bf4d2018 00000fff
CR0=80010033 CR2=0000000000000000 CR3=00000000bfc01000 CR4=00000668
DR0=0000000000000000 DR1=0000000000000000 DR2=0000000000000000 DR3=0000000000000000 
DR6=00000000ffff0ff0 DR7=0000000000000400
CCS=0000000000000004 CCD=0000000000002b55 CCO=EFLAGS
EFER=0000000000000d00
Servicing hardware INT=0x20
   621: v=20 e=0000 i=0 cpl=0 IP=0038:00000000beca2896 pc=00000000beca2896 SP=0030:00000000bfec21a0 env->regs[R_EAX]=0000000000798bd5
RAX=0000000000798bd5 RBX=0000000000000000 RCX=000000000000b008 RDX=000000000000b008
RSI=000000000004baf0 RDI=0000000000000000 RBP=00000000be210000 RSP=00000000bfec21a0
R8 =0000000000798901 R9 =00000000000003f6 R10=0000000000000000 R11=0000000000000000
R12=000000000000b008 R13=0000000000000000 R14=00000000be8a23d4 R15=0000000000000011
RIP=00000000beca2896 RFL=00000293 [--S-A-C] CPL=0 II=0 A20=1 SMM=0 HLT=0
ES =0030 0000000000000000 ffffffff 00cf9300 DPL=0 DS   [-WA]
CS =0038 0000000000000000 ffffffff 00af9a00 DPL=0 CS64 [-R-]
SS =0030 0000000000000000 ffffffff 00cf9300 DPL=0 DS   [-WA]
DS =0030 0000000000000000 ffffffff 00cf9300 DPL=0 DS   [-WA]
FS =0030 0000000000000000 ffffffff 00cf9300 DPL=0 DS   [-WA]
GS =0030 0000000000000000 ffffffff 00cf9300 DPL=0 DS   [-WA]
LDT=0000 0000000000000000 0000ffff 00008200 DPL=0 LDT
TR =0000 0000000000000000 0000ffff 00008b00 DPL=0 TSS64-busy
GDT=     00000000bf9de000 00000047
IDT=     00000000bf4d2018 00000fff
CR0=80010033 CR2=0000000000000000 CR3=00000000bfc01000 CR4=00000668
DR0=0000000000000000 DR1=0000000000000000 DR2=0000000000000000 DR3=0000000000000000 
DR6=00000000ffff0ff0 DR7=0000000000000400
CCS=0000000000000091 CCD=fffffffffffffffe CCO=EFLAGS
EFER=0000000000000d00
Servicing hardware INT=0x20
   622: v=20 e=0000 i=0 cpl=0 IP=0038:00000000beca28e6 pc=00000000beca28e6 SP=0030:00000000bfec2200 env->regs[R_EAX]=000000000000494f
RAX=000000000000494f RBX=00000000007a61b3 RCX=000000000000b008 RDX=000000000000b008
RSI=000000000004baf0 RDI=0000000000000000 RBP=00000000be210000 RSP=00000000bfec2200
R8 =00000000007a1864 R9 =00000000000003f6 R10=0000000000000000 R11=0000000000000000
R12=0000000000002710 R13=0000000000000000 R14=00000000be8a23d4 R15=0000000000000011
RIP=00000000beca28e6 RFL=00000202 [-------] CPL=0 II=0 A20=1 SMM=0 HLT=0
ES =0030 0000000000000000 ffffffff 00cf9300 DPL=0 DS   [-WA]
CS =0038 0000000000000000 ffffffff 00af9a00 DPL=0 CS64 [-R-]
SS =0030 0000000000000000 ffffffff 00cf9300 DPL=0 DS   [-WA]
DS =0030 0000000000000000 ffffffff 00cf9300 DPL=0 DS   [-WA]
FS =0030 0000000000000000 ffffffff 00cf9300 DPL=0 DS   [-WA]
GS =0030 0000000000000000 ffffffff 00cf9300 DPL=0 DS   [-WA]
LDT=0000 0000000000000000 0000ffff 00008200 DPL=0 LDT
TR =0000 0000000000000000 0000ffff 00008b00 DPL=0 TSS64-busy
GDT=     00000000bf9de000 00000047
IDT=     00000000bf4d2018 00000fff
CR0=80010033 CR2=0000000000000000 CR3=00000000bfc01000 CR4=00000668
DR0=0000000000000000 DR1=0000000000000000 DR2=0000000000000000 DR3=0000000000000000 
DR6=00000000ffff0ff0 DR7=0000000000000400
CCS=0000000000000000 CCD=000000000000494f CCO=EFLAGS
EFER=0000000000000d00
Servicing hardware INT=0x20
   623: v=20 e=0000 i=0 cpl=0 IP=0038:00000000beca2896 pc=00000000beca2896 SP=0030:00000000bfec21a0 env->regs[R_EAX]=00000000007aa52f
RAX=00000000007aa52f RBX=0000000000000000 RCX=000000000000b008 RDX=000000000000b008
RSI=000000000004baee RDI=0000000000000000 RBP=00000000be210000 RSP=00000000bfec21a0
R8 =00000000007aa43a R9 =00000000000003f6 R10=0000000000000000 R11=0000000000000000
R12=000000000000b008 R13=0000000000000000 R14=00000000be8a23d4 R15=0000000000000011
RIP=00000000beca2896 RFL=00000293 [--S-A-C] CPL=0 II=0 A20=1 SMM=0 HLT=0
ES =0030 0000000000000000 ffffffff 00cf9300 DPL=0 DS   [-WA]
CS =0038 0000000000000000 ffffffff 00af9a00 DPL=0 CS64 [-R-]
SS =0030 0000000000000000 ffffffff 00cf9300 DPL=0 DS   [-WA]
DS =0030 0000000000000000 ffffffff 00cf9300 DPL=0 DS   [-WA]
FS =0030 0000000000000000 ffffffff 00cf9300 DPL=0 DS   [-WA]
GS =0030 0000000000000000 ffffffff 00cf9300 DPL=0 DS   [-WA]
LDT=0000 0000000000000000 0000ffff 00008200 DPL=0 LDT
TR =0000 0000000000000000 0000ffff 00008b00 DPL=0 TSS64-busy
GDT=     00000000bf9de000 00000047
IDT=     00000000bf4d2018 00000fff
CR0=80010033 CR2=0000000000000000 CR3=00000000bfc01000 CR4=00000668
DR0=0000000000000000 DR1=0000000000000000 DR2=0000000000000000 DR3=0000000000000000 
DR6=00000000ffff0ff0 DR7=0000000000000400
CCS=0000000000000091 CCD=fffffffffffffffe CCO=EFLAGS
EFER=0000000000000d00
Servicing hardware INT=0x20
   624: v=20 e=0000 i=0 cpl=0 IP=0038:00000000beca28e6 pc=00000000beca28e6 SP=0030:00000000bfec2200 env->regs[R_EAX]=0000000000007199
RAX=0000000000007199 RBX=00000000007ba200 RCX=000000000000b008 RDX=000000000000b008
RSI=000000000004baf0 RDI=0000000000000000 RBP=00000000be210000 RSP=00000000bfec2200
R8 =00000000007b3067 R9 =00000000000003f6 R10=0000000000000000 R11=0000000000000000
R12=0000000000002710 R13=0000000000000000 R14=00000000be8a23d4 R15=0000000000000011
RIP=00000000beca28e6 RFL=00000206 [-----P-] CPL=0 II=0 A20=1 SMM=0 HLT=0
ES =0030 0000000000000000 ffffffff 00cf9300 DPL=0 DS   [-WA]
CS =0038 0000000000000000 ffffffff 00af9a00 DPL=0 CS64 [-R-]
SS =0030 0000000000000000 ffffffff 00cf9300 DPL=0 DS   [-WA]
DS =0030 0000000000000000 ffffffff 00cf9300 DPL=0 DS   [-WA]
FS =0030 0000000000000000 ffffffff 00cf9300 DPL=0 DS   [-WA]
GS =0030 0000000000000000 ffffffff 00cf9300 DPL=0 DS   [-WA]
LDT=0000 0000000000000000 0000ffff 00008200 DPL=0 LDT
TR =0000 0000000000000000 0000ffff 00008b00 DPL=0 TSS64-busy
GDT=     00000000bf9de000 00000047
IDT=     00000000bf4d2018 00000fff
CR0=80010033 CR2=0000000000000000 CR3=00000000bfc01000 CR4=00000668
DR0=0000000000000000 DR1=0000000000000000 DR2=0000000000000000 DR3=0000000000000000 
DR6=00000000ffff0ff0 DR7=0000000000000400
CCS=0000000000000004 CCD=0000000000007199 CCO=EFLAGS
EFER=0000000000000d00
Servicing hardware INT=0x20
   625: v=20 e=0000 i=0 cpl=0 IP=0038:00000000beca28e6 pc=00000000beca28e6 SP=0030:00000000bfec2200 env->regs[R_EAX]=0000000000008132
RAX=0000000000008132 RBX=00000000007c3d54 RCX=000000000000b008 RDX=000000000000b008
RSI=000000000004baf0 RDI=0000000000000000 RBP=00000000be210000 RSP=00000000bfec2200
R8 =00000000007bbc22 R9 =00000000000003f6 R10=0000000000000000 R11=0000000000000000
R12=0000000000002710 R13=0000000000000000 R14=00000000be8a23d4 R15=0000000000000011
RIP=00000000beca28e6 RFL=00000202 [-------] CPL=0 II=0 A20=1 SMM=0 HLT=0
ES =0030 0000000000000000 ffffffff 00cf9300 DPL=0 DS   [-WA]
CS =0038 0000000000000000 ffffffff 00af9a00 DPL=0 CS64 [-R-]
SS =0030 0000000000000000 ffffffff 00cf9300 DPL=0 DS   [-WA]
DS =0030 0000000000000000 ffffffff 00cf9300 DPL=0 DS   [-WA]
FS =0030 0000000000000000 ffffffff 00cf9300 DPL=0 DS   [-WA]
GS =0030 0000000000000000 ffffffff 00cf9300 DPL=0 DS   [-WA]
LDT=0000 0000000000000000 0000ffff 00008200 DPL=0 LDT
TR =0000 0000000000000000 0000ffff 00008b00 DPL=0 TSS64-busy
GDT=     00000000bf9de000 00000047
IDT=     00000000bf4d2018 00000fff
CR0=80010033 CR2=0000000000000000 CR3=00000000bfc01000 CR4=00000668
DR0=0000000000000000 DR1=0000000000000000 DR2=0000000000000000 DR3=0000000000000000 
DR6=00000000ffff0ff0 DR7=0000000000000400
CCS=0000000000000000 CCD=0000000000008132 CCO=EFLAGS
EFER=0000000000000d00
Servicing hardware INT=0x20
   626: v=20 e=0000 i=0 cpl=0 IP=0038:00000000beca2896 pc=00000000beca2896 SP=0030:00000000bfec21a0 env->regs[R_EAX]=00000000007c5613
RAX=00000000007c5613 RBX=0000000000000000 RCX=000000000000b008 RDX=000000000000b008
RSI=000000000004baee RDI=0000000000000000 RBP=00000000be210000 RSP=00000000bfec21a0
R8 =00000000007c5435 R9 =000000000000c082 R10=0000000000000000 R11=0000000000000000
R12=000000000000b008 R13=0000000000000000 R14=00000000be8a23d4 R15=0000000000000011
RIP=00000000beca2896 RFL=00000293 [--S-A-C] CPL=0 II=0 A20=1 SMM=0 HLT=0
ES =0030 0000000000000000 ffffffff 00cf9300 DPL=0 DS   [-WA]
CS =0038 0000000000000000 ffffffff 00af9a00 DPL=0 CS64 [-R-]
SS =0030 0000000000000000 ffffffff 00cf9300 DPL=0 DS   [-WA]
DS =0030 0000000000000000 ffffffff 00cf9300 DPL=0 DS   [-WA]
FS =0030 0000000000000000 ffffffff 00cf9300 DPL=0 DS   [-WA]
GS =0030 0000000000000000 ffffffff 00cf9300 DPL=0 DS   [-WA]
LDT=0000 0000000000000000 0000ffff 00008200 DPL=0 LDT
TR =0000 0000000000000000 0000ffff 00008b00 DPL=0 TSS64-busy
GDT=     00000000bf9de000 00000047
IDT=     00000000bf4d2018 00000fff
CR0=80010033 CR2=0000000000000000 CR3=00000000bfc01000 CR4=00000668
DR0=0000000000000000 DR1=0000000000000000 DR2=0000000000000000 DR3=0000000000000000 
DR6=00000000ffff0ff0 DR7=0000000000000400
CCS=0000000000000091 CCD=fffffffffffffffe CCO=EFLAGS
EFER=0000000000000d00
Servicing hardware INT=0x20
   627: v=20 e=0000 i=0 cpl=0 IP=0038:00000000beca28e6 pc=00000000beca28e6 SP=0030:00000000bfec2200 env->regs[R_EAX]=0000000000000fb6
RAX=0000000000000fb6 RBX=00000000007ce3ba RCX=000000000000b008 RDX=000000000000b008
RSI=000000000004baed RDI=0000000000000000 RBP=00000000be210000 RSP=00000000bfec2200
R8 =00000000007cd404 R9 =00000000000003f6 R10=0000000000000000 R11=0000000000000000
R12=0000000000002710 R13=0000000000000000 R14=00000000be8a23d4 R15=0000000000000011
RIP=00000000beca28e6 RFL=00000202 [-------] CPL=0 II=0 A20=1 SMM=0 HLT=0
ES =0030 0000000000000000 ffffffff 00cf9300 DPL=0 DS   [-WA]
CS =0038 0000000000000000 ffffffff 00af9a00 DPL=0 CS64 [-R-]
SS =0030 0000000000000000 ffffffff 00cf9300 DPL=0 DS   [-WA]
DS =0030 0000000000000000 ffffffff 00cf9300 DPL=0 DS   [-WA]
FS =0030 0000000000000000 ffffffff 00cf9300 DPL=0 DS   [-WA]
GS =0030 0000000000000000 ffffffff 00cf9300 DPL=0 DS   [-WA]
LDT=0000 0000000000000000 0000ffff 00008200 DPL=0 LDT
TR =0000 0000000000000000 0000ffff 00008b00 DPL=0 TSS64-busy
GDT=     00000000bf9de000 00000047
IDT=     00000000bf4d2018 00000fff
CR0=80010033 CR2=0000000000000000 CR3=00000000bfc01000 CR4=00000668
DR0=0000000000000000 DR1=0000000000000000 DR2=0000000000000000 DR3=0000000000000000 
DR6=00000000ffff0ff0 DR7=0000000000000400
CCS=0000000000000000 CCD=0000000000000fb6 CCO=EFLAGS
EFER=0000000000000d00
Servicing hardware INT=0x20
   628: v=20 e=0000 i=0 cpl=0 IP=0038:00000000beca28e6 pc=00000000beca28e6 SP=0030:00000000bfec2200 env->regs[R_EAX]=0000000000001f3a
RAX=0000000000001f3a RBX=00000000007d7e2c RCX=000000000000b008 RDX=000000000000b008
RSI=000000000004baf0 RDI=0000000000000000 RBP=00000000be210000 RSP=00000000bfec2200
R8 =00000000007d5ef2 R9 =00000000000003f6 R10=0000000000000000 R11=0000000000000000
R12=0000000000002710 R13=0000000000000000 R14=00000000be8a23d4 R15=0000000000000011
RIP=00000000beca28e6 RFL=00000206 [-----P-] CPL=0 II=0 A20=1 SMM=0 HLT=0
ES =0030 0000000000000000 ffffffff 00cf9300 DPL=0 DS   [-WA]
CS =0038 0000000000000000 ffffffff 00af9a00 DPL=0 CS64 [-R-]
SS =0030 0000000000000000 ffffffff 00cf9300 DPL=0 DS   [-WA]
DS =0030 0000000000000000 ffffffff 00cf9300 DPL=0 DS   [-WA]
FS =0030 0000000000000000 ffffffff 00cf9300 DPL=0 DS   [-WA]
GS =0030 0000000000000000 ffffffff 00cf9300 DPL=0 DS   [-WA]
LDT=0000 0000000000000000 0000ffff 00008200 DPL=0 LDT
TR =0000 0000000000000000 0000ffff 00008b00 DPL=0 TSS64-busy
GDT=     00000000bf9de000 00000047
IDT=     00000000bf4d2018 00000fff
CR0=80010033 CR2=0000000000000000 CR3=00000000bfc01000 CR4=00000668
DR0=0000000000000000 DR1=0000000000000000 DR2=0000000000000000 DR3=0000000000000000 
DR6=00000000ffff0ff0 DR7=0000000000000400
CCS=0000000000000004 CCD=0000000000001f3a CCO=EFLAGS
EFER=0000000000000d00
Servicing hardware INT=0x20
   629: v=20 e=0000 i=0 cpl=0 IP=0038:00000000be24afaa pc=00000000be24afaa SP=0030:00000000bfec2420 env->regs[R_EAX]=00000000000000ac
RAX=00000000000000ac RBX=00000000be2a49e0 RCX=ffffffffffffffff RDX=00000000be2a4001
RSI=00000000becac000 RDI=00000000be2a4018 RBP=00000000bfec2480 RSP=00000000bfec2420
R8 =00000000be2a4000 R9 =00000000bc02b000 R10=000000000000002f R11=00000000be2a4480
R12=00000000bc02b000 R13=00000000becac000 R14=0000000000000068 R15=00000000bbf3e000
RIP=00000000be24afaa RFL=00000206 [-----P-] CPL=0 II=0 A20=1 SMM=0 HLT=0
ES =0030 0000000000000000 ffffffff 00cf9300 DPL=0 DS   [-WA]
CS =0038 0000000000000000 ffffffff 00af9a00 DPL=0 CS64 [-R-]
SS =0030 0000000000000000 ffffffff 00cf9300 DPL=0 DS   [-WA]
DS =0030 0000000000000000 ffffffff 00cf9300 DPL=0 DS   [-WA]
FS =0030 0000000000000000 ffffffff 00cf9300 DPL=0 DS   [-WA]
GS =0030 0000000000000000 ffffffff 00cf9300 DPL=0 DS   [-WA]
LDT=0000 0000000000000000 0000ffff 00008200 DPL=0 LDT
TR =0000 0000000000000000 0000ffff 00008b00 DPL=0 TSS64-busy
GDT=     00000000bf9de000 00000047
IDT=     00000000bf4d2018 00000fff
CR0=80010033 CR2=0000000000000000 CR3=00000000bfc01000 CR4=00000668
DR0=0000000000000000 DR1=0000000000000000 DR2=0000000000000000 DR3=0000000000000000 
DR6=00000000ffff0ff0 DR7=0000000000000400
CCS=0000000000000004 CCD=0000000002c81000 CCO=EFLAGS
EFER=0000000000000d00
Servicing hardware INT=0x20
   630: v=20 e=0000 i=0 cpl=0 IP=0038:00000000beca2896 pc=00000000beca2896 SP=0030:00000000bfec2140 env->regs[R_EAX]=00000000007e7769
RAX=00000000007e7769 RBX=0000000000000000 RCX=000000000000b008 RDX=000000000000b008
RSI=000000000004baf0 RDI=0000000000000000 RBP=00000000be210000 RSP=00000000bfec2140
R8 =00000000007e76e5 R9 =00000000000003f6 R10=0000000000000000 R11=0000000000000000
R12=000000000000b008 R13=0000000000000000 R14=00000000be8a23d4 R15=0000000000000011
RIP=00000000beca2896 RFL=00000293 [--S-A-C] CPL=0 II=0 A20=1 SMM=0 HLT=0
ES =0030 0000000000000000 ffffffff 00cf9300 DPL=0 DS   [-WA]
CS =0038 0000000000000000 ffffffff 00af9a00 DPL=0 CS64 [-R-]
SS =0030 0000000000000000 ffffffff 00cf9300 DPL=0 DS   [-WA]
DS =0030 0000000000000000 ffffffff 00cf9300 DPL=0 DS   [-WA]
FS =0030 0000000000000000 ffffffff 00cf9300 DPL=0 DS   [-WA]
GS =0030 0000000000000000 ffffffff 00cf9300 DPL=0 DS   [-WA]
LDT=0000 0000000000000000 0000ffff 00008200 DPL=0 LDT
TR =0000 0000000000000000 0000ffff 00008b00 DPL=0 TSS64-busy
GDT=     00000000bf9de000 00000047
IDT=     00000000bf4d2018 00000fff
CR0=80010033 CR2=0000000000000000 CR3=00000000bfc01000 CR4=00000668
DR0=0000000000000000 DR1=0000000000000000 DR2=0000000000000000 DR3=0000000000000000 
DR6=00000000ffff0ff0 DR7=0000000000000400
CCS=0000000000000091 CCD=fffffffffffffffe CCO=EFLAGS
EFER=0000000000000d00
Servicing hardware INT=0x20
   631: v=20 e=0000 i=0 cpl=0 IP=0038:00000000beca28e6 pc=00000000beca28e6 SP=0030:00000000bfec1810 env->regs[R_EAX]=0000000000004db2
RAX=0000000000004db2 RBX=00000000007f5be8 RCX=000000000000b008 RDX=000000000000b008
RSI=000000000004baf0 RDI=0000000000000000 RBP=00000000be210000 RSP=00000000bfec1810
R8 =00000000007f0e36 R9 =00000000000003f6 R10=0000000000000000 R11=0000000000000000
R12=0000000000002710 R13=0000000000000000 R14=00000000be8a23d4 R15=0000000000000011
RIP=00000000beca28e6 RFL=00000206 [-----P-] CPL=0 II=0 A20=1 SMM=0 HLT=0
ES =0030 0000000000000000 ffffffff 00cf9300 DPL=0 DS   [-WA]
CS =0038 0000000000000000 ffffffff 00af9a00 DPL=0 CS64 [-R-]
SS =0030 0000000000000000 ffffffff 00cf9300 DPL=0 DS   [-WA]
DS =0030 0000000000000000 ffffffff 00cf9300 DPL=0 DS   [-WA]
FS =0030 0000000000000000 ffffffff 00cf9300 DPL=0 DS   [-WA]
GS =0030 0000000000000000 ffffffff 00cf9300 DPL=0 DS   [-WA]
LDT=0000 0000000000000000 0000ffff 00008200 DPL=0 LDT
TR =0000 0000000000000000 0000ffff 00008b00 DPL=0 TSS64-busy
GDT=     00000000bf9de000 00000047
IDT=     00000000bf4d2018 00000fff
CR0=80010033 CR2=0000000000000000 CR3=00000000bfc01000 CR4=00000668
DR0=0000000000000000 DR1=0000000000000000 DR2=0000000000000000 DR3=0000000000000000 
DR6=00000000ffff0ff0 DR7=0000000000000400
CCS=0000000000000004 CCD=0000000000004db2 CCO=EFLAGS
EFER=0000000000000d00
Servicing hardware INT=0x20
   632: v=20 e=0000 i=0 cpl=0 IP=0038:00000000beca2896 pc=00000000beca2896 SP=0030:00000000bfec1cd0 env->regs[R_EAX]=00000000007f8f73
RAX=00000000007f8f73 RBX=0000000000000000 RCX=000000000000b008 RDX=000000000000b008
RSI=000000000004baf0 RDI=0000000000000000 RBP=00000000be210000 RSP=00000000bfec1cd0
R8 =00000000007f8e84 R9 =00000000000003f6 R10=0000000000000000 R11=0000000000000000
R12=000000000000b008 R13=0000000000000000 R14=00000000be8a23d4 R15=0000000000000011
RIP=00000000beca2896 RFL=00000293 [--S-A-C] CPL=0 II=0 A20=1 SMM=0 HLT=0
ES =0030 0000000000000000 ffffffff 00cf9300 DPL=0 DS   [-WA]
CS =0038 0000000000000000 ffffffff 00af9a00 DPL=0 CS64 [-R-]
SS =0030 0000000000000000 ffffffff 00cf9300 DPL=0 DS   [-WA]
DS =0030 0000000000000000 ffffffff 00cf9300 DPL=0 DS   [-WA]
FS =0030 0000000000000000 ffffffff 00cf9300 DPL=0 DS   [-WA]
GS =0030 0000000000000000 ffffffff 00cf9300 DPL=0 DS   [-WA]
LDT=0000 0000000000000000 0000ffff 00008200 DPL=0 LDT
TR =0000 0000000000000000 0000ffff 00008b00 DPL=0 TSS64-busy
GDT=     00000000bf9de000 00000047
IDT=     00000000bf4d2018 00000fff
CR0=80010033 CR2=0000000000000000 CR3=00000000bfc01000 CR4=00000668
DR0=0000000000000000 DR1=0000000000000000 DR2=0000000000000000 DR3=0000000000000000 
DR6=00000000ffff0ff0 DR7=0000000000000400
CCS=0000000000000091 CCD=fffffffffffffffe CCO=EFLAGS
EFER=0000000000000d00
Servicing hardware INT=0x20
   633: v=20 e=0000 i=0 cpl=0 IP=0038:00000000beca2896 pc=00000000beca2896 SP=0030:00000000bfec1b40 env->regs[R_EAX]=0000000000801b2b
RAX=0000000000801b2b RBX=0000000000000000 RCX=000000000000b008 RDX=000000000000b008
RSI=000000000004baf0 RDI=0000000000000000 RBP=00000000be210000 RSP=00000000bfec1b40
R8 =0000000000801a44 R9 =00000000000003f6 R10=0000000000000000 R11=0000000000000000
R12=000000000000b008 R13=0000000000000000 R14=00000000be8a23d4 R15=0000000000000011
RIP=00000000beca2896 RFL=00000293 [--S-A-C] CPL=0 II=0 A20=1 SMM=0 HLT=0
ES =0030 0000000000000000 ffffffff 00cf9300 DPL=0 DS   [-WA]
CS =0038 0000000000000000 ffffffff 00af9a00 DPL=0 CS64 [-R-]
SS =0030 0000000000000000 ffffffff 00cf9300 DPL=0 DS   [-WA]
DS =0030 0000000000000000 ffffffff 00cf9300 DPL=0 DS   [-WA]
FS =0030 0000000000000000 ffffffff 00cf9300 DPL=0 DS   [-WA]
GS =0030 0000000000000000 ffffffff 00cf9300 DPL=0 DS   [-WA]
LDT=0000 0000000000000000 0000ffff 00008200 DPL=0 LDT
TR =0000 0000000000000000 0000ffff 00008b00 DPL=0 TSS64-busy
GDT=     00000000bf9de000 00000047
IDT=     00000000bf4d2018 00000fff
CR0=80010033 CR2=0000000000000000 CR3=00000000bfc01000 CR4=00000668
DR0=0000000000000000 DR1=0000000000000000 DR2=0000000000000000 DR3=0000000000000000 
DR6=00000000ffff0ff0 DR7=0000000000000400
CCS=0000000000000091 CCD=fffffffffffffffe CCO=EFLAGS
EFER=0000000000000d00
Servicing hardware INT=0x20
   634: v=20 e=0000 i=0 cpl=0 IP=0038:00000000beca2896 pc=00000000beca2896 SP=0030:00000000bfec1b40 env->regs[R_EAX]=000000000080a789
RAX=000000000080a789 RBX=0000000000000000 RCX=000000000000b008 RDX=000000000000b008
RSI=000000000004baf0 RDI=0000000000000000 RBP=00000000be210000 RSP=00000000bfec1b40
R8 =000000000080a691 R9 =00000000000003f6 R10=0000000000000000 R11=0000000000000000
R12=000000000000b008 R13=0000000000000000 R14=00000000be8a23d4 R15=0000000000000011
RIP=00000000beca2896 RFL=00000293 [--S-A-C] CPL=0 II=0 A20=1 SMM=0 HLT=0
ES =0030 0000000000000000 ffffffff 00cf9300 DPL=0 DS   [-WA]
CS =0038 0000000000000000 ffffffff 00af9a00 DPL=0 CS64 [-R-]
SS =0030 0000000000000000 ffffffff 00cf9300 DPL=0 DS   [-WA]
DS =0030 0000000000000000 ffffffff 00cf9300 DPL=0 DS   [-WA]
FS =0030 0000000000000000 ffffffff 00cf9300 DPL=0 DS   [-WA]
GS =0030 0000000000000000 ffffffff 00cf9300 DPL=0 DS   [-WA]
LDT=0000 0000000000000000 0000ffff 00008200 DPL=0 LDT
TR =0000 0000000000000000 0000ffff 00008b00 DPL=0 TSS64-busy
GDT=     00000000bf9de000 00000047
IDT=     00000000bf4d2018 00000fff
CR0=80010033 CR2=0000000000000000 CR3=00000000bfc01000 CR4=00000668
DR0=0000000000000000 DR1=0000000000000000 DR2=0000000000000000 DR3=0000000000000000 
DR6=00000000ffff0ff0 DR7=0000000000000400
CCS=0000000000000091 CCD=fffffffffffffffe CCO=EFLAGS
EFER=0000000000000d00
Servicing hardware INT=0x20
   635: v=20 e=0000 i=0 cpl=0 IP=0038:00000000be24af5d pc=00000000be24af5d SP=0030:00000000bfec2130 env->regs[R_EAX]=00000000000000ab
RAX=00000000000000ab RBX=00000000be2a48c0 RCX=ffffffffffffffff RDX=00000000be2a4001
RSI=00000000be269000 RDI=00000000be2a4018 RBP=00000000bfec2190 RSP=00000000bfec2130
R8 =00000000be2a4000 R9 =00000000be298000 R10=0000000000000053 R11=00000000be2a47e0
R12=000000000002f000 R13=00000000beaa2000 R14=000000000000005c R15=00000000be269000
RIP=00000000be24af5d RFL=00000212 [----A--] CPL=0 II=0 A20=1 SMM=0 HLT=0
ES =0030 0000000000000000 ffffffff 00cf9300 DPL=0 DS   [-WA]
CS =0038 0000000000000000 ffffffff 00af9a00 DPL=0 CS64 [-R-]
SS =0030 0000000000000000 ffffffff 00cf9300 DPL=0 DS   [-WA]
DS =0030 0000000000000000 ffffffff 00cf9300 DPL=0 DS   [-WA]
FS =0030 0000000000000000 ffffffff 00cf9300 DPL=0 DS   [-WA]
GS =0030 0000000000000000 ffffffff 00cf9300 DPL=0 DS   [-WA]
LDT=0000 0000000000000000 0000ffff 00008200 DPL=0 LDT
TR =0000 0000000000000000 0000ffff 00008b00 DPL=0 TSS64-busy
GDT=     00000000bf9de000 00000047
IDT=     00000000bf4d2018 00000fff
CR0=80010033 CR2=0000000000000000 CR3=00000000bfc01000 CR4=00000668
DR0=0000000000000000 DR1=0000000000000000 DR2=0000000000000000 DR3=0000000000000000 
DR6=00000000ffff0ff0 DR7=0000000000000400
CCS=0000000000000010 CCD=000000000000004f CCO=EFLAGS
EFER=0000000000000d00
Servicing hardware INT=0x20
   636: v=20 e=0000 i=0 cpl=0 IP=0038:00000000beca2896 pc=00000000beca2896 SP=0030:00000000bfec1da0 env->regs[R_EAX]=000000000081cb71
RAX=000000000081cb71 RBX=0000000000000000 RCX=000000000000b008 RDX=000000000000b008
RSI=000000000004baf0 RDI=0000000000000000 RBP=00000000be210000 RSP=00000000bfec1da0
R8 =000000000081c897 R9 =00000000000003f6 R10=0000000000000000 R11=0000000000000000
R12=000000000000b008 R13=0000000000000000 R14=00000000be8a23d4 R15=0000000000000011
RIP=00000000beca2896 RFL=00000293 [--S-A-C] CPL=0 II=0 A20=1 SMM=0 HLT=0
ES =0030 0000000000000000 ffffffff 00cf9300 DPL=0 DS   [-WA]
CS =0038 0000000000000000 ffffffff 00af9a00 DPL=0 CS64 [-R-]
SS =0030 0000000000000000 ffffffff 00cf9300 DPL=0 DS   [-WA]
DS =0030 0000000000000000 ffffffff 00cf9300 DPL=0 DS   [-WA]
FS =0030 0000000000000000 ffffffff 00cf9300 DPL=0 DS   [-WA]
GS =0030 0000000000000000 ffffffff 00cf9300 DPL=0 DS   [-WA]
LDT=0000 0000000000000000 0000ffff 00008200 DPL=0 LDT
TR =0000 0000000000000000 0000ffff 00008b00 DPL=0 TSS64-busy
GDT=     00000000bf9de000 00000047
IDT=     00000000bf4d2018 00000fff
CR0=80010033 CR2=0000000000000000 CR3=00000000bfc01000 CR4=00000668
DR0=0000000000000000 DR1=0000000000000000 DR2=0000000000000000 DR3=0000000000000000 
DR6=00000000ffff0ff0 DR7=0000000000000400
CCS=0000000000000091 CCD=fffffffffffffffe CCO=EFLAGS
EFER=0000000000000d00
Servicing hardware INT=0x20
   637: v=20 e=0000 i=0 cpl=0 IP=0038:00000000beca28e6 pc=00000000beca28e6 SP=0030:00000000bfec1e00 env->regs[R_EAX]=0000000000001c99
RAX=0000000000001c99 RBX=00000000008266c0 RCX=000000000000b008 RDX=000000000000b008
RSI=000000000004baf0 RDI=0000000000000000 RBP=00000000be210000 RSP=00000000bfec1e00
R8 =0000000000824a27 R9 =00000000000003f6 R10=0000000000000000 R11=0000000000000000
R12=0000000000002710 R13=0000000000000000 R14=00000000be8a23d4 R15=0000000000000011
RIP=00000000beca28e6 RFL=00000206 [-----P-] CPL=0 II=0 A20=1 SMM=0 HLT=0
ES =0030 0000000000000000 ffffffff 00cf9300 DPL=0 DS   [-WA]
CS =0038 0000000000000000 ffffffff 00af9a00 DPL=0 CS64 [-R-]
SS =0030 0000000000000000 ffffffff 00cf9300 DPL=0 DS   [-WA]
DS =0030 0000000000000000 ffffffff 00cf9300 DPL=0 DS   [-WA]
FS =0030 0000000000000000 ffffffff 00cf9300 DPL=0 DS   [-WA]
GS =0030 0000000000000000 ffffffff 00cf9300 DPL=0 DS   [-WA]
LDT=0000 0000000000000000 0000ffff 00008200 DPL=0 LDT
TR =0000 0000000000000000 0000ffff 00008b00 DPL=0 TSS64-busy
GDT=     00000000bf9de000 00000047
IDT=     00000000bf4d2018 00000fff
CR0=80010033 CR2=0000000000000000 CR3=00000000bfc01000 CR4=00000668
DR0=0000000000000000 DR1=0000000000000000 DR2=0000000000000000 DR3=0000000000000000 
DR6=00000000ffff0ff0 DR7=0000000000000400
CCS=0000000000000004 CCD=0000000000001c99 CCO=EFLAGS
EFER=0000000000000d00
Servicing hardware INT=0x20
   638: v=20 e=0000 i=0 cpl=0 IP=0038:00000000beca2896 pc=00000000beca2896 SP=0030:00000000bfec1d50 env->regs[R_EAX]=000000000082d6e3
RAX=000000000082d6e3 RBX=0000000000000000 RCX=000000000000b008 RDX=000000000000b008
RSI=000000000004baf0 RDI=0000000000000000 RBP=00000000be210000 RSP=00000000bfec1d50
R8 =000000000082d5ea R9 =00000000000003f6 R10=0000000000000000 R11=0000000000000000
R12=000000000000b008 R13=0000000000000000 R14=00000000be8a23d4 R15=0000000000000011
RIP=00000000beca2896 RFL=00000293 [--S-A-C] CPL=0 II=0 A20=1 SMM=0 HLT=0
ES =0030 0000000000000000 ffffffff 00cf9300 DPL=0 DS   [-WA]
CS =0038 0000000000000000 ffffffff 00af9a00 DPL=0 CS64 [-R-]
SS =0030 0000000000000000 ffffffff 00cf9300 DPL=0 DS   [-WA]
DS =0030 0000000000000000 ffffffff 00cf9300 DPL=0 DS   [-WA]
FS =0030 0000000000000000 ffffffff 00cf9300 DPL=0 DS   [-WA]
GS =0030 0000000000000000 ffffffff 00cf9300 DPL=0 DS   [-WA]
LDT=0000 0000000000000000 0000ffff 00008200 DPL=0 LDT
TR =0000 0000000000000000 0000ffff 00008b00 DPL=0 TSS64-busy
GDT=     00000000bf9de000 00000047
IDT=     00000000bf4d2018 00000fff
CR0=80010033 CR2=0000000000000000 CR3=00000000bfc01000 CR4=00000668
DR0=0000000000000000 DR1=0000000000000000 DR2=0000000000000000 DR3=0000000000000000 
DR6=00000000ffff0ff0 DR7=0000000000000400
CCS=0000000000000091 CCD=fffffffffffffffe CCO=EFLAGS
EFER=0000000000000d00
Servicing hardware INT=0x20
   639: v=20 e=0000 i=0 cpl=0 IP=0038:00000000beca2896 pc=00000000beca2896 SP=0030:00000000bfec1da0 env->regs[R_EAX]=00000000008362bc
RAX=00000000008362bc RBX=0000000000000000 RCX=000000000000b008 RDX=000000000000b008
RSI=000000000004baf0 RDI=0000000000000000 RBP=00000000be210000 RSP=00000000bfec1da0
R8 =00000000008361b8 R9 =00000000000003f6 R10=0000000000000000 R11=0000000000000000
R12=000000000000b008 R13=0000000000000000 R14=00000000be8a23d4 R15=0000000000000011
RIP=00000000beca2896 RFL=00000293 [--S-A-C] CPL=0 II=0 A20=1 SMM=0 HLT=0
ES =0030 0000000000000000 ffffffff 00cf9300 DPL=0 DS   [-WA]
CS =0038 0000000000000000 ffffffff 00af9a00 DPL=0 CS64 [-R-]
SS =0030 0000000000000000 ffffffff 00cf9300 DPL=0 DS   [-WA]
DS =0030 0000000000000000 ffffffff 00cf9300 DPL=0 DS   [-WA]
FS =0030 0000000000000000 ffffffff 00cf9300 DPL=0 DS   [-WA]
GS =0030 0000000000000000 ffffffff 00cf9300 DPL=0 DS   [-WA]
LDT=0000 0000000000000000 0000ffff 00008200 DPL=0 LDT
TR =0000 0000000000000000 0000ffff 00008b00 DPL=0 TSS64-busy
GDT=     00000000bf9de000 00000047
IDT=     00000000bf4d2018 00000fff
CR0=80010033 CR2=0000000000000000 CR3=00000000bfc01000 CR4=00000668
DR0=0000000000000000 DR1=0000000000000000 DR2=0000000000000000 DR3=0000000000000000 
DR6=00000000ffff0ff0 DR7=0000000000000400
CCS=0000000000000091 CCD=fffffffffffffffe CCO=EFLAGS
EFER=0000000000000d00
Servicing hardware INT=0x20
   640: v=20 e=0000 i=0 cpl=0 IP=0038:00000000beca28e6 pc=00000000beca28e6 SP=0030:00000000bfec1db0 env->regs[R_EAX]=000000000000580e
RAX=000000000000580e RBX=0000000000844595 RCX=000000000000b008 RDX=000000000000b008
RSI=000000000004baf0 RDI=0000000000000000 RBP=00000000be210000 RSP=00000000bfec1db0
R8 =000000000083ed87 R9 =00000000000003f6 R10=0000000000000000 R11=0000000000000000
R12=0000000000002710 R13=0000000000000000 R14=00000000be8a23d4 R15=0000000000000011
RIP=00000000beca28e6 RFL=00000202 [-------] CPL=0 II=0 A20=1 SMM=0 HLT=0
ES =0030 0000000000000000 ffffffff 00cf9300 DPL=0 DS   [-WA]
CS =0038 0000000000000000 ffffffff 00af9a00 DPL=0 CS64 [-R-]
SS =0030 0000000000000000 ffffffff 00cf9300 DPL=0 DS   [-WA]
DS =0030 0000000000000000 ffffffff 00cf9300 DPL=0 DS   [-WA]
FS =0030 0000000000000000 ffffffff 00cf9300 DPL=0 DS   [-WA]
GS =0030 0000000000000000 ffffffff 00cf9300 DPL=0 DS   [-WA]
LDT=0000 0000000000000000 0000ffff 00008200 DPL=0 LDT
TR =0000 0000000000000000 0000ffff 00008b00 DPL=0 TSS64-busy
GDT=     00000000bf9de000 00000047
IDT=     00000000bf4d2018 00000fff
CR0=80010033 CR2=0000000000000000 CR3=00000000bfc01000 CR4=00000668
DR0=0000000000000000 DR1=0000000000000000 DR2=0000000000000000 DR3=0000000000000000 
DR6=00000000ffff0ff0 DR7=0000000000000400
CCS=0000000000000000 CCD=000000000000580e CCO=EFLAGS
EFER=0000000000000d00
Servicing hardware INT=0x20
   641: v=20 e=0000 i=0 cpl=0 IP=0038:00000000beca28e6 pc=00000000beca28e6 SP=0030:00000000bfec1e00 env->regs[R_EAX]=0000000000006a59
RAX=0000000000006a59 RBX=000000000084e3bd RCX=000000000000b008 RDX=000000000000b008
RSI=000000000004baf0 RDI=0000000000000000 RBP=00000000be210000 RSP=00000000bfec1e00
R8 =0000000000847964 R9 =00000000000003f6 R10=0000000000000000 R11=0000000000000000
R12=0000000000002710 R13=0000000000000000 R14=00000000be8a23d4 R15=0000000000000011
RIP=00000000beca28e6 RFL=00000206 [-----P-] CPL=0 II=0 A20=1 SMM=0 HLT=0
ES =0030 0000000000000000 ffffffff 00cf9300 DPL=0 DS   [-WA]
CS =0038 0000000000000000 ffffffff 00af9a00 DPL=0 CS64 [-R-]
SS =0030 0000000000000000 ffffffff 00cf9300 DPL=0 DS   [-WA]
DS =0030 0000000000000000 ffffffff 00cf9300 DPL=0 DS   [-WA]
FS =0030 0000000000000000 ffffffff 00cf9300 DPL=0 DS   [-WA]
GS =0030 0000000000000000 ffffffff 00cf9300 DPL=0 DS   [-WA]
LDT=0000 0000000000000000 0000ffff 00008200 DPL=0 LDT
TR =0000 0000000000000000 0000ffff 00008b00 DPL=0 TSS64-busy
GDT=     00000000bf9de000 00000047
IDT=     00000000bf4d2018 00000fff
CR0=80010033 CR2=0000000000000000 CR3=00000000bfc01000 CR4=00000668
DR0=0000000000000000 DR1=0000000000000000 DR2=0000000000000000 DR3=0000000000000000 
DR6=00000000ffff0ff0 DR7=0000000000000400
CCS=0000000000000004 CCD=0000000000006a59 CCO=EFLAGS
EFER=0000000000000d00
Servicing hardware INT=0x20
   642: v=20 e=0000 i=0 cpl=0 IP=0038:00000000beca2896 pc=00000000beca2896 SP=0030:00000000bfec1da0 env->regs[R_EAX]=00000000008505bf
RAX=00000000008505bf RBX=0000000000000000 RCX=000000000000b008 RDX=000000000000b008
RSI=000000000004baf0 RDI=0000000000000000 RBP=00000000be210000 RSP=00000000bfec1da0
R8 =000000000085052f R9 =00000000000003f6 R10=0000000000000000 R11=0000000000000000
R12=000000000000b008 R13=0000000000000000 R14=00000000be8a23d4 R15=0000000000000011
RIP=00000000beca2896 RFL=00000293 [--S-A-C] CPL=0 II=0 A20=1 SMM=0 HLT=0
ES =0030 0000000000000000 ffffffff 00cf9300 DPL=0 DS   [-WA]
CS =0038 0000000000000000 ffffffff 00af9a00 DPL=0 CS64 [-R-]
SS =0030 0000000000000000 ffffffff 00cf9300 DPL=0 DS   [-WA]
DS =0030 0000000000000000 ffffffff 00cf9300 DPL=0 DS   [-WA]
FS =0030 0000000000000000 ffffffff 00cf9300 DPL=0 DS   [-WA]
GS =0030 0000000000000000 ffffffff 00cf9300 DPL=0 DS   [-WA]
LDT=0000 0000000000000000 0000ffff 00008200 DPL=0 LDT
TR =0000 0000000000000000 0000ffff 00008b00 DPL=0 TSS64-busy
GDT=     00000000bf9de000 00000047
IDT=     00000000bf4d2018 00000fff
CR0=80010033 CR2=0000000000000000 CR3=00000000bfc01000 CR4=00000668
DR0=0000000000000000 DR1=0000000000000000 DR2=0000000000000000 DR3=0000000000000000 
DR6=00000000ffff0ff0 DR7=0000000000000400
CCS=0000000000000091 CCD=fffffffffffffffe CCO=EFLAGS
EFER=0000000000000d00
Servicing hardware INT=0x20
   643: v=20 e=0000 i=0 cpl=0 IP=0038:00000000bf4cb4da pc=00000000bf4cb4da SP=0030:00000000bfec1df0 env->regs[R_EAX]=0000000000000000
RAX=0000000000000000 RBX=0000000000000000 RCX=0000000000000000 RDX=00000000000001f1
RSI=0000000000000001 RDI=0000000000000001 RBP=00000000bfec1f30 RSP=00000000bfec1df0
R8 =00000000bfec1f30 R9 =00000000000001f1 R10=0000000000000000 R11=0000000000000000
R12=00000000000001f1 R13=0000000000000001 R14=0000000000000001 R15=00000000bf4cc2a8
RIP=00000000bf4cb4da RFL=00000293 [--S-A-C] CPL=0 II=0 A20=1 SMM=0 HLT=0
ES =0030 0000000000000000 ffffffff 00cf9300 DPL=0 DS   [-WA]
CS =0038 0000000000000000 ffffffff 00af9a00 DPL=0 CS64 [-R-]
SS =0030 0000000000000000 ffffffff 00cf9300 DPL=0 DS   [-WA]
DS =0030 0000000000000000 ffffffff 00cf9300 DPL=0 DS   [-WA]
FS =0030 0000000000000000 ffffffff 00cf9300 DPL=0 DS   [-WA]
GS =0030 0000000000000000 ffffffff 00cf9300 DPL=0 DS   [-WA]
LDT=0000 0000000000000000 0000ffff 00008200 DPL=0 LDT
TR =0000 0000000000000000 0000ffff 00008b00 DPL=0 TSS64-busy
GDT=     00000000bf9de000 00000047
IDT=     00000000bf4d2018 00000fff
CR0=80010033 CR2=0000000000000000 CR3=00000000bfc01000 CR4=00000668
DR0=0000000000000000 DR1=0000000000000000 DR2=0000000000000000 DR3=0000000000000000 
DR6=00000000ffff0ff0 DR7=0000000000000400
CCS=0000000000000091 CCD=fffffffffffffffe CCO=EFLAGS
EFER=0000000000000d00
Servicing hardware INT=0x20
   644: v=20 e=0000 i=0 cpl=0 IP=0038:00000000beca28e6 pc=00000000beca28e6 SP=0030:00000000bfec1f40 env->regs[R_EAX]=0000000000000af7
RAX=0000000000000af7 RBX=0000000000862783 RCX=000000000000b008 RDX=000000000000b008
RSI=000000000004baf0 RDI=0000000000000000 RBP=00000000be210000 RSP=00000000bfec1f40
R8 =0000000000861c8c R9 =00000000000003f6 R10=0000000000000000 R11=0000000000000000
R12=0000000000002710 R13=0000000000000000 R14=00000000be8a23d4 R15=0000000000000011
RIP=00000000beca28e6 RFL=00000202 [-------] CPL=0 II=0 A20=1 SMM=0 HLT=0
ES =0030 0000000000000000 ffffffff 00cf9300 DPL=0 DS   [-WA]
CS =0038 0000000000000000 ffffffff 00af9a00 DPL=0 CS64 [-R-]
SS =0030 0000000000000000 ffffffff 00cf9300 DPL=0 DS   [-WA]
DS =0030 0000000000000000 ffffffff 00cf9300 DPL=0 DS   [-WA]
FS =0030 0000000000000000 ffffffff 00cf9300 DPL=0 DS   [-WA]
GS =0030 0000000000000000 ffffffff 00cf9300 DPL=0 DS   [-WA]
LDT=0000 0000000000000000 0000ffff 00008200 DPL=0 LDT
TR =0000 0000000000000000 0000ffff 00008b00 DPL=0 TSS64-busy
GDT=     00000000bf9de000 00000047
IDT=     00000000bf4d2018 00000fff
CR0=80010033 CR2=0000000000000000 CR3=00000000bfc01000 CR4=00000668
DR0=0000000000000000 DR1=0000000000000000 DR2=0000000000000000 DR3=0000000000000000 
DR6=00000000ffff0ff0 DR7=0000000000000400
CCS=0000000000000000 CCD=0000000000000af7 CCO=EFLAGS
EFER=0000000000000d00
Servicing hardware INT=0x20
   645: v=20 e=0000 i=0 cpl=0 IP=0038:00000000beca28e6 pc=00000000beca28e6 SP=0030:00000000bfec21b0 env->regs[R_EAX]=0000000000002eb3
RAX=0000000000002eb3 RBX=000000000086d6bc RCX=000000000000b008 RDX=000000000000b008
RSI=000000000004baf1 RDI=0000000000000000 RBP=00000000be210000 RSP=00000000bfec21b0
R8 =000000000086a809 R9 =00000000000003f6 R10=0000000000000000 R11=0000000000000000
R12=0000000000002710 R13=0000000000000000 R14=00000000be8a23d4 R15=0000000000000011
RIP=00000000beca28e6 RFL=00000202 [-------] CPL=0 II=0 A20=1 SMM=0 HLT=0
ES =0030 0000000000000000 ffffffff 00cf9300 DPL=0 DS   [-WA]
CS =0038 0000000000000000 ffffffff 00af9a00 DPL=0 CS64 [-R-]
SS =0030 0000000000000000 ffffffff 00cf9300 DPL=0 DS   [-WA]
DS =0030 0000000000000000 ffffffff 00cf9300 DPL=0 DS   [-WA]
FS =0030 0000000000000000 ffffffff 00cf9300 DPL=0 DS   [-WA]
GS =0030 0000000000000000 ffffffff 00cf9300 DPL=0 DS   [-WA]
LDT=0000 0000000000000000 0000ffff 00008200 DPL=0 LDT
TR =0000 0000000000000000 0000ffff 00008b00 DPL=0 TSS64-busy
GDT=     00000000bf9de000 00000047
IDT=     00000000bf4d2018 00000fff
CR0=80010033 CR2=0000000000000000 CR3=00000000bfc01000 CR4=00000668
DR0=0000000000000000 DR1=0000000000000000 DR2=0000000000000000 DR3=0000000000000000 
DR6=00000000ffff0ff0 DR7=0000000000000400
CCS=0000000000000000 CCD=0000000000002eb3 CCO=EFLAGS
EFER=0000000000000d00
Servicing hardware INT=0x20
   646: v=20 e=0000 i=0 cpl=0 IP=0038:00000000bf4cb4da pc=00000000bf4cb4da SP=0030:00000000bfec22b0 env->regs[R_EAX]=0000000000000008
RAX=0000000000000008 RBX=0000000000000000 RCX=0000000000000000 RDX=00000000000003c9
RSI=0000000000000001 RDI=0000000000000001 RBP=00000000bfec23cc RSP=00000000bfec22b0
R8 =00000000bfec23cc R9 =00000000000003c9 R10=0000000000000000 R11=00000000000a0000
R12=00000000000003c9 R13=0000000000000001 R14=0000000000000001 R15=00000000bf4cc2a8
RIP=00000000bf4cb4da RFL=00000293 [--S-A-C] CPL=0 II=0 A20=1 SMM=0 HLT=0
ES =0030 0000000000000000 ffffffff 00cf9300 DPL=0 DS   [-WA]
CS =0038 0000000000000000 ffffffff 00af9a00 DPL=0 CS64 [-R-]
SS =0030 0000000000000000 ffffffff 00cf9300 DPL=0 DS   [-WA]
DS =0030 0000000000000000 ffffffff 00cf9300 DPL=0 DS   [-WA]
FS =0030 0000000000000000 ffffffff 00cf9300 DPL=0 DS   [-WA]
GS =0030 0000000000000000 ffffffff 00cf9300 DPL=0 DS   [-WA]
LDT=0000 0000000000000000 0000ffff 00008200 DPL=0 LDT
TR =0000 0000000000000000 0000ffff 00008b00 DPL=0 TSS64-busy
GDT=     00000000bf9de000 00000047
IDT=     00000000bf4d2018 00000fff
CR0=80010033 CR2=0000000000000000 CR3=00000000bfc01000 CR4=00000668
DR0=0000000000000000 DR1=0000000000000000 DR2=0000000000000000 DR3=0000000000000000 
DR6=00000000ffff0ff0 DR7=0000000000000400
CCS=0000000000000091 CCD=fffffffffffffffe CCO=EFLAGS
EFER=0000000000000d00
Servicing hardware INT=0x20
   647: v=20 e=0000 i=0 cpl=0 IP=0038:00000000bf4cb92e pc=00000000bf4cb92e SP=0030:00000000bfec2300 env->regs[R_EAX]=0000000000000000
RAX=0000000000000000 RBX=00000000c02fae48 RCX=0000000000000002 RDX=00000000bf4cc8d8
RSI=0000000000000002 RDI=00000000bf4cc184 RBP=00000000bfec243c RSP=00000000bfec2300
R8 =00000000bfec243c R9 =00000000c0000000 R10=00000000000fffff R11=000000000000000a
R12=000000000004146e R13=0000000000000000 R14=0000000000000004 R15=0000000000000000
RIP=00000000bf4cb92e RFL=00000202 [-------] CPL=0 II=0 A20=1 SMM=0 HLT=0
ES =0030 0000000000000000 ffffffff 00cf9300 DPL=0 DS   [-WA]
CS =0038 0000000000000000 ffffffff 00af9a00 DPL=0 CS64 [-R-]
SS =0030 0000000000000000 ffffffff 00cf9300 DPL=0 DS   [-WA]
DS =0030 0000000000000000 ffffffff 00cf9300 DPL=0 DS   [-WA]
FS =0030 0000000000000000 ffffffff 00cf9300 DPL=0 DS   [-WA]
GS =0030 0000000000000000 ffffffff 00cf9300 DPL=0 DS   [-WA]
LDT=0000 0000000000000000 0000ffff 00008200 DPL=0 LDT
TR =0000 0000000000000000 0000ffff 00008b00 DPL=0 TSS64-busy
GDT=     00000000bf9de000 00000047
IDT=     00000000bf4d2018 00000fff
CR0=80010033 CR2=0000000000000000 CR3=00000000bfc01000 CR4=00000668
DR0=0000000000000000 DR1=0000000000000000 DR2=0000000000000000 DR3=0000000000000000 
DR6=00000000ffff0ff0 DR7=0000000000000400
CCS=0000000000000000 CCD=000000000004146e CCO=EFLAGS
EFER=0000000000000d00
Servicing hardware INT=0x20
   648: v=20 e=0000 i=0 cpl=0 IP=0038:00000000beb0473a pc=00000000beb0473a SP=0030:00000000bfec2390 env->regs[R_EAX]=0000000000000000
RAX=0000000000000000 RBX=00000000007e9000 RCX=0000000000070001 RDX=00000000c0000000
RSI=0000000000000004 RDI=00000000c0628ffc RBP=0000000000000000 RSP=00000000bfec2390
R8 =0000000000000000 R9 =0000000000000000 R10=00000000bfec23fc R11=000000000000000a
R12=0000000000000000 R13=00000000c07e9000 R14=00000000bebdc100 R15=00000000bebdb018
RIP=00000000beb0473a RFL=00010246 [---Z-P-] CPL=0 II=0 A20=1 SMM=0 HLT=0
ES =0030 0000000000000000 ffffffff 00cf9300 DPL=0 DS   [-WA]
CS =0038 0000000000000000 ffffffff 00af9a00 DPL=0 CS64 [-R-]
SS =0030 0000000000000000 ffffffff 00cf9300 DPL=0 DS   [-WA]
DS =0030 0000000000000000 ffffffff 00cf9300 DPL=0 DS   [-WA]
FS =0030 0000000000000000 ffffffff 00cf9300 DPL=0 DS   [-WA]
GS =0030 0000000000000000 ffffffff 00cf9300 DPL=0 DS   [-WA]
LDT=0000 0000000000000000 0000ffff 00008200 DPL=0 LDT
TR =0000 0000000000000000 0000ffff 00008b00 DPL=0 TSS64-busy
GDT=     00000000bf9de000 00000047
IDT=     00000000bf4d2018 00000fff
CR0=80010033 CR2=0000000000000000 CR3=00000000bfc01000 CR4=00000668
DR0=0000000000000000 DR1=0000000000000000 DR2=0000000000000000 DR3=0000000000000000 
DR6=00000000ffff0ff0 DR7=0000000000000400
CCS=0000000000000044 CCD=0000000000000000 CCO=EFLAGS
EFER=0000000000000d00
Servicing hardware INT=0x20
   649: v=20 e=0000 i=0 cpl=0 IP=0038:00000000be233df0 pc=00000000be233df0 SP=0030:00000000bfec24e0 env->regs[R_EAX]=0000000000000344
RAX=0000000000000344 RBX=00000000bfe5a000 RCX=00000000c061f800 RDX=000000000000055c
RSI=0000000000000016 RDI=00000000bfe5a000 RBP=00000000bfec24e0 RSP=00000000bfec24e0
R8 =0000000000000000 R9 =0000000000000000 R10=00000000bfec23fc R11=000000000000000a
R12=0000000000000020 R13=0000000000000438 R14=00000000bebdc0b8 R15=00000000be266218
RIP=00000000be233df0 RFL=00000283 [--S---C] CPL=0 II=0 A20=1 SMM=0 HLT=0
ES =0030 0000000000000000 ffffffff 00cf9300 DPL=0 DS   [-WA]
CS =0038 0000000000000000 ffffffff 00af9a00 DPL=0 CS64 [-R-]
SS =0030 0000000000000000 ffffffff 00cf9300 DPL=0 DS   [-WA]
DS =0030 0000000000000000 ffffffff 00cf9300 DPL=0 DS   [-WA]
FS =0030 0000000000000000 ffffffff 00cf9300 DPL=0 DS   [-WA]
GS =0030 0000000000000000 ffffffff 00cf9300 DPL=0 DS   [-WA]
LDT=0000 0000000000000000 0000ffff 00008200 DPL=0 LDT
TR =0000 0000000000000000 0000ffff 00008b00 DPL=0 TSS64-busy
GDT=     00000000bf9de000 00000047
IDT=     00000000bf4d2018 00000fff
CR0=80010033 CR2=0000000000000000 CR3=00000000bfc01000 CR4=00000668
DR0=0000000000000000 DR1=0000000000000000 DR2=0000000000000000 DR3=0000000000000000 
DR6=00000000ffff0ff0 DR7=0000000000000400
CCS=0000000000000081 CCD=fffffffffffffddc CCO=EFLAGS
EFER=0000000000000d00
Servicing hardware INT=0x20
   650: v=20 e=0000 i=0 cpl=0 IP=0038:00000000bfec4026 pc=00000000bfec4026 SP=0030:00000000bfec2330 env->regs[R_EAX]=00000000bfeea068
RAX=00000000bfeea068 RBX=0000000000000005 RCX=00000000be220108 RDX=00000000bfeea068
RSI=00000000bfeea040 RDI=0000000000001000 RBP=0000000000000050 RSP=00000000bfec2330
R8 =00000000bfec2498 R9 =00000000bfec2538 R10=0000000000000204 R11=00000000000a0000
R12=0000000000000080 R13=0000000000000004 R14=00000000be220100 R15=00000000bfeea000
RIP=00000000bfec4026 RFL=00000202 [-------] CPL=0 II=0 A20=1 SMM=0 HLT=0
ES =0030 0000000000000000 ffffffff 00cf9300 DPL=0 DS   [-WA]
CS =0038 0000000000000000 ffffffff 00af9a00 DPL=0 CS64 [-R-]
SS =0030 0000000000000000 ffffffff 00cf9300 DPL=0 DS   [-WA]
DS =0030 0000000000000000 ffffffff 00cf9300 DPL=0 DS   [-WA]
FS =0030 0000000000000000 ffffffff 00cf9300 DPL=0 DS   [-WA]
GS =0030 0000000000000000 ffffffff 00cf9300 DPL=0 DS   [-WA]
LDT=0000 0000000000000000 0000ffff 00008200 DPL=0 LDT
TR =0000 0000000000000000 0000ffff 00008b00 DPL=0 TSS64-busy
GDT=     00000000bf9de000 00000047
IDT=     00000000bf4d2018 00000fff
CR0=80010033 CR2=0000000000000000 CR3=00000000bfc01000 CR4=00000668
DR0=0000000000000000 DR1=0000000000000000 DR2=0000000000000000 DR3=0000000000000000 
DR6=00000000ffff0ff0 DR7=0000000000000400
CCS=0000000000000000 CCD=00000000bfec2320 CCO=EFLAGS
EFER=0000000000000d00
